episode_id,time_s,phase,setpoint_mm,steam_demand_pct,drum_level_mm,level_error_mm,pressure_bar,temperature_c,steam_flow,feedwater_flow,valve_position_pct,pid_p,pid_i,pid_d,feedforward_pct,valve_command_pct,active_alarm_tags
sp400_load025,0.1,baseline,500.0,60.0,500.0,0.0,165.0,540.04,60.0,60.0,50.0,0.0,0.0,0.0,50.0,50.0,
sp400_load025,0.2,baseline,500.0,60.0,500.0,0.0,165.0,540.0792,60.0,60.0,50.0,0.0,0.0,0.0,50.0,50.0,
sp400_load025,0.3,baseline,500.0,60.0,500.0,0.0,165.0,540.1176,60.0,60.0,50.0,0.0,0.0,0.0,50.0,50.0,
sp400_load025,0.4,baseline,500.0,60.0,500.0,0.0,165.0,540.1553,60.0,60.0,50.0,0.0,0.0,0.0,50.0,50.0,
sp400_load025,0.5,baseline,500.0,60.0,500.0,0.0,165.0,540.1922,60.0,60.0,50.0,0.0,0.0,0.0,50.0,50.0,
sp400_load025,0.6,baseline,500.0,60.0,500.0,0.0,165.0,540.2283,60.0,60.0,50.0,0.0,0.0,0.0,50.0,50.0,
sp400_load025,0.7,baseline,500.0,60.0,500.0,0.0,165.0,540.2637,60.0,60.0,50.0,0.0,0.0,0.0,50.0,50.0,
sp400_load025,0.8,baseline,500.0,60.0,500.0,0.0,165.0,540.2985,60.0,60.0,50.0,0.0,0.0,0.0,50.0,50.0,
sp400_load025,0.9,baseline,500.0,60.0,500.0,0.0,165.0,540.3325,60.0,60.0,50.0,0.0,0.0,0.0,50.0,50.0,
sp400_load025,1.0,baseline,500.0,60.0,500.0,0.0,165.0,540.3659,60.0,60.0,50.0,0.0,0.0,0.0,50.0,50.0,
sp400_load025,1.1,baseline,500.0,60.0,500.0,0.0,165.0,540.3985,60.0,60.0,50.0,0.0,0.0,0.0,50.0,50.0,
sp400_load025,1.2,baseline,500.0,60.0,500.0,0.0,165.0,540.4306,60.0,60.0,50.0,0.0,0.0,0.0,50.0,50.0,
sp400_load025,1.3,baseline,500.0,60.0,500.0,0.0,165.0,540.462,60.0,60.0,50.0,0.0,0.0,0.0,50.0,50.0,
sp400_load025,1.4,baseline,500.0,60.0,500.0,0.0,165.0,540.4927,60.0,60.0,50.0,0.0,0.0,0.0,50.0,50.0,
sp400_load025,1.5,baseline,500.0,60.0,500.0,0.0,165.0,540.5229,60.0,60.0,50.0,0.0,0.0,0.0,50.0,50.0,
sp400_load025,1.6,baseline,500.0,60.0,500.0,0.0,165.0,540.5524,60.0,60.0,50.0,0.0,0.0,0.0,50.0,50.0,
sp400_load025,1.7,baseline,500.0,60.0,500.0,0.0,165.0,540.5814,60.0,60.0,50.0,0.0,0.0,0.0,50.0,50.0,
sp400_load025,1.8,baseline,500.0,60.0,500.0,0.0,165.0,540.6097,60.0,60.0,50.0,0.0,0.0,0.0,50.0,50.0,
sp400_load025,1.9,baseline,500.0,60.0,500.0,0.0,165.0,540.6375,60.0,60.0,50.0,0.0,0.0,0.0,50.0,50.0,
sp400_load025,2.0,baseline,500.0,60.0,500.0,0.0,165.0,540.6648,60.0,60.0,50.0,0.0,0.0,0.0,50.0,50.0,
sp400_load025,2.1,baseline,500.0,60.0,500.0,0.0,165.0,540.6915,60.0,60.0,50.0,0.0,0.0,0.0,50.0,50.0,
sp400_load025,2.2,baseline,500.0,60.0,500.0,0.0,165.0,540.7177,60.0,60.0,50.0,0.0,0.0,0.0,50.0,50.0,
sp400_load025,2.3,baseline,500.0,60.0,500.0,0.0,165.0,540.7433,60.0,60.0,50.0,0.0,0.0,0.0,50.0,50.0,
sp400_load025,2.4,baseline,500.0,60.0,500.0,0.0,165.0,540.7684,60.0,60.0,50.0,0.0,0.0,0.0,50.0,50.0,
sp400_load025,2.5,baseline,500.0,60.0,500.0,0.0,165.0,540.7931,60.0,60.0,50.0,0.0,0.0,0.0,50.0,50.0,
sp400_load025,2.6,baseline,500.0,60.0,500.0,0.0,165.0,540.8172,60.0,60.0,50.0,0.0,0.0,0.0,50.0,50.0,
sp400_load025,2.7,baseline,500.0,60.0,500.0,0.0,165.0,540.8409,60.0,60.0,50.0,0.0,0.0,0.0,50.0,50.0,
sp400_load025,2.8,baseline,500.0,60.0,500.0,0.0,165.0,540.864,60.0,60.0,50.0,0.0,0.0,0.0,50.0,50.0,
sp400_load025,2.9,baseline,500.0,60.0,500.0,0.0,165.0,540.8868,60.0,60.0,50.0,0.0,0.0,0.0,50.0,50.0,
sp400_load025,3.0,baseline,500.0,60.0,500.0,0.0,165.0,540.909,60.0,60.0,50.0,0.0,0.0,0.0,50.0,50.0,
sp400_load025,3.1,baseline,500.0,60.0,500.0,0.0,165.0,540.9309,60.0,60.0,50.0,0.0,0.0,0.0,50.0,50.0,
sp400_load025,3.2,baseline,500.0,60.0,500.0,0.0,165.0,540.9522,60.0,60.0,50.0,0.0,0.0,0.0,50.0,50.0,
sp400_load025,3.3,baseline,500.0,60.0,500.0,0.0,165.0,540.9732,60.0,60.0,50.0,0.0,0.0,0.0,50.0,50.0,
sp400_load025,3.4,baseline,500.0,60.0,500.0,0.0,165.0,540.9937,60.0,60.0,50.0,0.0,0.0,0.0,50.0,50.0,
sp400_load025,3.5,baseline,500.0,60.0,500.0,0.0,165.0,541.0139,60.0,60.0,50.0,0.0,0.0,0.0,50.0,50.0,
sp400_load025,3.6,baseline,500.0,60.0,500.0,0.0,165.0,541.0336,60.0,60.0,50.0,0.0,0.0,0.0,50.0,50.0,
sp400_load025,3.7,baseline,500.0,60.0,500.0,0.0,165.0,541.0529,60.0,60.0,50.0,0.0,0.0,0.0,50.0,50.0,
sp400_load025,3.8,baseline,500.0,60.0,500.0,0.0,165.0,541.0718,60.0,60.0,50.0,0.0,0.0,0.0,50.0,50.0,
sp400_load025,3.9,baseline,500.0,60.0,500.0,0.0,165.0,541.0904,60.0,60.0,50.0,0.0,0.0,0.0,50.0,50.0,
sp400_load025,4.0,baseline,500.0,60.0,500.0,0.0,165.0,541.1086,60.0,60.0,50.0,0.0,0.0,0.0,50.0,50.0,
sp400_load025,4.1,baseline,500.0,60.0,500.0,0.0,165.0,541.1264,60.0,60.0,50.0,0.0,0.0,0.0,50.0,50.0,
sp400_load025,4.2,baseline,500.0,60.0,500.0,0.0,165.0,541.1439,60.0,60.0,50.0,0.0,0.0,0.0,50.0,50.0,
sp400_load025,4.3,baseline,500.0,60.0,500.0,0.0,165.0,541.161,60.0,60.0,50.0,0.0,0.0,0.0,50.0,50.0,
sp400_load025,4.4,baseline,500.0,60.0,500.0,0.0,165.0,541.1778,60.0,60.0,50.0,0.0,0.0,0.0,50.0,50.0,
sp400_load025,4.5,baseline,500.0,60.0,500.0,0.0,165.0,541.1942,60.0,60.0,50.0,0.0,0.0,0.0,50.0,50.0,
sp400_load025,4.6,baseline,500.0,60.0,500.0,0.0,165.0,541.2104,60.0,60.0,50.0,0.0,0.0,0.0,50.0,50.0,
sp400_load025,4.7,baseline,500.0,60.0,500.0,0.0,165.0,541.2262,60.0,60.0,50.0,0.0,0.0,0.0,50.0,50.0,
sp400_load025,4.8,baseline,500.0,60.0,500.0,0.0,165.0,541.2416,60.0,60.0,50.0,0.0,0.0,0.0,50.0,50.0,
sp400_load025,4.9,baseline,500.0,60.0,500.0,0.0,165.0,541.2568,60.0,60.0,50.0,0.0,0.0,0.0,50.0,50.0,
sp400_load025,5.0,baseline,500.0,60.0,500.0,0.0,165.0,541.2717,60.0,60.0,50.0,0.0,0.0,0.0,50.0,50.0,
sp400_load025,5.1,baseline,500.0,60.0,500.0,0.0,165.0,541.2862,60.0,60.0,50.0,0.0,0.0,0.0,50.0,50.0,
sp400_load025,5.2,baseline,500.0,60.0,500.0,0.0,165.0,541.3005,60.0,60.0,50.0,0.0,0.0,0.0,50.0,50.0,
sp400_load025,5.3,baseline,500.0,60.0,500.0,0.0,165.0,541.3145,60.0,60.0,50.0,0.0,0.0,0.0,50.0,50.0,
sp400_load025,5.4,baseline,500.0,60.0,500.0,0.0,165.0,541.3282,60.0,60.0,50.0,0.0,0.0,0.0,50.0,50.0,
sp400_load025,5.5,baseline,500.0,60.0,500.0,0.0,165.0,541.3416,60.0,60.0,50.0,0.0,0.0,0.0,50.0,50.0,
sp400_load025,5.6,baseline,500.0,60.0,500.0,0.0,165.0,541.3548,60.0,60.0,50.0,0.0,0.0,0.0,50.0,50.0,
sp400_load025,5.7,baseline,500.0,60.0,500.0,0.0,165.0,541.3677,60.0,60.0,50.0,0.0,0.0,0.0,50.0,50.0,
sp400_load025,5.8,baseline,500.0,60.0,500.0,0.0,165.0,541.3804,60.0,60.0,50.0,0.0,0.0,0.0,50.0,50.0,
sp400_load025,5.9,baseline,500.0,60.0,500.0,0.0,165.0,541.3927,60.0,60.0,50.0,0.0,0.0,0.0,50.0,50.0,
sp400_load025,6.0,baseline,500.0,60.0,500.0,0.0,165.0,541.4049,60.0,60.0,50.0,0.0,0.0,0.0,50.0,50.0,
sp400_load025,6.1,baseline,500.0,60.0,500.0,0.0,165.0,541.4168,60.0,60.0,50.0,0.0,0.0,0.0,50.0,50.0,
sp400_load025,6.2,baseline,500.0,60.0,500.0,0.0,165.0,541.4285,60.0,60.0,50.0,0.0,0.0,0.0,50.0,50.0,
sp400_load025,6.3,baseline,500.0,60.0,500.0,0.0,165.0,541.4399,60.0,60.0,50.0,0.0,0.0,0.0,50.0,50.0,
sp400_load025,6.4,baseline,500.0,60.0,500.0,0.0,165.0,541.4511,60.0,60.0,50.0,0.0,0.0,0.0,50.0,50.0,
sp400_load025,6.5,baseline,500.0,60.0,500.0,0.0,165.0,541.4621,60.0,60.0,50.0,0.0,0.0,0.0,50.0,50.0,
sp400_load025,6.6,baseline,500.0,60.0,500.0,0.0,165.0,541.4728,60.0,60.0,50.0,0.0,0.0,0.0,50.0,50.0,
sp400_load025,6.7,baseline,500.0,60.0,500.0,0.0,165.0,541.4834,60.0,60.0,50.0,0.0,0.0,0.0,50.0,50.0,
sp400_load025,6.8,baseline,500.0,60.0,500.0,0.0,165.0,541.4937,60.0,60.0,50.0,0.0,0.0,0.0,50.0,50.0,
sp400_load025,6.9,baseline,500.0,60.0,500.0,0.0,165.0,541.5038,60.0,60.0,50.0,0.0,0.0,0.0,50.0,50.0,
sp400_load025,7.0,baseline,500.0,60.0,500.0,0.0,165.0,541.5138,60.0,60.0,50.0,0.0,0.0,0.0,50.0,50.0,
sp400_load025,7.1,baseline,500.0,60.0,500.0,0.0,165.0,541.5235,60.0,60.0,50.0,0.0,0.0,0.0,50.0,50.0,
sp400_load025,7.2,baseline,500.0,60.0,500.0,0.0,165.0,541.533,60.0,60.0,50.0,0.0,0.0,0.0,50.0,50.0,
sp400_load025,7.3,baseline,500.0,60.0,500.0,0.0,165.0,541.5423,60.0,60.0,50.0,0.0,0.0,0.0,50.0,50.0,
sp400_load025,7.4,baseline,500.0,60.0,500.0,0.0,165.0,541.5515,60.0,60.0,50.0,0.0,0.0,0.0,50.0,50.0,
sp400_load025,7.5,baseline,500.0,60.0,500.0,0.0,165.0,541.5605,60.0,60.0,50.0,0.0,0.0,0.0,50.0,50.0,
sp400_load025,7.6,baseline,500.0,60.0,500.0,0.0,165.0,541.5693,60.0,60.0,50.0,0.0,0.0,0.0,50.0,50.0,
sp400_load025,7.7,baseline,500.0,60.0,500.0,0.0,165.0,541.5779,60.0,60.0,50.0,0.0,0.0,0.0,50.0,50.0,
sp400_load025,7.8,baseline,500.0,60.0,500.0,0.0,165.0,541.5863,60.0,60.0,50.0,0.0,0.0,0.0,50.0,50.0,
sp400_load025,7.9,baseline,500.0,60.0,500.0,0.0,165.0,541.5946,60.0,60.0,50.0,0.0,0.0,0.0,50.0,50.0,
sp400_load025,8.0,baseline,500.0,60.0,500.0,0.0,165.0,541.6027,60.0,60.0,50.0,0.0,0.0,0.0,50.0,50.0,
sp400_load025,8.1,baseline,500.0,60.0,500.0,0.0,165.0,541.6106,60.0,60.0,50.0,0.0,0.0,0.0,50.0,50.0,
sp400_load025,8.2,baseline,500.0,60.0,500.0,0.0,165.0,541.6184,60.0,60.0,50.0,0.0,0.0,0.0,50.0,50.0,
sp400_load025,8.3,baseline,500.0,60.0,500.0,0.0,165.0,541.6261,60.0,60.0,50.0,0.0,0.0,0.0,50.0,50.0,
sp400_load025,8.4,baseline,500.0,60.0,500.0,0.0,165.0,541.6335,60.0,60.0,50.0,0.0,0.0,0.0,50.0,50.0,
sp400_load025,8.5,baseline,500.0,60.0,500.0,0.0,165.0,541.6409,60.0,60.0,50.0,0.0,0.0,0.0,50.0,50.0,
sp400_load025,8.6,baseline,500.0,60.0,500.0,0.0,165.0,541.6481,60.0,60.0,50.0,0.0,0.0,0.0,50.0,50.0,
sp400_load025,8.7,baseline,500.0,60.0,500.0,0.0,165.0,541.6551,60.0,60.0,50.0,0.0,0.0,0.0,50.0,50.0,
sp400_load025,8.8,baseline,500.0,60.0,500.0,0.0,165.0,541.662,60.0,60.0,50.0,0.0,0.0,0.0,50.0,50.0,
sp400_load025,8.9,baseline,500.0,60.0,500.0,0.0,165.0,541.6688,60.0,60.0,50.0,0.0,0.0,0.0,50.0,50.0,
sp400_load025,9.0,baseline,500.0,60.0,500.0,0.0,165.0,541.6754,60.0,60.0,50.0,0.0,0.0,0.0,50.0,50.0,
sp400_load025,9.1,baseline,500.0,60.0,500.0,0.0,165.0,541.6819,60.0,60.0,50.0,0.0,0.0,0.0,50.0,50.0,
sp400_load025,9.2,baseline,500.0,60.0,500.0,0.0,165.0,541.6882,60.0,60.0,50.0,0.0,0.0,0.0,50.0,50.0,
sp400_load025,9.3,baseline,500.0,60.0,500.0,0.0,165.0,541.6945,60.0,60.0,50.0,0.0,0.0,0.0,50.0,50.0,
sp400_load025,9.4,baseline,500.0,60.0,500.0,0.0,165.0,541.7006,60.0,60.0,50.0,0.0,0.0,0.0,50.0,50.0,
sp400_load025,9.5,baseline,500.0,60.0,500.0,0.0,165.0,541.7066,60.0,60.0,50.0,0.0,0.0,0.0,50.0,50.0,
sp400_load025,9.6,baseline,500.0,60.0,500.0,0.0,165.0,541.7124,60.0,60.0,50.0,0.0,0.0,0.0,50.0,50.0,
sp400_load025,9.7,baseline,500.0,60.0,500.0,0.0,165.0,541.7182,60.0,60.0,50.0,0.0,0.0,0.0,50.0,50.0,
sp400_load025,9.8,baseline,500.0,60.0,500.0,0.0,165.0,541.7238,60.0,60.0,50.0,0.0,0.0,0.0,50.0,50.0,
sp400_load025,9.9,baseline,500.0,60.0,500.0,0.0,165.0,541.7293,60.0,60.0,50.0,0.0,0.0,0.0,50.0,50.0,
sp400_load025,10.0,baseline,500.0,60.0,500.0,0.0,165.0,541.7348,60.0,60.0,50.0,0.0,0.0,0.0,50.0,50.0,
sp400_load025,10.1,baseline,500.0,60.0,500.0,0.0,165.0,541.7401,60.0,60.0,50.0,0.0,0.0,0.0,50.0,50.0,
sp400_load025,10.2,baseline,500.0,60.0,500.0,0.0,165.0,541.7453,60.0,60.0,50.0,0.0,0.0,0.0,50.0,50.0,
sp400_load025,10.3,baseline,500.0,60.0,500.0,0.0,165.0,541.7504,60.0,60.0,50.0,0.0,0.0,0.0,50.0,50.0,
sp400_load025,10.4,baseline,500.0,60.0,500.0,0.0,165.0,541.7554,60.0,60.0,50.0,0.0,0.0,0.0,50.0,50.0,
sp400_load025,10.5,baseline,500.0,60.0,500.0,0.0,165.0,541.7602,60.0,60.0,50.0,0.0,0.0,0.0,50.0,50.0,
sp400_load025,10.6,baseline,500.0,60.0,500.0,0.0,165.0,541.765,60.0,60.0,50.0,0.0,0.0,0.0,50.0,50.0,
sp400_load025,10.7,baseline,500.0,60.0,500.0,0.0,165.0,541.7697,60.0,60.0,50.0,0.0,0.0,0.0,50.0,50.0,
sp400_load025,10.8,baseline,500.0,60.0,500.0,0.0,165.0,541.7743,60.0,60.0,50.0,0.0,0.0,0.0,50.0,50.0,
sp400_load025,10.9,baseline,500.0,60.0,500.0,0.0,165.0,541.7789,60.0,60.0,50.0,0.0,0.0,0.0,50.0,50.0,
sp400_load025,11.0,baseline,500.0,60.0,500.0,0.0,165.0,541.7833,60.0,60.0,50.0,0.0,0.0,0.0,50.0,50.0,
sp400_load025,11.1,baseline,500.0,60.0,500.0,0.0,165.0,541.7876,60.0,60.0,50.0,0.0,0.0,0.0,50.0,50.0,
sp400_load025,11.2,baseline,500.0,60.0,500.0,0.0,165.0,541.7919,60.0,60.0,50.0,0.0,0.0,0.0,50.0,50.0,
sp400_load025,11.3,baseline,500.0,60.0,500.0,0.0,165.0,541.796,60.0,60.0,50.0,0.0,0.0,0.0,50.0,50.0,
sp400_load025,11.4,baseline,500.0,60.0,500.0,0.0,165.0,541.8001,60.0,60.0,50.0,0.0,0.0,0.0,50.0,50.0,
sp400_load025,11.5,baseline,500.0,60.0,500.0,0.0,165.0,541.8041,60.0,60.0,50.0,0.0,0.0,0.0,50.0,50.0,
sp400_load025,11.6,baseline,500.0,60.0,500.0,0.0,165.0,541.808,60.0,60.0,50.0,0.0,0.0,0.0,50.0,50.0,
sp400_load025,11.7,baseline,500.0,60.0,500.0,0.0,165.0,541.8119,60.0,60.0,50.0,0.0,0.0,0.0,50.0,50.0,
sp400_load025,11.8,baseline,500.0,60.0,500.0,0.0,165.0,541.8156,60.0,60.0,50.0,0.0,0.0,0.0,50.0,50.0,
sp400_load025,11.9,baseline,500.0,60.0,500.0,0.0,165.0,541.8193,60.0,60.0,50.0,0.0,0.0,0.0,50.0,50.0,
sp400_load025,12.0,baseline,500.0,60.0,500.0,0.0,165.0,541.8229,60.0,60.0,50.0,0.0,0.0,0.0,50.0,50.0,
sp400_load025,12.1,baseline,500.0,60.0,500.0,0.0,165.0,541.8265,60.0,60.0,50.0,0.0,0.0,0.0,50.0,50.0,
sp400_load025,12.2,baseline,500.0,60.0,500.0,0.0,165.0,541.8299,60.0,60.0,50.0,0.0,0.0,0.0,50.0,50.0,
sp400_load025,12.3,baseline,500.0,60.0,500.0,0.0,165.0,541.8333,60.0,60.0,50.0,0.0,0.0,0.0,50.0,50.0,
sp400_load025,12.4,baseline,500.0,60.0,500.0,0.0,165.0,541.8367,60.0,60.0,50.0,0.0,0.0,0.0,50.0,50.0,
sp400_load025,12.5,baseline,500.0,60.0,500.0,0.0,165.0,541.8399,60.0,60.0,50.0,0.0,0.0,0.0,50.0,50.0,
sp400_load025,12.6,baseline,500.0,60.0,500.0,0.0,165.0,541.8431,60.0,60.0,50.0,0.0,0.0,0.0,50.0,50.0,
sp400_load025,12.7,baseline,500.0,60.0,500.0,0.0,165.0,541.8463,60.0,60.0,50.0,0.0,0.0,0.0,50.0,50.0,
sp400_load025,12.8,baseline,500.0,60.0,500.0,0.0,165.0,541.8494,60.0,60.0,50.0,0.0,0.0,0.0,50.0,50.0,
sp400_load025,12.9,baseline,500.0,60.0,500.0,0.0,165.0,541.8524,60.0,60.0,50.0,0.0,0.0,0.0,50.0,50.0,
sp400_load025,13.0,baseline,500.0,60.0,500.0,0.0,165.0,541.8553,60.0,60.0,50.0,0.0,0.0,0.0,50.0,50.0,
sp400_load025,13.1,baseline,500.0,60.0,500.0,0.0,165.0,541.8582,60.0,60.0,50.0,0.0,0.0,0.0,50.0,50.0,
sp400_load025,13.2,baseline,500.0,60.0,500.0,0.0,165.0,541.861,60.0,60.0,50.0,0.0,0.0,0.0,50.0,50.0,
sp400_load025,13.3,baseline,500.0,60.0,500.0,0.0,165.0,541.8638,60.0,60.0,50.0,0.0,0.0,0.0,50.0,50.0,
sp400_load025,13.4,baseline,500.0,60.0,500.0,0.0,165.0,541.8665,60.0,60.0,50.0,0.0,0.0,0.0,50.0,50.0,
sp400_load025,13.5,baseline,500.0,60.0,500.0,0.0,165.0,541.8692,60.0,60.0,50.0,0.0,0.0,0.0,50.0,50.0,
sp400_load025,13.6,baseline,500.0,60.0,500.0,0.0,165.0,541.8718,60.0,60.0,50.0,0.0,0.0,0.0,50.0,50.0,
sp400_load025,13.7,baseline,500.0,60.0,500.0,0.0,165.0,541.8744,60.0,60.0,50.0,0.0,0.0,0.0,50.0,50.0,
sp400_load025,13.8,baseline,500.0,60.0,500.0,0.0,165.0,541.8769,60.0,60.0,50.0,0.0,0.0,0.0,50.0,50.0,
sp400_load025,13.9,baseline,500.0,60.0,500.0,0.0,165.0,541.8794,60.0,60.0,50.0,0.0,0.0,0.0,50.0,50.0,
sp400_load025,14.0,baseline,500.0,60.0,500.0,0.0,165.0,541.8818,60.0,60.0,50.0,0.0,0.0,0.0,50.0,50.0,
sp400_load025,14.1,baseline,500.0,60.0,500.0,0.0,165.0,541.8841,60.0,60.0,50.0,0.0,0.0,0.0,50.0,50.0,
sp400_load025,14.2,baseline,500.0,60.0,500.0,0.0,165.0,541.8865,60.0,60.0,50.0,0.0,0.0,0.0,50.0,50.0,
sp400_load025,14.3,baseline,500.0,60.0,500.0,0.0,165.0,541.8887,60.0,60.0,50.0,0.0,0.0,0.0,50.0,50.0,
sp400_load025,14.4,baseline,500.0,60.0,500.0,0.0,165.0,541.891,60.0,60.0,50.0,0.0,0.0,0.0,50.0,50.0,
sp400_load025,14.5,baseline,500.0,60.0,500.0,0.0,165.0,541.8931,60.0,60.0,50.0,0.0,0.0,0.0,50.0,50.0,
sp400_load025,14.6,baseline,500.0,60.0,500.0,0.0,165.0,541.8953,60.0,60.0,50.0,0.0,0.0,0.0,50.0,50.0,
sp400_load025,14.7,baseline,500.0,60.0,500.0,0.0,165.0,541.8974,60.0,60.0,50.0,0.0,0.0,0.0,50.0,50.0,
sp400_load025,14.8,baseline,500.0,60.0,500.0,0.0,165.0,541.8994,60.0,60.0,50.0,0.0,0.0,0.0,50.0,50.0,
sp400_load025,14.9,baseline,500.0,60.0,500.0,0.0,165.0,541.9014,60.0,60.0,50.0,0.0,0.0,0.0,50.0,50.0,
sp400_load025,15.0,baseline,500.0,60.0,500.0,0.0,165.0,541.9034,60.0,60.0,50.0,0.0,0.0,0.0,50.0,50.0,
sp400_load025,15.1,baseline,500.0,60.0,500.0,0.0,165.0,541.9053,60.0,60.0,50.0,0.0,0.0,0.0,50.0,50.0,
sp400_load025,15.2,baseline,500.0,60.0,500.0,0.0,165.0,541.9072,60.0,60.0,50.0,0.0,0.0,0.0,50.0,50.0,
sp400_load025,15.3,baseline,500.0,60.0,500.0,0.0,165.0,541.9091,60.0,60.0,50.0,0.0,0.0,0.0,50.0,50.0,
sp400_load025,15.4,baseline,500.0,60.0,500.0,0.0,165.0,541.9109,60.0,60.0,50.0,0.0,0.0,0.0,50.0,50.0,
sp400_load025,15.5,baseline,500.0,60.0,500.0,0.0,165.0,541.9127,60.0,60.0,50.0,0.0,0.0,0.0,50.0,50.0,
sp400_load025,15.6,baseline,500.0,60.0,500.0,0.0,165.0,541.9144,60.0,60.0,50.0,0.0,0.0,0.0,50.0,50.0,
sp400_load025,15.7,baseline,500.0,60.0,500.0,0.0,165.0,541.9161,60.0,60.0,50.0,0.0,0.0,0.0,50.0,50.0,
sp400_load025,15.8,baseline,500.0,60.0,500.0,0.0,165.0,541.9178,60.0,60.0,50.0,0.0,0.0,0.0,50.0,50.0,
sp400_load025,15.9,baseline,500.0,60.0,500.0,0.0,165.0,541.9195,60.0,60.0,50.0,0.0,0.0,0.0,50.0,50.0,
sp400_load025,16.0,baseline,500.0,60.0,500.0,0.0,165.0,541.9211,60.0,60.0,50.0,0.0,0.0,0.0,50.0,50.0,
sp400_load025,16.1,baseline,500.0,60.0,500.0,0.0,165.0,541.9227,60.0,60.0,50.0,0.0,0.0,0.0,50.0,50.0,
sp400_load025,16.2,baseline,500.0,60.0,500.0,0.0,165.0,541.9242,60.0,60.0,50.0,0.0,0.0,0.0,50.0,50.0,
sp400_load025,16.3,baseline,500.0,60.0,500.0,0.0,165.0,541.9257,60.0,60.0,50.0,0.0,0.0,0.0,50.0,50.0,
sp400_load025,16.4,baseline,500.0,60.0,500.0,0.0,165.0,541.9272,60.0,60.0,50.0,0.0,0.0,0.0,50.0,50.0,
sp400_load025,16.5,baseline,500.0,60.0,500.0,0.0,165.0,541.9287,60.0,60.0,50.0,0.0,0.0,0.0,50.0,50.0,
sp400_load025,16.6,baseline,500.0,60.0,500.0,0.0,165.0,541.9301,60.0,60.0,50.0,0.0,0.0,0.0,50.0,50.0,
sp400_load025,16.7,baseline,500.0,60.0,500.0,0.0,165.0,541.9315,60.0,60.0,50.0,0.0,0.0,0.0,50.0,50.0,
sp400_load025,16.8,baseline,500.0,60.0,500.0,0.0,165.0,541.9329,60.0,60.0,50.0,0.0,0.0,0.0,50.0,50.0,
sp400_load025,16.9,baseline,500.0,60.0,500.0,0.0,165.0,541.9342,60.0,60.0,50.0,0.0,0.0,0.0,50.0,50.0,
sp400_load025,17.0,baseline,500.0,60.0,500.0,0.0,165.0,541.9355,60.0,60.0,50.0,0.0,0.0,0.0,50.0,50.0,
sp400_load025,17.1,baseline,500.0,60.0,500.0,0.0,165.0,541.9368,60.0,60.0,50.0,0.0,0.0,0.0,50.0,50.0,
sp400_load025,17.2,baseline,500.0,60.0,500.0,0.0,165.0,541.9381,60.0,60.0,50.0,0.0,0.0,0.0,50.0,50.0,
sp400_load025,17.3,baseline,500.0,60.0,500.0,0.0,165.0,541.9393,60.0,60.0,50.0,0.0,0.0,0.0,50.0,50.0,
sp400_load025,17.4,baseline,500.0,60.0,500.0,0.0,165.0,541.9405,60.0,60.0,50.0,0.0,0.0,0.0,50.0,50.0,
sp400_load025,17.5,baseline,500.0,60.0,500.0,0.0,165.0,541.9417,60.0,60.0,50.0,0.0,0.0,0.0,50.0,50.0,
sp400_load025,17.6,baseline,500.0,60.0,500.0,0.0,165.0,541.9429,60.0,60.0,50.0,0.0,0.0,0.0,50.0,50.0,
sp400_load025,17.7,baseline,500.0,60.0,500.0,0.0,165.0,541.944,60.0,60.0,50.0,0.0,0.0,0.0,50.0,50.0,
sp400_load025,17.8,baseline,500.0,60.0,500.0,0.0,165.0,541.9451,60.0,60.0,50.0,0.0,0.0,0.0,50.0,50.0,
sp400_load025,17.9,baseline,500.0,60.0,500.0,0.0,165.0,541.9462,60.0,60.0,50.0,0.0,0.0,0.0,50.0,50.0,
sp400_load025,18.0,baseline,500.0,60.0,500.0,0.0,165.0,541.9473,60.0,60.0,50.0,0.0,0.0,0.0,50.0,50.0,
sp400_load025,18.1,baseline,500.0,60.0,500.0,0.0,165.0,541.9484,60.0,60.0,50.0,0.0,0.0,0.0,50.0,50.0,
sp400_load025,18.2,baseline,500.0,60.0,500.0,0.0,165.0,541.9494,60.0,60.0,50.0,0.0,0.0,0.0,50.0,50.0,
sp400_load025,18.3,baseline,500.0,60.0,500.0,0.0,165.0,541.9504,60.0,60.0,50.0,0.0,0.0,0.0,50.0,50.0,
sp400_load025,18.4,baseline,500.0,60.0,500.0,0.0,165.0,541.9514,60.0,60.0,50.0,0.0,0.0,0.0,50.0,50.0,
sp400_load025,18.5,baseline,500.0,60.0,500.0,0.0,165.0,541.9524,60.0,60.0,50.0,0.0,0.0,0.0,50.0,50.0,
sp400_load025,18.6,baseline,500.0,60.0,500.0,0.0,165.0,541.9533,60.0,60.0,50.0,0.0,0.0,0.0,50.0,50.0,
sp400_load025,18.7,baseline,500.0,60.0,500.0,0.0,165.0,541.9543,60.0,60.0,50.0,0.0,0.0,0.0,50.0,50.0,
sp400_load025,18.8,baseline,500.0,60.0,500.0,0.0,165.0,541.9552,60.0,60.0,50.0,0.0,0.0,0.0,50.0,50.0,
sp400_load025,18.9,baseline,500.0,60.0,500.0,0.0,165.0,541.9561,60.0,60.0,50.0,0.0,0.0,0.0,50.0,50.0,
sp400_load025,19.0,baseline,500.0,60.0,500.0,0.0,165.0,541.9569,60.0,60.0,50.0,0.0,0.0,0.0,50.0,50.0,
sp400_load025,19.1,baseline,500.0,60.0,500.0,0.0,165.0,541.9578,60.0,60.0,50.0,0.0,0.0,0.0,50.0,50.0,
sp400_load025,19.2,baseline,500.0,60.0,500.0,0.0,165.0,541.9587,60.0,60.0,50.0,0.0,0.0,0.0,50.0,50.0,
sp400_load025,19.3,baseline,500.0,60.0,500.0,0.0,165.0,541.9595,60.0,60.0,50.0,0.0,0.0,0.0,50.0,50.0,
sp400_load025,19.4,baseline,500.0,60.0,500.0,0.0,165.0,541.9603,60.0,60.0,50.0,0.0,0.0,0.0,50.0,50.0,
sp400_load025,19.5,baseline,500.0,60.0,500.0,0.0,165.0,541.9611,60.0,60.0,50.0,0.0,0.0,0.0,50.0,50.0,
sp400_load025,19.6,baseline,500.0,60.0,500.0,0.0,165.0,541.9619,60.0,60.0,50.0,0.0,0.0,0.0,50.0,50.0,
sp400_load025,19.7,baseline,500.0,60.0,500.0,0.0,165.0,541.9626,60.0,60.0,50.0,0.0,0.0,0.0,50.0,50.0,
sp400_load025,19.8,baseline,500.0,60.0,500.0,0.0,165.0,541.9634,60.0,60.0,50.0,0.0,0.0,0.0,50.0,50.0,
sp400_load025,19.9,baseline,500.0,60.0,500.0,0.0,165.0,541.9641,60.0,60.0,50.0,0.0,0.0,0.0,50.0,50.0,
sp400_load025,20.0,baseline,500.0,60.0,500.0,0.0,165.0,541.9648,60.0,60.0,50.0,0.0,0.0,0.0,50.0,50.0,
sp400_load025,20.1,baseline,500.0,60.0,500.0,0.0,165.0,541.9655,60.0,60.0,50.0,0.0,0.0,0.0,50.0,50.0,
sp400_load025,20.2,baseline,500.0,60.0,500.0,0.0,165.0,541.9662,60.0,60.0,50.0,0.0,0.0,0.0,50.0,50.0,
sp400_load025,20.3,baseline,500.0,60.0,500.0,0.0,165.0,541.9669,60.0,60.0,50.0,0.0,0.0,0.0,50.0,50.0,
sp400_load025,20.4,baseline,500.0,60.0,500.0,0.0,165.0,541.9676,60.0,60.0,50.0,0.0,0.0,0.0,50.0,50.0,
sp400_load025,20.5,baseline,500.0,60.0,500.0,0.0,165.0,541.9682,60.0,60.0,50.0,0.0,0.0,0.0,50.0,50.0,
sp400_load025,20.6,baseline,500.0,60.0,500.0,0.0,165.0,541.9688,60.0,60.0,50.0,0.0,0.0,0.0,50.0,50.0,
sp400_load025,20.7,baseline,500.0,60.0,500.0,0.0,165.0,541.9695,60.0,60.0,50.0,0.0,0.0,0.0,50.0,50.0,
sp400_load025,20.8,baseline,500.0,60.0,500.0,0.0,165.0,541.9701,60.0,60.0,50.0,0.0,0.0,0.0,50.0,50.0,
sp400_load025,20.9,baseline,500.0,60.0,500.0,0.0,165.0,541.9707,60.0,60.0,50.0,0.0,0.0,0.0,50.0,50.0,
sp400_load025,21.0,baseline,500.0,60.0,500.0,0.0,165.0,541.9713,60.0,60.0,50.0,0.0,0.0,0.0,50.0,50.0,
sp400_load025,21.1,baseline,500.0,60.0,500.0,0.0,165.0,541.9718,60.0,60.0,50.0,0.0,0.0,0.0,50.0,50.0,
sp400_load025,21.2,baseline,500.0,60.0,500.0,0.0,165.0,541.9724,60.0,60.0,50.0,0.0,0.0,0.0,50.0,50.0,
sp400_load025,21.3,baseline,500.0,60.0,500.0,0.0,165.0,541.9729,60.0,60.0,50.0,0.0,0.0,0.0,50.0,50.0,
sp400_load025,21.4,baseline,500.0,60.0,500.0,0.0,165.0,541.9735,60.0,60.0,50.0,0.0,0.0,0.0,50.0,50.0,
sp400_load025,21.5,baseline,500.0,60.0,500.0,0.0,165.0,541.974,60.0,60.0,50.0,0.0,0.0,0.0,50.0,50.0,
sp400_load025,21.6,baseline,500.0,60.0,500.0,0.0,165.0,541.9745,60.0,60.0,50.0,0.0,0.0,0.0,50.0,50.0,
sp400_load025,21.7,baseline,500.0,60.0,500.0,0.0,165.0,541.975,60.0,60.0,50.0,0.0,0.0,0.0,50.0,50.0,
sp400_load025,21.8,baseline,500.0,60.0,500.0,0.0,165.0,541.9755,60.0,60.0,50.0,0.0,0.0,0.0,50.0,50.0,
sp400_load025,21.9,baseline,500.0,60.0,500.0,0.0,165.0,541.976,60.0,60.0,50.0,0.0,0.0,0.0,50.0,50.0,
sp400_load025,22.0,baseline,500.0,60.0,500.0,0.0,165.0,541.9765,60.0,60.0,50.0,0.0,0.0,0.0,50.0,50.0,
sp400_load025,22.1,baseline,500.0,60.0,500.0,0.0,165.0,541.977,60.0,60.0,50.0,0.0,0.0,0.0,50.0,50.0,
sp400_load025,22.2,baseline,500.0,60.0,500.0,0.0,165.0,541.9774,60.0,60.0,50.0,0.0,0.0,0.0,50.0,50.0,
sp400_load025,22.3,baseline,500.0,60.0,500.0,0.0,165.0,541.9779,60.0,60.0,50.0,0.0,0.0,0.0,50.0,50.0,
sp400_load025,22.4,baseline,500.0,60.0,500.0,0.0,165.0,541.9783,60.0,60.0,50.0,0.0,0.0,0.0,50.0,50.0,
sp400_load025,22.5,baseline,500.0,60.0,500.0,0.0,165.0,541.9788,60.0,60.0,50.0,0.0,0.0,0.0,50.0,50.0,
sp400_load025,22.6,baseline,500.0,60.0,500.0,0.0,165.0,541.9792,60.0,60.0,50.0,0.0,0.0,0.0,50.0,50.0,
sp400_load025,22.7,baseline,500.0,60.0,500.0,0.0,165.0,541.9796,60.0,60.0,50.0,0.0,0.0,0.0,50.0,50.0,
sp400_load025,22.8,baseline,500.0,60.0,500.0,0.0,165.0,541.98,60.0,60.0,50.0,0.0,0.0,0.0,50.0,50.0,
sp400_load025,22.9,baseline,500.0,60.0,500.0,0.0,165.0,541.9804,60.0,60.0,50.0,0.0,0.0,0.0,50.0,50.0,
sp400_load025,23.0,baseline,500.0,60.0,500.0,0.0,165.0,541.9808,60.0,60.0,50.0,0.0,0.0,0.0,50.0,50.0,
sp400_load025,23.1,baseline,500.0,60.0,500.0,0.0,165.0,541.9812,60.0,60.0,50.0,0.0,0.0,0.0,50.0,50.0,
sp400_load025,23.2,baseline,500.0,60.0,500.0,0.0,165.0,541.9816,60.0,60.0,50.0,0.0,0.0,0.0,50.0,50.0,
sp400_load025,23.3,baseline,500.0,60.0,500.0,0.0,165.0,541.9819,60.0,60.0,50.0,0.0,0.0,0.0,50.0,50.0,
sp400_load025,23.4,baseline,500.0,60.0,500.0,0.0,165.0,541.9823,60.0,60.0,50.0,0.0,0.0,0.0,50.0,50.0,
sp400_load025,23.5,baseline,500.0,60.0,500.0,0.0,165.0,541.9827,60.0,60.0,50.0,0.0,0.0,0.0,50.0,50.0,
sp400_load025,23.6,baseline,500.0,60.0,500.0,0.0,165.0,541.983,60.0,60.0,50.0,0.0,0.0,0.0,50.0,50.0,
sp400_load025,23.7,baseline,500.0,60.0,500.0,0.0,165.0,541.9833,60.0,60.0,50.0,0.0,0.0,0.0,50.0,50.0,
sp400_load025,23.8,baseline,500.0,60.0,500.0,0.0,165.0,541.9837,60.0,60.0,50.0,0.0,0.0,0.0,50.0,50.0,
sp400_load025,23.9,baseline,500.0,60.0,500.0,0.0,165.0,541.984,60.0,60.0,50.0,0.0,0.0,0.0,50.0,50.0,
sp400_load025,24.0,baseline,500.0,60.0,500.0,0.0,165.0,541.9843,60.0,60.0,50.0,0.0,0.0,0.0,50.0,50.0,
sp400_load025,24.1,baseline,500.0,60.0,500.0,0.0,165.0,541.9846,60.0,60.0,50.0,0.0,0.0,0.0,50.0,50.0,
sp400_load025,24.2,baseline,500.0,60.0,500.0,0.0,165.0,541.9849,60.0,60.0,50.0,0.0,0.0,0.0,50.0,50.0,
sp400_load025,24.3,baseline,500.0,60.0,500.0,0.0,165.0,541.9852,60.0,60.0,50.0,0.0,0.0,0.0,50.0,50.0,
sp400_load025,24.4,baseline,500.0,60.0,500.0,0.0,165.0,541.9855,60.0,60.0,50.0,0.0,0.0,0.0,50.0,50.0,
sp400_load025,24.5,baseline,500.0,60.0,500.0,0.0,165.0,541.9858,60.0,60.0,50.0,0.0,0.0,0.0,50.0,50.0,
sp400_load025,24.6,baseline,500.0,60.0,500.0,0.0,165.0,541.9861,60.0,60.0,50.0,0.0,0.0,0.0,50.0,50.0,
sp400_load025,24.7,baseline,500.0,60.0,500.0,0.0,165.0,541.9864,60.0,60.0,50.0,0.0,0.0,0.0,50.0,50.0,
sp400_load025,24.8,baseline,500.0,60.0,500.0,0.0,165.0,541.9867,60.0,60.0,50.0,0.0,0.0,0.0,50.0,50.0,
sp400_load025,24.9,baseline,500.0,60.0,500.0,0.0,165.0,541.9869,60.0,60.0,50.0,0.0,0.0,0.0,50.0,50.0,
sp400_load025,25.0,baseline,500.0,60.0,500.0,0.0,165.0,541.9872,60.0,60.0,50.0,0.0,0.0,0.0,50.0,50.0,
sp400_load025,25.1,baseline,500.0,60.0,500.0,0.0,165.0,541.9874,60.0,60.0,50.0,0.0,0.0,0.0,50.0,50.0,
sp400_load025,25.2,baseline,500.0,60.0,500.0,0.0,165.0,541.9877,60.0,60.0,50.0,0.0,0.0,0.0,50.0,50.0,
sp400_load025,25.3,baseline,500.0,60.0,500.0,0.0,165.0,541.9879,60.0,60.0,50.0,0.0,0.0,0.0,50.0,50.0,
sp400_load025,25.4,baseline,500.0,60.0,500.0,0.0,165.0,541.9882,60.0,60.0,50.0,0.0,0.0,0.0,50.0,50.0,
sp400_load025,25.5,baseline,500.0,60.0,500.0,0.0,165.0,541.9884,60.0,60.0,50.0,0.0,0.0,0.0,50.0,50.0,
sp400_load025,25.6,baseline,500.0,60.0,500.0,0.0,165.0,541.9887,60.0,60.0,50.0,0.0,0.0,0.0,50.0,50.0,
sp400_load025,25.7,baseline,500.0,60.0,500.0,0.0,165.0,541.9889,60.0,60.0,50.0,0.0,0.0,0.0,50.0,50.0,
sp400_load025,25.8,baseline,500.0,60.0,500.0,0.0,165.0,541.9891,60.0,60.0,50.0,0.0,0.0,0.0,50.0,50.0,
sp400_load025,25.9,baseline,500.0,60.0,500.0,0.0,165.0,541.9893,60.0,60.0,50.0,0.0,0.0,0.0,50.0,50.0,
sp400_load025,26.0,baseline,500.0,60.0,500.0,0.0,165.0,541.9895,60.0,60.0,50.0,0.0,0.0,0.0,50.0,50.0,
sp400_load025,26.1,baseline,500.0,60.0,500.0,0.0,165.0,541.9897,60.0,60.0,50.0,0.0,0.0,0.0,50.0,50.0,
sp400_load025,26.2,baseline,500.0,60.0,500.0,0.0,165.0,541.9899,60.0,60.0,50.0,0.0,0.0,0.0,50.0,50.0,
sp400_load025,26.3,baseline,500.0,60.0,500.0,0.0,165.0,541.9901,60.0,60.0,50.0,0.0,0.0,0.0,50.0,50.0,
sp400_load025,26.4,baseline,500.0,60.0,500.0,0.0,165.0,541.9903,60.0,60.0,50.0,0.0,0.0,0.0,50.0,50.0,
sp400_load025,26.5,baseline,500.0,60.0,500.0,0.0,165.0,541.9905,60.0,60.0,50.0,0.0,0.0,0.0,50.0,50.0,
sp400_load025,26.6,baseline,500.0,60.0,500.0,0.0,165.0,541.9907,60.0,60.0,50.0,0.0,0.0,0.0,50.0,50.0,
sp400_load025,26.7,baseline,500.0,60.0,500.0,0.0,165.0,541.9909,60.0,60.0,50.0,0.0,0.0,0.0,50.0,50.0,
sp400_load025,26.8,baseline,500.0,60.0,500.0,0.0,165.0,541.9911,60.0,60.0,50.0,0.0,0.0,0.0,50.0,50.0,
sp400_load025,26.9,baseline,500.0,60.0,500.0,0.0,165.0,541.9913,60.0,60.0,50.0,0.0,0.0,0.0,50.0,50.0,
sp400_load025,27.0,baseline,500.0,60.0,500.0,0.0,165.0,541.9914,60.0,60.0,50.0,0.0,0.0,0.0,50.0,50.0,
sp400_load025,27.1,baseline,500.0,60.0,500.0,0.0,165.0,541.9916,60.0,60.0,50.0,0.0,0.0,0.0,50.0,50.0,
sp400_load025,27.2,baseline,500.0,60.0,500.0,0.0,165.0,541.9918,60.0,60.0,50.0,0.0,0.0,0.0,50.0,50.0,
sp400_load025,27.3,baseline,500.0,60.0,500.0,0.0,165.0,541.992,60.0,60.0,50.0,0.0,0.0,0.0,50.0,50.0,
sp400_load025,27.4,baseline,500.0,60.0,500.0,0.0,165.0,541.9921,60.0,60.0,50.0,0.0,0.0,0.0,50.0,50.0,
sp400_load025,27.5,baseline,500.0,60.0,500.0,0.0,165.0,541.9923,60.0,60.0,50.0,0.0,0.0,0.0,50.0,50.0,
sp400_load025,27.6,baseline,500.0,60.0,500.0,0.0,165.0,541.9924,60.0,60.0,50.0,0.0,0.0,0.0,50.0,50.0,
sp400_load025,27.7,baseline,500.0,60.0,500.0,0.0,165.0,541.9926,60.0,60.0,50.0,0.0,0.0,0.0,50.0,50.0,
sp400_load025,27.8,baseline,500.0,60.0,500.0,0.0,165.0,541.9927,60.0,60.0,50.0,0.0,0.0,0.0,50.0,50.0,
sp400_load025,27.9,baseline,500.0,60.0,500.0,0.0,165.0,541.9929,60.0,60.0,50.0,0.0,0.0,0.0,50.0,50.0,
sp400_load025,28.0,baseline,500.0,60.0,500.0,0.0,165.0,541.993,60.0,60.0,50.0,0.0,0.0,0.0,50.0,50.0,
sp400_load025,28.1,baseline,500.0,60.0,500.0,0.0,165.0,541.9932,60.0,60.0,50.0,0.0,0.0,0.0,50.0,50.0,
sp400_load025,28.2,baseline,500.0,60.0,500.0,0.0,165.0,541.9933,60.0,60.0,50.0,0.0,0.0,0.0,50.0,50.0,
sp400_load025,28.3,baseline,500.0,60.0,500.0,0.0,165.0,541.9934,60.0,60.0,50.0,0.0,0.0,0.0,50.0,50.0,
sp400_load025,28.4,baseline,500.0,60.0,500.0,0.0,165.0,541.9936,60.0,60.0,50.0,0.0,0.0,0.0,50.0,50.0,
sp400_load025,28.5,baseline,500.0,60.0,500.0,0.0,165.0,541.9937,60.0,60.0,50.0,0.0,0.0,0.0,50.0,50.0,
sp400_load025,28.6,baseline,500.0,60.0,500.0,0.0,165.0,541.9938,60.0,60.0,50.0,0.0,0.0,0.0,50.0,50.0,
sp400_load025,28.7,baseline,500.0,60.0,500.0,0.0,165.0,541.9939,60.0,60.0,50.0,0.0,0.0,0.0,50.0,50.0,
sp400_load025,28.8,baseline,500.0,60.0,500.0,0.0,165.0,541.9941,60.0,60.0,50.0,0.0,0.0,0.0,50.0,50.0,
sp400_load025,28.9,baseline,500.0,60.0,500.0,0.0,165.0,541.9942,60.0,60.0,50.0,0.0,0.0,0.0,50.0,50.0,
sp400_load025,29.0,baseline,500.0,60.0,500.0,0.0,165.0,541.9943,60.0,60.0,50.0,0.0,0.0,0.0,50.0,50.0,
sp400_load025,29.1,baseline,500.0,60.0,500.0,0.0,165.0,541.9944,60.0,60.0,50.0,0.0,0.0,0.0,50.0,50.0,
sp400_load025,29.2,baseline,500.0,60.0,500.0,0.0,165.0,541.9945,60.0,60.0,50.0,0.0,0.0,0.0,50.0,50.0,
sp400_load025,29.3,baseline,500.0,60.0,500.0,0.0,165.0,541.9946,60.0,60.0,50.0,0.0,0.0,0.0,50.0,50.0,
sp400_load025,29.4,baseline,500.0,60.0,500.0,0.0,165.0,541.9947,60.0,60.0,50.0,0.0,0.0,0.0,50.0,50.0,
sp400_load025,29.5,baseline,500.0,60.0,500.0,0.0,165.0,541.9948,60.0,60.0,50.0,0.0,0.0,0.0,50.0,50.0,
sp400_load025,29.6,baseline,500.0,60.0,500.0,0.0,165.0,541.9949,60.0,60.0,50.0,0.0,0.0,0.0,50.0,50.0,
sp400_load025,29.7,baseline,500.0,60.0,500.0,0.0,165.0,541.995,60.0,60.0,50.0,0.0,0.0,0.0,50.0,50.0,
sp400_load025,29.8,baseline,500.0,60.0,500.0,0.0,165.0,541.9951,60.0,60.0,50.0,0.0,0.0,0.0,50.0,50.0,
sp400_load025,29.9,baseline,500.0,60.0,500.0,0.0,165.0,541.9952,60.0,60.0,50.0,0.0,0.0,0.0,50.0,50.0,
sp400_load025,30.0,baseline,500.0,60.0,500.0,0.0,165.0,541.9953,60.0,60.0,50.0,0.0,0.0,0.0,50.0,50.0,
sp400_load025,30.1,response,400.0,25.0,496.568,-100.0,164.937,541.9562,57.2,0.0,0.0,-15.0,-0.2,-50.0,20.8333,0.0,
sp400_load025,30.2,response,400.0,25.0,493.8429,-96.568,164.8179,541.8818,54.624,9.2052,7.671,-14.4852,-0.3931,1.716,20.8333,7.671,
sp400_load025,30.3,response,400.0,25.0,491.2504,-93.8429,164.6491,541.7758,52.2541,9.0464,7.5386,-14.0764,-0.5808,1.3626,20.8333,7.5386,
sp400_load025,30.4,response,400.0,25.0,488.7988,-91.2504,164.4363,541.6413,50.0738,9.2144,7.6787,-13.6876,-0.7633,1.2962,20.8333,7.6787,
sp400_load025,30.5,response,400.0,25.0,486.4763,-88.7988,164.1847,541.4814,48.0679,9.358,7.7984,-13.3198,-0.9409,1.2258,20.8333,7.7984,
sp400_load025,30.6,response,400.0,25.0,484.2724,-86.4763,163.8992,541.2989,46.2224,9.4912,7.9093,-12.9714,-1.1139,1.1613,20.8333,7.9093,
sp400_load025,30.7,response,400.0,25.0,482.1778,-84.2724,163.584,541.0963,44.5246,9.6144,8.012,-12.6409,-1.2824,1.1019,20.8333,8.012,
sp400_load025,30.8,response,400.0,25.0,480.1837,-82.1778,163.2432,540.8758,42.9627,9.7286,8.1072,-12.3267,-1.4468,1.0473,20.8333,8.1072,
sp400_load025,30.9,response,400.0,25.0,478.2823,-80.1837,162.8802,540.6396,41.5256,9.8348,8.1957,-12.0276,-1.6071,0.997,20.8333,8.1957,
sp400_load025,31.0,response,400.0,25.0,476.4661,-78.2823,162.4984,540.3897,40.2036,9.9336,8.278,-11.7423,-1.7637,0.9507,20.8333,8.278,
sp400_load025,31.1,response,400.0,25.0,474.7284,-76.4661,162.1006,540.1277,38.9873,10.0259,8.3549,-11.4699,-1.9166,0.9081,20.8333,8.3549,
sp400_load025,31.2,response,400.0,25.0,473.063,-74.7284,161.6897,539.8553,37.8683,10.1122,8.4268,-11.2093,-2.0661,0.8688,20.8333,8.4268,
sp400_load025,31.3,response,400.0,25.0,471.4643,-73.063,161.2678,539.574,36.8389,10.1932,8.4943,-10.9595,-2.2122,0.8327,20.8333,8.4943,
sp400_load025,31.4,response,400.0,25.0,469.927,-71.4643,160.8374,539.285,35.8917,10.2695,8.5579,-10.7196,-2.3551,0.7994,20.8333,8.5579,
sp400_load025,31.5,response,400.0,25.0,468.4462,-69.927,160.4002,538.9896,35.0204,10.3415,8.618,-10.489,-2.495,0.7687,20.8333,8.618,
sp400_load025,31.6,response,400.0,25.0,467.0177,-68.4462,159.9581,538.6888,34.2188,10.4098,8.6749,-10.2669,-2.6319,0.7404,20.8333,8.6749,
sp400_load025,31.7,response,400.0,25.0,465.6373,-67.0177,159.5127,538.3838,33.4813,10.4748,8.729,-10.0527,-2.7659,0.7143,20.8333,8.729,
sp400_load025,31.8,response,400.0,25.0,464.3013,-65.6373,159.0654,538.0754,32.8028,10.5369,8.7807,-9.8456,-2.8972,0.6902,20.8333,8.7807,
sp400_load025,31.9,response,400.0,25.0,463.0064,-64.3013,158.6174,537.7644,32.1786,10.5964,8.8303,-9.6452,-3.0258,0.668,20.8333,8.8303,
sp400_load025,32.0,response,400.0,25.0,461.7494,-63.0064,158.17,537.4515,31.6043,10.6536,8.878,-9.451,-3.1518,0.6475,20.8333,8.878,
sp400_load025,32.1,response,400.0,25.0,460.5274,-61.7494,157.7241,537.1376,31.0759,10.709,8.9241,-9.2624,-3.2753,0.6285,20.8333,8.9241,
sp400_load025,32.2,response,400.0,25.0,459.3377,-60.5274,157.2807,536.8231,30.5899,10.7626,8.9689,-9.0791,-3.3964,0.611,20.8333,8.9689,
sp400_load025,32.3,response,400.0,25.0,458.1781,-59.3377,156.8405,536.5086,30.1427,10.8149,9.0124,-8.9007,-3.515,0.5948,20.8333,9.0124,
sp400_load025,32.4,response,400.0,25.0,457.0461,-58.1781,156.4042,536.1947,29.7313,10.8661,9.0551,-8.7267,-3.6314,0.5798,20.8333,9.0551,
sp400_load025,32.5,response,400.0,25.0,455.94,-57.0461,155.9725,535.8817,29.3528,10.9162,9.0969,-8.5569,-3.7455,0.566,20.8333,9.0969,
sp400_load025,32.6,response,400.0,25.0,454.8576,-55.94,155.5459,535.5701,29.0045,10.9657,9.1381,-8.391,-3.8574,0.5531,20.8333,9.1381,
sp400_load025,32.7,response,400.0,25.0,453.7974,-54.8576,155.125,535.2603,28.6842,11.0145,9.1788,-8.2286,-3.9671,0.5412,20.8333,9.1788,
sp400_load025,32.8,response,400.0,25.0,452.7579,-53.7974,154.71,534.9526,28.3894,11.0629,9.2191,-8.0696,-4.0747,0.5301,20.8333,9.2191,
sp400_load025,32.9,response,400.0,25.0,451.7374,-52.7579,154.3013,534.6472,28.1183,11.1111,9.2592,-7.9137,-4.1802,0.5198,20.8333,9.2592,
sp400_load025,33.0,response,400.0,25.0,450.7348,-51.7374,153.8993,534.3444,27.8688,11.1591,9.2993,-7.7606,-4.2837,0.5102,20.8333,9.2993,
sp400_load025,33.1,response,400.0,25.0,449.7489,-50.7348,153.5042,534.0444,27.6393,11.2071,9.3393,-7.6102,-4.3851,0.5013,20.8333,9.3393,
sp400_load025,33.2,response,400.0,25.0,448.7785,-49.7489,153.1162,533.7476,27.4282,11.2552,9.3793,-7.4623,-4.4846,0.493,20.8333,9.3793,
sp400_load025,33.3,response,400.0,25.0,447.8227,-48.7785,152.7355,533.4539,27.2339,11.3034,9.4195,-7.3168,-4.5822,0.4852,20.8333,9.4195,
sp400_load025,33.4,response,400.0,25.0,446.8805,-47.8227,152.3622,533.1636,27.0552,11.352,9.46,-7.1734,-4.6778,0.4779,20.8333,9.46,
sp400_load025,33.5,response,400.0,25.0,445.9511,-46.8805,151.9964,532.8768,26.8908,11.4009,9.5007,-7.0321,-4.7716,0.4711,20.8333,9.5007,
sp400_load025,33.6,response,400.0,25.0,445.0338,-45.9511,151.6381,532.5936,26.7395,11.4502,9.5419,-6.8927,-4.8635,0.4647,20.8333,9.5419,
sp400_load025,33.7,response,400.0,25.0,444.1277,-45.0338,151.2875,532.3141,26.6004,11.5,9.5834,-6.7551,-4.9536,0.4587,20.8333,9.5834,
sp400_load025,33.8,response,400.0,25.0,443.2324,-44.1277,150.9445,532.0385,26.4723,11.5504,9.6253,-6.6192,-5.0418,0.453,20.8333,9.6253,
sp400_load025,33.9,response,400.0,25.0,442.3472,-43.2324,150.6091,531.7666,26.3545,11.6014,9.6678,-6.4849,-5.1283,0.4477,20.8333,9.6678,
sp400_load025,34.0,response,400.0,25.0,441.4716,-42.3472,150.2814,531.4988,26.2462,11.653,9.7108,-6.3521,-5.213,0.4426,20.8333,9.7108,
sp400_load025,34.1,response,400.0,25.0,440.6052,-41.4716,149.9613,531.2348,26.1465,11.7053,9.7544,-6.2207,-5.2959,0.4378,20.8333,9.7544,
sp400_load025,34.2,response,400.0,25.0,439.7474,-40.6052,149.6486,530.9749,26.0548,11.7584,9.7986,-6.0908,-5.3771,0.4332,20.8333,9.7986,
sp400_load025,34.3,response,400.0,25.0,438.8979,-39.7474,149.3435,530.719,25.9704,11.8122,9.8435,-5.9621,-5.4566,0.4289,20.8333,9.8435,
sp400_load025,34.4,response,400.0,25.0,438.0563,-38.8979,149.0458,530.4671,25.8928,11.8667,9.889,-5.8347,-5.5344,0.4247,20.8333,9.889,
sp400_load025,34.5,response,400.0,25.0,437.2224,-38.0563,148.7554,530.2193,25.8213,11.9221,9.9351,-5.7085,-5.6106,0.4208,20.8333,9.9351,
sp400_load025,34.6,response,400.0,25.0,436.3957,-37.2224,148.4722,529.9755,25.7556,11.9783,9.982,-5.5834,-5.685,0.417,20.8333,9.982,
sp400_load025,34.7,response,400.0,25.0,435.5762,-36.3957,148.1962,529.7357,25.6952,12.0354,10.0295,-5.4594,-5.7578,0.4133,20.8333,10.0295,
sp400_load025,34.8,response,400.0,25.0,434.7634,-35.5762,147.9272,529.4999,25.6396,12.0933,10.0778,-5.3364,-5.8289,0.4098,20.8333,10.0778,
sp400_load025,34.9,response,400.0,25.0,433.9572,-34.7634,147.6651,529.2682,25.5884,12.1521,10.1267,-5.2145,-5.8985,0.4064,20.8333,10.1267,
sp400_load025,35.0,response,400.0,25.0,433.1574,-33.9572,147.4099,529.0404,25.5413,12.2118,10.1765,-5.0936,-5.9664,0.4031,20.8333,10.1765,
sp400_load025,35.1,response,400.0,25.0,432.3639,-33.1574,147.1613,528.8165,25.498,12.2723,10.2269,-4.9736,-6.0327,0.3999,20.8333,10.2269,
sp400_load025,35.2,response,400.0,25.0,431.5764,-32.3639,146.9193,528.5966,25.4582,12.3337,10.2781,-4.8546,-6.0974,0.3968,20.8333,10.2781,
sp400_load025,35.3,response,400.0,25.0,430.7949,-31.5764,146.6837,528.3806,25.4215,12.396,10.33,-4.7365,-6.1606,0.3937,20.8333,10.33,
sp400_load025,35.4,response,400.0,25.0,430.0192,-30.7949,146.4544,528.1684,25.3878,12.4592,10.3827,-4.6192,-6.2222,0.3908,20.8333,10.3827,
sp400_load025,35.5,response,400.0,25.0,429.2492,-30.0192,146.2313,527.96,25.3568,12.5233,10.4361,-4.5029,-6.2822,0.3879,20.8333,10.4361,
sp400_load025,35.6,response,400.0,25.0,428.4848,-29.2492,146.0142,527.7554,25.3282,12.5883,10.4903,-4.3874,-6.3407,0.385,20.8333,10.4903,
sp400_load025,35.7,response,400.0,25.0,427.7259,-28.4848,145.8031,527.5546,25.302,12.6542,10.5451,-4.2727,-6.3977,0.3822,20.8333,10.5451,
sp400_load025,35.8,response,400.0,25.0,426.9725,-27.7259,145.5977,527.3574,25.2778,12.7209,10.6008,-4.1589,-6.4531,0.3794,20.8333,10.6008,
sp400_load025,35.9,response,400.0,25.0,426.2245,-26.9725,145.3981,527.1638,25.2556,12.7885,10.6571,-4.0459,-6.5071,0.3767,20.8333,10.6571,
sp400_load025,36.0,response,400.0,25.0,425.4818,-26.2245,145.2039,526.9738,25.2351,12.857,10.7142,-3.9337,-6.5595,0.374,20.8333,10.7142,
sp400_load025,36.1,response,400.0,25.0,424.7444,-25.4818,145.0152,526.7874,25.2163,12.9263,10.7719,-3.8223,-6.6105,0.3713,20.8333,10.7719,
sp400_load025,36.2,response,400.0,25.0,424.0122,-24.7444,144.8317,526.6044,25.199,12.9965,10.8304,-3.7117,-6.66,0.3687,20.8333,10.8304,
sp400_load025,36.3,response,400.0,25.0,423.2853,-24.0122,144.6534,526.4249,25.1831,13.0675,10.8896,-3.6018,-6.708,0.3661,20.8333,10.8896,
sp400_load025,36.4,response,400.0,25.0,422.5635,-23.2853,144.48,526.2487,25.1685,13.1393,10.9494,-3.4928,-6.7546,0.3635,20.8333,10.9494,
sp400_load025,36.5,response,400.0,25.0,421.847,-22.5635,144.3116,526.0759,25.155,13.212,11.01,-3.3845,-6.7997,0.3609,20.8333,11.01,
sp400_load025,36.6,response,400.0,25.0,421.1355,-21.847,144.148,525.9064,25.1426,13.2854,11.0712,-3.277,-6.8434,0.3583,20.8333,11.0712,
sp400_load025,36.7,response,400.0,25.0,420.4292,-21.1355,143.989,525.7401,25.1312,13.3597,11.1331,-3.1703,-6.8857,0.3557,20.8333,11.1331,
sp400_load025,36.8,response,400.0,25.0,419.7281,-20.4292,143.8345,525.577,25.1207,13.4347,11.1956,-3.0644,-6.9265,0.3531,20.8333,11.1956,
sp400_load025,36.9,response,400.0,25.0,419.0321,-19.7281,143.6845,525.417,25.111,13.5105,11.2587,-2.9592,-6.966,0.3506,20.8333,11.2587,
sp400_load025,37.0,response,400.0,25.0,418.3411,-19.0321,143.5388,525.2601,25.1021,13.587,11.3225,-2.8548,-7.004,0.348,20.8333,11.3225,
sp400_load025,37.1,response,400.0,25.0,417.6554,-18.3411,143.3972,525.1062,25.094,13.6643,11.3869,-2.7512,-7.0407,0.3455,20.8333,11.3869,
sp400_load025,37.2,response,400.0,25.0,416.9747,-17.6554,143.2598,524.9553,25.0865,13.7423,11.4519,-2.6483,-7.076,0.3429,20.8333,11.4519,
sp400_load025,37.3,response,400.0,25.0,416.2992,-16.9747,143.1262,524.8073,25.0795,13.821,11.5175,-2.5462,-7.11,0.3403,20.8333,11.5175,
sp400_load025,37.4,response,400.0,25.0,415.6288,-16.2992,142.9966,524.6622,25.0732,13.9004,11.5836,-2.4449,-7.1426,0.3378,20.8333,11.5836,
sp400_load025,37.5,response,400.0,25.0,414.9636,-15.6288,142.8707,524.5199,25.0673,13.9804,11.6504,-2.3443,-7.1738,0.3352,20.8333,11.6504,
sp400_load025,37.6,response,400.0,25.0,414.3036,-14.9636,142.7485,524.3804,25.0619,14.0612,11.7176,-2.2445,-7.2038,0.3326,20.8333,11.7176,
sp400_load025,37.7,response,400.0,25.0,413.6487,-14.3036,142.6298,524.2435,25.057,14.1425,11.7855,-2.1455,-7.2324,0.33,20.8333,11.7855,
sp400_load025,37.8,response,400.0,25.0,412.999,-13.6487,142.5146,524.1094,25.0524,14.2246,11.8538,-2.0473,-7.2597,0.3274,20.8333,11.8538,
sp400_load025,37.9,response,400.0,25.0,412.3546,-12.999,142.4028,523.9779,25.0482,14.3072,11.9227,-1.9499,-7.2857,0.3248,20.8333,11.9227,
sp400_load025,38.0,response,400.0,25.0,411.7153,-12.3546,142.2942,523.849,25.0444,14.3904,11.992,-1.8532,-7.3104,0.3222,20.8333,11.992,
sp400_load025,38.1,response,400.0,25.0,411.0813,-11.7153,142.1888,523.7226,25.0408,14.4742,12.0618,-1.7573,-7.3338,0.3196,20.8333,12.0618,
sp400_load025,38.2,response,400.0,25.0,410.4526,-11.0813,142.0864,523.5986,25.0376,14.5586,12.1322,-1.6622,-7.356,0.317,20.8333,12.1322,
sp400_load025,38.3,response,400.0,25.0,409.8291,-10.4526,141.9871,523.4771,25.0346,14.6435,12.2029,-1.5679,-7.3769,0.3144,20.8333,12.2029,
sp400_load025,38.4,response,400.0,25.0,409.211,-9.8291,141.8907,523.358,25.0318,14.729,12.2742,-1.4744,-7.3965,0.3117,20.8333,12.2742,
sp400_load025,38.5,response,400.0,25.0,408.5981,-9.211,141.7972,523.2413,25.0292,14.815,12.3458,-1.3816,-7.415,0.3091,20.8333,12.3458,
sp400_load025,38.6,response,400.0,25.0,407.9906,-8.5981,141.7064,523.1268,25.0269,14.9015,12.4179,-1.2897,-7.4321,0.3064,20.8333,12.4179,
sp400_load025,38.7,response,400.0,25.0,407.3884,-7.9906,141.6182,523.0146,25.0248,14.9885,12.4904,-1.1986,-7.4481,0.3038,20.8333,12.4904,
sp400_load025,38.8,response,400.0,25.0,406.7916,-7.3884,141.5327,522.9047,25.0228,15.0759,12.5633,-1.1083,-7.4629,0.3011,20.8333,12.5633,
sp400_load025,38.9,response,400.0,25.0,406.2002,-6.7916,141.4497,522.7969,25.021,15.1638,12.6365,-1.0187,-7.4765,0.2984,20.8333,12.6365,
sp400_load025,39.0,response,400.0,25.0,405.6141,-6.2002,141.3691,522.6912,25.0193,15.2522,12.7101,-0.93,-7.4889,0.2957,20.8333,12.7101,
sp400_load025,39.1,response,400.0,25.0,405.0335,-5.6141,141.2909,522.5876,25.0177,15.3409,12.7841,-0.8421,-7.5001,0.293,20.8333,12.7841,
sp400_load025,39.2,response,400.0,25.0,404.4584,-5.0335,141.2151,522.4861,25.0163,15.4301,12.8584,-0.755,-7.5102,0.2903,20.8333,12.8584,
sp400_load025,39.3,response,400.0,25.0,403.8886,-4.4584,141.1415,522.3866,25.015,15.5197,12.9331,-0.6688,-7.5191,0.2876,20.8333,12.9331,
sp400_load025,39.4,response,400.0,25.0,403.3244,-3.8886,141.07,522.2891,25.0138,15.6096,13.008,-0.5833,-7.5269,0.2849,20.8333,13.008,
sp400_load025,39.5,response,400.0,25.0,402.7656,-3.3244,141.0007,522.1935,25.0127,15.6999,13.0833,-0.4987,-7.5335,0.2821,20.8333,13.0833,
sp400_load025,39.6,response,400.0,25.0,402.2124,-2.7656,140.9335,522.0997,25.0117,15.7906,13.1588,-0.4148,-7.5391,0.2794,20.8333,13.1588,
sp400_load025,39.7,response,400.0,25.0,401.6646,-2.2124,140.8682,522.0079,25.0108,15.8816,13.2346,-0.3319,-7.5435,0.2766,20.8333,13.2346,
sp400_load025,39.8,response,400.0,25.0,401.1224,-1.6646,140.8049,521.9179,25.0099,15.9728,13.3107,-0.2497,-7.5468,0.2739,20.8333,13.3107,
sp400_load025,39.9,response,400.0,25.0,400.5857,-1.1224,140.7434,521.8297,25.0091,16.0644,13.387,-0.1684,-7.5491,0.2711,20.8333,13.387,
sp400_load025,40.0,response,400.0,25.0,400.0546,-0.5857,140.6838,521.7432,25.0084,16.1563,13.4636,-0.0879,-7.5502,0.2683,20.8333,13.4636,
sp400_load025,40.1,response,400.0,25.0,399.529,-0.0546,140.626,521.6584,25.0077,16.2484,13.5404,-0.0082,-7.5503,0.2656,20.8333,13.5404,01LAL001
sp400_load025,40.2,response,400.0,25.0,399.009,0.471,140.5699,521.5754,25.0071,16.3408,13.6174,0.0706,-7.5494,0.2628,20.8333,13.6174,01LAL001
sp400_load025,40.3,response,400.0,25.0,398.4947,0.991,140.5154,521.4939,25.0065,16.4335,13.6945,0.1486,-7.5474,0.26,20.8333,13.6945,01LAL001
sp400_load025,40.4,response,400.0,25.0,397.9859,1.5053,140.4626,521.4141,25.006,16.5263,13.7719,0.2258,-7.5444,0.2572,20.8333,13.7719,01LAL001
sp400_load025,40.5,response,400.0,25.0,397.4827,2.0141,140.4113,521.3359,25.0055,16.6194,13.8495,0.3021,-7.5404,0.2544,20.8333,13.8495,01LAL001
sp400_load025,40.6,response,400.0,25.0,396.9852,2.5173,140.3616,521.2593,25.0051,16.7126,13.9272,0.3776,-7.5353,0.2516,20.8333,13.9272,01LAL001
sp400_load025,40.7,response,400.0,25.0,396.4932,3.0148,140.3134,521.1842,25.0047,16.806,14.005,0.4522,-7.5293,0.2488,20.8333,14.005,01LAL001
sp400_load025,40.8,response,400.0,25.0,396.007,3.5068,140.2666,521.1105,25.0043,16.8996,14.083,0.526,-7.5223,0.246,20.8333,14.083,01LAL001
sp400_load025,40.9,response,400.0,25.0,395.5263,3.993,140.2212,521.0384,25.004,16.9933,14.1611,0.599,-7.5143,0.2431,20.8333,14.1611,01LAL001
sp400_load025,41.0,response,400.0,25.0,395.0513,4.4737,140.1771,520.9677,25.0036,17.0872,14.2393,0.6711,-7.5054,0.2403,20.8333,14.2393,01LAL001
sp400_load025,41.1,response,400.0,25.0,394.582,4.9487,140.1344,520.8984,25.0033,17.1812,14.3177,0.7423,-7.4955,0.2375,20.8333,14.3177,01LAL001
sp400_load025,41.2,response,400.0,25.0,394.1183,5.418,140.0929,520.8304,25.0031,17.2753,14.3961,0.8127,-7.4846,0.2347,20.8333,14.3961,01LAL001
sp400_load025,41.3,response,400.0,25.0,393.6603,5.8817,140.0527,520.7639,25.0028,17.3695,14.4745,0.8822,-7.4729,0.2318,20.8333,14.4745,01LAL001
sp400_load025,41.4,response,400.0,25.0,393.208,6.3397,140.0137,520.6986,25.0026,17.4637,14.5531,0.9509,-7.4602,0.229,20.8333,14.5531,01LAL001
sp400_load025,41.5,response,400.0,25.0,392.7613,6.792,139.9758,520.6347,25.0024,17.558,14.6317,1.0188,-7.4466,0.2262,20.8333,14.6317,01LAL001
sp400_load025,41.6,response,400.0,25.0,392.3204,7.2387,139.9391,520.572,25.0022,17.6524,14.7103,1.0858,-7.4321,0.2233,20.8333,14.7103,01LAL001
sp400_load025,41.7,response,400.0,25.0,391.885,7.6796,139.9034,520.5106,25.002,17.7468,14.789,1.1519,-7.4168,0.2205,20.8333,14.789,01LAL001
sp400_load025,41.8,response,400.0,25.0,391.4554,8.115,139.8689,520.4504,25.0019,17.8412,14.8677,1.2172,-7.4005,0.2177,20.8333,14.8677,01LAL001
sp400_load025,41.9,response,400.0,25.0,391.0314,8.5446,139.8354,520.3914,25.0017,17.9357,14.9464,1.2817,-7.3834,0.2148,20.8333,14.9464,01LAL001
sp400_load025,42.0,response,400.0,25.0,390.6132,8.9686,139.8028,520.3336,25.0016,18.0301,15.0251,1.3453,-7.3655,0.212,20.8333,15.0251,01LAL001
sp400_load025,42.1,response,400.0,25.0,390.2005,9.3868,139.7713,520.277,25.0015,18.1245,15.1038,1.408,-7.3467,0.2091,20.8333,15.1038,01LAL001
sp400_load025,42.2,response,400.0,25.0,389.7936,9.7995,139.7407,520.2215,25.0013,18.2189,15.1824,1.4699,-7.3271,0.2063,20.8333,15.1824,01LAL001
sp400_load025,42.3,response,400.0,25.0,389.3923,10.2064,139.711,520.1671,25.0012,18.3132,15.261,1.531,-7.3067,0.2035,20.8333,15.261,01LAL001
sp400_load025,42.4,response,400.0,25.0,388.9967,10.6077,139.6822,520.1137,25.0011,18.4075,15.3396,1.5912,-7.2855,0.2006,20.8333,15.3396,01LAL001
sp400_load025,42.5,response,400.0,25.0,388.6067,11.0033,139.6542,520.0615,25.001,18.5018,15.4181,1.6505,-7.2635,0.1978,20.8333,15.4181,01LAL001
sp400_load025,42.6,response,400.0,25.0,388.2224,11.3933,139.6271,520.0103,25.001,18.5959,15.4966,1.709,-7.2407,0.195,20.8333,15.4966,01LAL001
sp400_load025,42.7,response,400.0,25.0,387.8438,11.7776,139.6008,519.9601,25.0009,18.6899,15.575,1.7666,-7.2172,0.1922,20.8333,15.575,01LAL001
sp400_load025,42.8,response,400.0,25.0,387.4708,12.1562,139.5753,519.9109,25.0008,18.7839,15.6532,1.8234,-7.1929,0.1893,20.8333,15.6532,01LAL001
sp400_load025,42.9,response,400.0,25.0,387.1034,12.5292,139.5506,519.8627,25.0007,18.8777,15.7314,1.8794,-7.1678,0.1865,20.8333,15.7314,01LAL001
sp400_load025,43.0,response,400.0,25.0,386.7416,12.8966,139.5266,519.8154,25.0007,18.9714,15.8095,1.9345,-7.142,0.1837,20.8333,15.8095,01LAL001
sp400_load025,43.1,response,400.0,25.0,386.3855,13.2584,139.5033,519.7691,25.0006,19.065,15.8875,1.9888,-7.1155,0.1809,20.8333,15.8875,01LAL001
sp400_load025,43.2,response,400.0,25.0,386.035,13.6145,139.4807,519.7237,25.0006,19.1584,15.9653,2.0422,-7.0883,0.1781,20.8333,15.9653,01LAL001
sp400_load025,43.3,response,400.0,25.0,385.69,13.965,139.4588,519.6793,25.0005,19.2516,16.043,2.0948,-7.0603,0.1753,20.8333,16.043,01LAL001
sp400_load025,43.4,response,400.0,25.0,385.3507,14.31,139.4376,519.6357,25.0005,19.3447,16.1206,2.1465,-7.0317,0.1725,20.8333,16.1206,01LAL001
sp400_load025,43.5,response,400.0,25.0,385.0169,14.6493,139.4169,519.593,25.0005,19.4376,16.198,2.1974,-7.0024,0.1697,20.8333,16.198,01LAL001
sp400_load025,43.6,response,400.0,25.0,384.6887,14.9831,139.3969,519.5511,25.0004,19.5303,16.2752,2.2475,-6.9724,0.1669,20.8333,16.2752,01LAL001
sp400_load025,43.7,response,400.0,25.0,384.366,15.3113,139.3775,519.5101,25.0004,19.6228,16.3523,2.2967,-6.9418,0.1641,20.8333,16.3523,01LAL001
sp400_load025,43.8,response,400.0,25.0,384.0489,15.634,139.3587,519.4699,25.0004,19.715,16.4292,2.3451,-6.9105,0.1613,20.8333,16.4292,01LAL001
sp400_load025,43.9,response,400.0,25.0,383.7373,15.9511,139.3405,519.4305,25.0003,19.8071,16.5059,2.3927,-6.8786,0.1586,20.8333,16.5059,01LAL001
sp400_load025,44.0,response,400.0,25.0,383.4312,16.2627,139.3228,519.3919,25.0003,19.8989,16.5824,2.4394,-6.8461,0.1558,20.8333,16.5824,01LAL001
sp400_load025,44.1,response,400.0,25.0,383.1307,16.5688,139.3056,519.3541,25.0003,19.9904,16.6587,2.4853,-6.813,0.153,20.8333,16.6587,01LAL001
sp400_load025,44.2,response,400.0,25.0,382.8355,16.8693,139.2889,519.317,25.0003,20.0817,16.7348,2.5304,-6.7792,0.1503,20.8333,16.7348,01LAL001
sp400_load025,44.3,response,400.0,25.0,382.5459,17.1645,139.2728,519.2807,25.0002,20.1728,16.8106,2.5747,-6.7449,0.1476,20.8333,16.8106,01LAL001
sp400_load025,44.4,response,400.0,25.0,382.2617,17.4541,139.2571,519.2451,25.0002,20.2635,16.8863,2.6181,-6.71,0.1448,20.8333,16.8863,01LAL001
sp400_load025,44.5,response,400.0,25.0,381.9829,17.7383,139.2419,519.2102,25.0002,20.354,16.9616,2.6607,-6.6745,0.1421,20.8333,16.9616,01LAL001
sp400_load025,44.6,response,400.0,25.0,381.7096,18.0171,139.2271,519.176,25.0002,20.4441,17.0368,2.7026,-6.6385,0.1394,20.8333,17.0368,01LAL001
sp400_load025,44.7,response,400.0,25.0,381.4416,18.2904,139.2128,519.1424,25.0002,20.534,17.1117,2.7436,-6.6019,0.1367,20.8333,17.1117,01LAL001
sp400_load025,44.8,response,400.0,25.0,381.179,18.5584,139.1989,519.1096,25.0002,20.6235,17.1863,2.7838,-6.5648,0.134,20.8333,17.1863,01LAL001
sp400_load025,44.9,response,400.0,25.0,380.9218,18.821,139.1855,519.0774,25.0001,20.7128,17.2606,2.8232,-6.5272,0.1313,20.8333,17.2606,01LAL001
sp400_load025,45.0,response,400.0,25.0,380.6698,19.0782,139.1724,519.0459,25.0001,20.8016,17.3347,2.8617,-6.489,0.1286,20.8333,17.3347,01LAL001
sp400_load025,45.1,response,400.0,25.0,380.4232,19.3302,139.1597,519.0149,25.0001,20.8902,17.4085,2.8995,-6.4503,0.126,20.8333,17.4085,01LAL001
sp400_load025,45.2,response,400.0,25.0,380.1819,19.5768,139.1474,518.9847,25.0001,20.9784,17.482,2.9365,-6.4112,0.1233,20.8333,17.482,01LAL001
sp400_load025,45.3,response,400.0,25.0,379.9459,19.8181,139.1355,518.955,25.0001,21.0662,17.5551,2.9727,-6.3715,0.1207,20.8333,17.5551,01LAL001
sp400_load025,45.4,response,400.0,25.0,379.7151,20.0541,139.124,518.9259,25.0001,21.1536,17.628,3.0081,-6.3314,0.118,20.8333,17.628,01LAL001
sp400_load025,45.5,response,400.0,25.0,379.4896,20.2849,139.1127,518.8973,25.0001,21.2407,17.7006,3.0427,-6.2909,0.1154,20.8333,17.7006,01LAL001
sp400_load025,45.6,response,400.0,25.0,379.2692,20.5104,139.1019,518.8694,25.0001,21.3274,17.7728,3.0766,-6.2499,0.1128,20.8333,17.7728,01LAL001
sp400_load025,45.7,response,400.0,25.0,379.054,20.7308,139.0913,518.842,25.0001,21.4137,17.8447,3.1096,-6.2084,0.1102,20.8333,17.8447,01LAL001
sp400_load025,45.8,response,400.0,25.0,378.844,20.946,139.0811,518.8152,25.0001,21.4996,17.9163,3.1419,-6.1665,0.1076,20.8333,17.9163,01LAL001
sp400_load025,45.9,response,400.0,25.0,378.6391,21.156,139.0711,518.7889,25.0001,21.5851,17.9876,3.1734,-6.1242,0.105,20.8333,17.9876,01LAL001
sp400_load025,46.0,response,400.0,25.0,378.4393,21.3609,139.0615,518.7631,25.0001,21.6701,18.0585,3.2041,-6.0815,0.1024,20.8333,18.0585,01LAL001
sp400_load025,46.1,response,400.0,25.0,378.2446,21.5607,139.0522,518.7378,25.0001,21.7548,18.129,3.2341,-6.0383,0.0999,20.8333,18.129,01LAL001
sp400_load025,46.2,response,400.0,25.0,378.0549,21.7554,139.0431,518.7131,25.0,21.839,18.1992,3.2633,-5.9948,0.0974,20.8333,18.1992,01LAL001
sp400_load025,46.3,response,400.0,25.0,377.8703,21.9451,139.0343,518.6888,25.0,21.9228,18.269,3.2918,-5.9509,0.0948,20.8333,18.269,01LAL001
sp400_load025,46.4,response,400.0,25.0,377.6906,22.1297,139.0258,518.665,25.0,22.0061,18.3384,3.3195,-5.9067,0.0923,20.8333,18.3384,01LAL001
sp400_load025,46.5,response,400.0,25.0,377.516,22.3094,139.0175,518.6417,25.0,22.089,18.4075,3.3464,-5.8621,0.0898,20.8333,18.4075,01LAL001
sp400_load025,46.6,response,400.0,25.0,377.3463,22.484,139.0095,518.6189,25.0,22.1714,18.4762,3.3726,-5.8171,0.0873,20.8333,18.4762,01LAL001
sp400_load025,46.7,response,400.0,25.0,377.1815,22.6537,139.0017,518.5965,25.0,22.2534,18.5445,3.3981,-5.7718,0.0849,20.8333,18.5445,01LAL001
sp400_load025,46.8,response,400.0,25.0,377.0215,22.8185,138.9941,518.5746,25.0,22.3348,18.6124,3.4228,-5.7262,0.0824,20.8333,18.6124,01LAL001
sp400_load025,46.9,response,400.0,25.0,376.8665,22.9785,138.9868,518.5531,25.0,22.4158,18.6799,3.4468,-5.6802,0.08,20.8333,18.6799,01LAL001
sp400_load025,47.0,response,400.0,25.0,376.7163,23.1335,138.9797,518.532,25.0,22.4964,18.747,3.47,-5.6339,0.0775,20.8333,18.747,01LAL001
sp400_load025,47.1,response,400.0,25.0,376.5709,23.2837,138.9728,518.5114,25.0,22.5764,18.8136,3.4926,-5.5874,0.0751,20.8333,18.8136,01LAL001
sp400_load025,47.2,response,400.0,25.0,376.4302,23.4291,138.9661,518.4912,25.0,22.6559,18.8799,3.5144,-5.5405,0.0727,20.8333,18.8799,01LAL001
sp400_load025,47.3,response,400.0,25.0,376.2943,23.5698,138.9597,518.4714,25.0,22.7349,18.9458,3.5355,-5.4934,0.0703,20.8333,18.9458,01LAL001
sp400_load025,47.4,response,400.0,25.0,376.1631,23.7057,138.9534,518.4519,25.0,22.8134,19.0112,3.5559,-5.4459,0.068,20.8333,19.0112,01LAL001
sp400_load025,47.5,response,400.0,25.0,376.0366,23.8369,138.9473,518.4329,25.0,22.8914,19.0762,3.5755,-5.3983,0.0656,20.8333,19.0762,01LAL001
sp400_load025,47.6,response,400.0,25.0,375.9147,23.9634,138.9414,518.4142,25.0,22.9689,19.1408,3.5945,-5.3503,0.0633,20.8333,19.1408,01LAL001
sp400_load025,47.7,response,400.0,25.0,375.7975,24.0853,138.9356,518.3959,25.0,23.0459,19.2049,3.6128,-5.3022,0.0609,20.8333,19.2049,01LAL001
sp400_load025,47.8,response,400.0,25.0,375.6848,24.2025,138.93,518.378,25.0,23.1223,19.2686,3.6304,-5.2538,0.0586,20.8333,19.2686,01LAL001
sp400_load025,47.9,response,400.0,25.0,375.5767,24.3152,138.9246,518.3605,25.0,23.1982,19.3318,3.6473,-5.2051,0.0563,20.8333,19.3318,01LAL001
sp400_load025,48.0,response,400.0,25.0,375.4731,24.4233,138.9194,518.3433,25.0,23.2735,19.3946,3.6635,-5.1563,0.0541,20.8333,19.3946,01LAL001
sp400_load025,48.1,response,400.0,25.0,375.374,24.5269,138.9143,518.3264,25.0,23.3483,19.4569,3.679,-5.1072,0.0518,20.8333,19.4569,01LAL001
sp400_load025,48.2,response,400.0,25.0,375.2794,24.626,138.9094,518.3099,25.0,23.4226,19.5188,3.6939,-5.058,0.0496,20.8333,19.5188,01LAL001
sp400_load025,48.3,response,400.0,25.0,375.1891,24.7206,138.9046,518.2937,25.0,23.4962,19.5802,3.7081,-5.0085,0.0473,20.8333,19.5802,01LAL001
sp400_load025,48.4,response,400.0,25.0,375.1033,24.8109,138.9,518.2778,25.0,23.5694,19.6411,3.7216,-4.9589,0.0451,20.8333,19.6411,01LAL001
sp400_load025,48.5,response,400.0,25.0,375.0218,24.8967,138.8955,518.2622,25.0,23.6419,19.7016,3.7345,-4.9091,0.0429,20.8333,19.7016,01LAL001
sp400_load025,48.6,response,400.0,25.0,374.9446,24.9782,138.8911,518.247,25.0,23.714,19.7616,3.7467,-4.8592,0.0407,20.8333,19.7616,01LAL001
sp400_load025,48.7,response,400.0,25.0,374.8718,25.0554,138.8869,518.2321,25.0,23.7854,19.8212,3.7583,-4.8091,0.0386,20.8333,19.8212,01LAL001
sp400_load025,48.8,response,400.0,25.0,374.8031,25.1282,138.8828,518.2174,25.0,23.8562,19.8802,3.7692,-4.7588,0.0364,20.8333,19.8802,01LAL001
sp400_load025,48.9,response,400.0,25.0,374.7387,25.1969,138.8788,518.2031,25.0,23.9265,19.9388,3.7795,-4.7084,0.0343,20.8333,19.9388,01LAL001
sp400_load025,49.0,response,400.0,25.0,374.6785,25.2613,138.8749,518.189,25.0,23.9962,19.9968,3.7892,-4.6579,0.0322,20.8333,19.9968,01LAL001
sp400_load025,49.1,response,400.0,25.0,374.6224,25.3215,138.8712,518.1752,25.0,24.0653,20.0544,3.7982,-4.6073,0.0301,20.8333,20.0544,01LAL001
sp400_load025,49.2,response,400.0,25.0,374.5705,25.3776,138.8675,518.1617,25.0,24.1338,20.1115,3.8066,-4.5565,0.028,20.8333,20.1115,01LAL001
sp400_load025,49.3,response,400.0,25.0,374.5226,25.4295,138.864,518.1485,25.0,24.2017,20.1681,3.8144,-4.5056,0.026,20.8333,20.1681,01LAL001
sp400_load025,49.4,response,400.0,25.0,374.4787,25.4774,138.8606,518.1355,25.0,24.2691,20.2242,3.8216,-4.4547,0.0239,20.8333,20.2242,01LAL001
sp400_load025,49.5,response,400.0,25.0,374.4388,25.5213,138.8573,518.1228,25.0,24.3358,20.2798,3.8282,-4.4036,0.0219,20.8333,20.2798,01LAL001
sp400_load025,49.6,response,400.0,25.0,374.403,25.5612,138.8541,518.1103,25.0,24.4019,20.3349,3.8342,-4.3525,0.0199,20.8333,20.3349,01LAL001
sp400_load025,49.7,response,400.0,25.0,374.371,25.597,138.8509,518.0981,25.0,24.4674,20.3895,3.8396,-4.3013,0.0179,20.8333,20.3895,01LAL001
sp400_load025,49.8,response,400.0,25.0,374.3429,25.629,138.8479,518.0862,25.0,24.5323,20.4436,3.8443,-4.2501,0.016,20.8333,20.4436,01LAL001
sp400_load025,49.9,response,400.0,25.0,374.3187,25.6571,138.845,518.0745,25.0,24.5966,20.4972,3.8486,-4.1988,0.014,20.8333,20.4972,01LAL001
sp400_load025,50.0,response,400.0,25.0,374.2984,25.6813,138.8421,518.063,25.0,24.6603,20.5502,3.8522,-4.1474,0.0121,20.8333,20.5502,01LAL001
sp400_load025,50.1,response,400.0,25.0,374.2818,25.7016,138.8394,518.0517,25.0,24.7233,20.6028,3.8552,-4.096,0.0102,20.8333,20.6028,01LAL001
sp400_load025,50.2,response,400.0,25.0,374.2689,25.7182,138.8367,518.0407,25.0,24.7858,20.6548,3.8577,-4.0445,0.0083,20.8333,20.6548,01LAL001
sp400_load025,50.3,response,400.0,25.0,374.2598,25.7311,138.8341,518.0299,25.0,24.8476,20.7063,3.8597,-3.9931,0.0064,20.8333,20.7063,01LAL001
sp400_load025,50.4,response,400.0,25.0,374.2543,25.7402,138.8316,518.0193,25.0,24.9088,20.7573,3.861,-3.9416,0.0046,20.8333,20.7573,01LAL001
sp400_load025,50.5,response,400.0,25.0,374.2525,25.7457,138.8291,518.0089,25.0,24.9694,20.8078,3.8619,-3.8901,0.0027,20.8333,20.8078,01LAL001
sp400_load025,50.6,response,400.0,25.0,374.2542,25.7475,138.8267,517.9987,25.0,25.0293,20.8578,3.8621,-3.8386,0.0009,20.8333,20.8578,01LAL001
sp400_load025,50.7,response,400.0,25.0,374.2595,25.7458,138.8244,517.9887,25.0,25.0886,20.9072,3.8619,-3.7871,-0.0009,20.8333,20.9072,01LAL001
sp400_load025,50.8,response,400.0,25.0,374.2684,25.7405,138.8222,517.979,25.0,25.1473,20.9561,3.8611,-3.7356,-0.0027,20.8333,20.9561,01LAL001
sp400_load025,50.9,response,400.0,25.0,374.2807,25.7316,138.82,517.9694,25.0,25.2054,21.0045,3.8597,-3.6842,-0.0044,20.8333,21.0045,01LAL001
sp400_load025,51.0,response,400.0,25.0,374.2965,25.7193,138.8179,517.96,25.0,25.2628,21.0523,3.8579,-3.6327,-0.0062,20.8333,21.0523,01LAL001
sp400_load025,51.1,response,400.0,25.0,374.3156,25.7035,138.8159,517.9508,25.0,25.3196,21.0996,3.8555,-3.5813,-0.0079,20.8333,21.0996,01LAL001
sp400_load025,51.2,response,400.0,25.0,374.3382,25.6844,138.8139,517.9418,25.0,25.3757,21.1464,3.8527,-3.53,-0.0096,20.8333,21.1464,01LAL001
sp400_load025,51.3,response,400.0,25.0,374.364,25.6618,138.812,517.9329,25.0,25.4312,21.1927,3.8493,-3.4786,-0.0113,20.8333,21.1927,01LAL001
sp400_load025,51.4,response,400.0,25.0,374.3932,25.636,138.8101,517.9243,25.0,25.4861,21.2384,3.8454,-3.4274,-0.0129,20.8333,21.2384,01LAL001
sp400_load025,51.5,response,400.0,25.0,374.4256,25.6068,138.8083,517.9158,25.0,25.5403,21.2836,3.841,-3.3762,-0.0146,20.8333,21.2836,01LAL001
sp400_load025,51.6,response,400.0,25.0,374.4613,25.5744,138.8066,517.9075,25.0,25.5939,21.3283,3.8362,-3.325,-0.0162,20.8333,21.3283,01LAL001
sp400_load025,51.7,response,400.0,25.0,374.5001,25.5387,138.8049,517.8993,25.0,25.6469,21.3724,3.8308,-3.2739,-0.0178,20.8333,21.3724,01LAL001
sp400_load025,51.8,response,400.0,25.0,374.542,25.4999,138.8032,517.8913,25.0,25.6992,21.416,3.825,-3.2229,-0.0194,20.8333,21.416,01LAL001
sp400_load025,51.9,response,400.0,25.0,374.5871,25.458,138.8016,517.8835,25.0,25.7508,21.459,3.8187,-3.172,-0.021,20.8333,21.459,01LAL001
sp400_load025,52.0,response,400.0,25.0,374.6352,25.4129,138.8001,517.8758,25.0,25.8019,21.5016,3.8119,-3.1212,-0.0225,20.8333,21.5016,01LAL001
sp400_load025,52.1,response,400.0,25.0,374.6863,25.3648,138.7986,517.8683,25.0,25.8522,21.5435,3.8047,-3.0705,-0.0241,20.8333,21.5435,01LAL001
sp400_load025,52.2,response,400.0,25.0,374.7404,25.3137,138.7971,517.861,25.0,25.902,21.585,3.7971,-3.0198,-0.0256,20.8333,21.585,01LAL001
sp400_load025,52.3,response,400.0,25.0,374.7975,25.2596,138.7957,517.8537,25.0,25.9511,21.6259,3.7889,-2.9693,-0.0271,20.8333,21.6259,01LAL001
sp400_load025,52.4,response,400.0,25.0,374.8575,25.2025,138.7943,517.8467,25.0,25.9995,21.6663,3.7804,-2.9189,-0.0285,20.8333,21.6663,01LAL001
sp400_load025,52.5,response,400.0,25.0,374.9203,25.1425,138.793,517.8397,25.0,26.0473,21.7061,3.7714,-2.8686,-0.03,20.8333,21.7061,01LAL001
sp400_load025,52.6,response,400.0,25.0,374.986,25.0797,138.7917,517.8329,25.0,26.0945,21.7454,3.762,-2.8185,-0.0314,20.8333,21.7454,01LAL001
sp400_load025,52.7,response,400.0,25.0,375.0544,25.014,138.7905,517.8263,25.0,26.141,21.7842,3.7521,-2.7684,-0.0328,20.8333,21.7842,01LAL001
sp400_load025,52.8,response,400.0,25.0,375.1257,24.9456,138.7893,517.8198,25.0,26.1869,21.8224,3.7418,-2.7185,-0.0342,20.8333,21.8224,01LAL001
sp400_load025,52.9,response,400.0,25.0,375.1996,24.8743,138.7881,517.8134,25.0,26.2321,21.8601,3.7312,-2.6688,-0.0356,20.8333,21.8601,01LAL001
sp400_load025,53.0,response,400.0,25.0,375.2762,24.8004,138.7869,517.8071,25.0,26.2767,21.8972,3.7201,-2.6192,-0.037,20.8333,21.8972,01LAL001
sp400_load025,53.1,response,400.0,25.0,375.3554,24.7238,138.7858,517.8009,25.0,26.3206,21.9339,3.7086,-2.5698,-0.0383,20.8333,21.9339,01LAL001
sp400_load025,53.2,response,400.0,25.0,375.4373,24.6446,138.7848,517.7949,25.0,26.3639,21.9699,3.6967,-2.5205,-0.0396,20.8333,21.9699,01LAL001
sp400_load025,53.3,response,400.0,25.0,375.5217,24.5627,138.7837,517.789,25.0,26.4066,22.0055,3.6844,-2.4713,-0.0409,20.8333,22.0055,01LAL001
sp400_load025,53.4,response,400.0,25.0,375.6086,24.4783,138.7827,517.7832,25.0,26.4486,22.0405,3.6718,-2.4224,-0.0422,20.8333,22.0405,01LAL001
sp400_load025,53.5,response,400.0,25.0,375.698,24.3914,138.7817,517.7776,25.0,26.49,22.075,3.6587,-2.3736,-0.0435,20.8333,22.075,01LAL001
sp400_load025,53.6,response,400.0,25.0,375.7898,24.302,138.7808,517.772,25.0,26.5307,22.1089,3.6453,-2.325,-0.0447,20.8333,22.1089,01LAL001
sp400_load025,53.7,response,400.0,25.0,375.8841,24.2102,138.7798,517.7666,25.0,26.5708,22.1424,3.6315,-2.2766,-0.0459,20.8333,22.1424,01LAL001
sp400_load025,53.8,response,400.0,25.0,375.9807,24.1159,138.779,517.7613,25.0,26.6103,22.1753,3.6174,-2.2283,-0.0471,20.8333,22.1753,01LAL001
sp400_load025,53.9,response,400.0,25.0,376.0796,24.0193,138.7781,517.756,25.0,26.6491,22.2076,3.6029,-2.1803,-0.0483,20.8333,22.2076,01LAL001
sp400_load025,54.0,response,400.0,25.0,376.1809,23.9204,138.7772,517.7509,25.0,26.6873,22.2395,3.5881,-2.1325,-0.0495,20.8333,22.2395,01LAL001
sp400_load025,54.1,response,400.0,25.0,376.2844,23.8191,138.7764,517.7459,25.0,26.7249,22.2708,3.5729,-2.0848,-0.0506,20.8333,22.2708,01LAL001
sp400_load025,54.2,response,400.0,25.0,376.3901,23.7156,138.7756,517.741,25.0,26.7618,22.3015,3.5573,-2.0374,-0.0517,20.8333,22.3015,01LAL001
sp400_load025,54.3,response,400.0,25.0,376.498,23.6099,138.7749,517.7362,25.0,26.7982,22.3318,3.5415,-1.9902,-0.0529,20.8333,22.3318,01LAL001
sp400_load025,54.4,response,400.0,25.0,376.608,23.502,138.7741,517.7314,25.0,26.8338,22.3615,3.5253,-1.9432,-0.0539,20.8333,22.3615,01LAL001
sp400_load025,54.5,response,400.0,25.0,376.7201,23.392,138.7734,517.7268,25.0,26.8689,22.3907,3.5088,-1.8964,-0.055,20.8333,22.3907,01LAL001
sp400_load025,54.6,response,400.0,25.0,376.8343,23.2799,138.7727,517.7223,25.0,26.9033,22.4194,3.492,-1.8498,-0.0561,20.8333,22.4194,01LAL001
sp400_load025,54.7,response,400.0,25.0,376.9506,23.1657,138.772,517.7178,25.0,26.9371,22.4476,3.4749,-1.8035,-0.0571,20.8333,22.4476,01LAL001
sp400_load025,54.8,response,400.0,25.0,377.0688,23.0494,138.7714,517.7135,25.0,26.9703,22.4752,3.4574,-1.7574,-0.0581,20.8333,22.4752,01LAL001
sp400_load025,54.9,response,400.0,25.0,377.1889,22.9312,138.7707,517.7092,25.0,27.0029,22.5024,3.4397,-1.7115,-0.0591,20.8333,22.5024,01LAL001
sp400_load025,55.0,response,400.0,25.0,377.311,22.8111,138.7701,517.705,25.0,27.0348,22.529,3.4217,-1.6659,-0.0601,20.8333,22.529,01LAL001
sp400_load025,55.1,response,400.0,25.0,377.435,22.689,138.7695,517.7009,25.0,27.0661,22.5551,3.4033,-1.6205,-0.061,20.8333,22.5551,01LAL001
sp400_load025,55.2,response,400.0,25.0,377.5608,22.565,138.7689,517.6969,25.0,27.0968,22.5807,3.3847,-1.5754,-0.062,20.8333,22.5807,01LAL001
sp400_load025,55.3,response,400.0,25.0,377.6884,22.4392,138.7683,517.693,25.0,27.1269,22.6058,3.3659,-1.5305,-0.0629,20.8333,22.6058,01LAL001
sp400_load025,55.4,response,400.0,25.0,377.8178,22.3116,138.7678,517.6891,25.0,27.1564,22.6304,3.3467,-1.4859,-0.0638,20.8333,22.6304,01LAL001
sp400_load025,55.5,response,400.0,25.0,377.9489,22.1822,138.7673,517.6853,25.0,27.1853,22.6544,3.3273,-1.4415,-0.0647,20.8333,22.6544,01LAL001
sp400_load025,55.6,response,400.0,25.0,378.0817,22.0511,138.7667,517.6816,25.0,27.2136,22.678,3.3077,-1.3974,-0.0656,20.8333,22.678,01LAL001
sp400_load025,55.7,response,400.0,25.0,378.2162,21.9183,138.7662,517.678,25.0,27.2413,22.7011,3.2877,-1.3536,-0.0664,20.8333,22.7011,01LAL001
sp400_load025,55.8,response,400.0,25.0,378.3523,21.7838,138.7657,517.6744,25.0,27.2684,22.7236,3.2676,-1.31,-0.0672,20.8333,22.7236,01LAL001
sp400_load025,55.9,response,400.0,25.0,378.49,21.6477,138.7653,517.6709,25.0,27.2948,22.7457,3.2472,-1.2667,-0.0681,20.8333,22.7457,01LAL001
sp400_load025,56.0,response,400.0,25.0,378.6293,21.51,138.7648,517.6675,25.0,27.3207,22.7673,3.2265,-1.2237,-0.0688,20.8333,22.7673,01LAL001
sp400_load025,56.1,response,400.0,25.0,378.77,21.3707,138.7644,517.6642,25.0,27.346,22.7884,3.2056,-1.181,-0.0696,20.8333,22.7884,01LAL001
sp400_load025,56.2,response,400.0,25.0,378.9123,21.23,138.7639,517.6609,25.0,27.3707,22.8089,3.1845,-1.1385,-0.0704,20.8333,22.8089,01LAL001
sp400_load025,56.3,response,400.0,25.0,379.056,21.0877,138.7635,517.6577,25.0,27.3948,22.829,3.1632,-1.0963,-0.0711,20.8333,22.829,01LAL001
sp400_load025,56.4,response,400.0,25.0,379.2011,20.944,138.7631,517.6545,25.0,27.4184,22.8486,3.1416,-1.0544,-0.0718,20.8333,22.8486,01LAL001
sp400_load025,56.5,response,400.0,25.0,379.3475,20.7989,138.7627,517.6514,25.0,27.4413,22.8678,3.1198,-1.0129,-0.0726,20.8333,22.8678,01LAL001
sp400_load025,56.6,response,400.0,25.0,379.4954,20.6525,138.7623,517.6484,25.0,27.4637,22.8864,3.0979,-0.9715,-0.0732,20.8333,22.8864,01LAL001
sp400_load025,56.7,response,400.0,25.0,379.6445,20.5046,138.762,517.6454,25.0,27.4855,22.9046,3.0757,-0.9305,-0.0739,20.8333,22.9046,01LAL001
sp400_load025,56.8,response,400.0,25.0,379.7949,20.3555,138.7616,517.6425,25.0,27.5067,22.9223,3.0533,-0.8898,-0.0746,20.8333,22.9223,01LAL001
sp400_load025,56.9,response,400.0,25.0,379.9465,20.2051,138.7613,517.6397,25.0,27.5274,22.9395,3.0308,-0.8494,-0.0752,20.8333,22.9395,01LAL001
sp400_load025,57.0,response,400.0,25.0,380.0994,20.0535,138.7609,517.6369,25.0,27.5475,22.9562,3.008,-0.8093,-0.0758,20.8333,22.9562,01LAL001
sp400_load025,57.1,response,400.0,25.0,380.2534,19.9006,138.7606,517.6341,25.0,27.567,22.9725,2.9851,-0.7695,-0.0764,20.8333,22.9725,01LAL001
sp400_load025,57.2,response,400.0,25.0,380.4086,19.7466,138.7603,517.6314,25.0,27.586,22.9883,2.962,-0.73,-0.077,20.8333,22.9883,01LAL001
sp400_load025,57.3,response,400.0,25.0,380.5648,19.5914,138.76,517.6288,25.0,27.6044,23.0036,2.9387,-0.6908,-0.0776,20.8333,23.0036,01LAL001
sp400_load025,57.4,response,400.0,25.0,380.7222,19.4352,138.7597,517.6262,25.0,27.6222,23.0185,2.9153,-0.652,-0.0781,20.8333,23.0185,01LAL001
sp400_load025,57.5,response,400.0,25.0,380.8805,19.2778,138.7594,517.6237,25.0,27.6395,23.0329,2.8917,-0.6134,-0.0787,20.8333,23.0329,01LAL001
sp400_load025,57.6,response,400.0,25.0,381.0399,19.1195,138.7591,517.6212,25.0,27.6563,23.0469,2.8679,-0.5752,-0.0792,20.8333,23.0469,01LAL001
sp400_load025,57.7,response,400.0,25.0,381.2003,18.9601,138.7588,517.6188,25.0,27.6725,23.0604,2.844,-0.5372,-0.0797,20.8333,23.0604,01LAL001
sp400_load025,57.8,response,400.0,25.0,381.3615,18.7997,138.7586,517.6164,25.0,27.6882,23.0735,2.82,-0.4996,-0.0802,20.8333,23.0735,01LAL001
sp400_load025,57.9,response,400.0,25.0,381.5237,18.6385,138.7583,517.6141,25.0,27.7033,23.0861,2.7958,-0.4624,-0.0806,20.8333,23.0861,01LAL001
sp400_load025,58.0,response,400.0,25.0,381.6868,18.4763,138.7581,517.6118,25.0,27.7179,23.0983,2.7714,-0.4254,-0.0811,20.8333,23.0983,01LAL001
sp400_load025,58.1,response,400.0,25.0,381.8507,18.3132,138.7578,517.6096,25.0,27.732,23.11,2.747,-0.3888,-0.0815,20.8333,23.11,01LAL001
sp400_load025,58.2,response,400.0,25.0,382.0155,18.1493,138.7576,517.6074,25.0,27.7455,23.1213,2.7224,-0.3525,-0.082,20.8333,23.1213,01LAL001
sp400_load025,58.3,response,400.0,25.0,382.181,17.9845,138.7574,517.6053,25.0,27.7585,23.1321,2.6977,-0.3165,-0.0824,20.8333,23.1321,01LAL001
sp400_load025,58.4,response,400.0,25.0,382.3472,17.819,138.7571,517.6032,25.0,27.7711,23.1425,2.6729,-0.2809,-0.0828,20.8333,23.1425,01LAL001
sp400_load025,58.5,response,400.0,25.0,382.5142,17.6528,138.7569,517.6011,25.0,27.783,23.1525,2.6479,-0.2456,-0.0831,20.8333,23.1525,01LAL001
sp400_load025,58.6,response,400.0,25.0,382.6819,17.4858,138.7567,517.5991,25.0,27.7945,23.1621,2.6229,-0.2106,-0.0835,20.8333,23.1621,01LAL001
sp400_load025,58.7,response,400.0,25.0,382.8502,17.3181,138.7565,517.5971,25.0,27.8055,23.1712,2.5977,-0.176,-0.0838,20.8333,23.1712,01LAL001
sp400_load025,58.8,response,400.0,25.0,383.0192,17.1498,138.7563,517.5951,25.0,27.816,23.18,2.5725,-0.1417,-0.0842,20.8333,23.18,01LAL001
sp400_load025,58.9,response,400.0,25.0,383.1887,16.9808,138.7561,517.5932,25.0,27.8259,23.1883,2.5471,-0.1077,-0.0845,20.8333,23.1883,01LAL001
sp400_load025,59.0,response,400.0,25.0,383.3589,16.8113,138.7559,517.5914,25.0,27.8354,23.1962,2.5217,-0.0741,-0.0848,20.8333,23.1962,01LAL001
sp400_load025,59.1,response,400.0,25.0,383.5295,16.6411,138.7558,517.5895,25.0,27.8444,23.2036,2.4962,-0.0408,-0.0851,20.8333,23.2036,01LAL001
sp400_load025,59.2,response,400.0,25.0,383.7007,16.4705,138.7556,517.5878,25.0,27.8529,23.2107,2.4706,-0.0079,-0.0853,20.8333,23.2107,01LAL001
sp400_load025,59.3,response,400.0,25.0,383.8723,16.2993,138.7554,517.586,25.0,27.8609,23.2174,2.4449,0.0247,-0.0856,20.8333,23.2174,01LAL001
sp400_load025,59.4,response,400.0,25.0,384.0444,16.1277,138.7553,517.5843,25.0,27.8684,23.2236,2.4191,0.057,-0.0858,20.8333,23.2236,01LAL001
sp400_load025,59.5,response,400.0,25.0,384.217,15.9556,138.7551,517.5826,25.0,27.8754,23.2295,2.3933,0.0889,-0.0861,20.8333,23.2295,01LAL001
sp400_load025,59.6,response,400.0,25.0,384.3899,15.783,138.7549,517.5809,25.0,27.882,23.235,2.3675,0.1205,-0.0863,20.8333,23.235,01LAL001
sp400_load025,59.7,response,400.0,25.0,384.5632,15.6101,138.7548,517.5793,25.0,27.8881,23.2401,2.3415,0.1517,-0.0865,20.8333,23.2401,01LAL001
sp400_load025,59.8,response,400.0,25.0,384.7368,15.4368,138.7547,517.5777,25.0,27.8937,23.2448,2.3155,0.1826,-0.0866,20.8333,23.2448,01LAL001
sp400_load025,59.9,response,400.0,25.0,384.9107,15.2632,138.7545,517.5762,25.0,27.8989,23.2491,2.2895,0.2131,-0.0868,20.8333,23.2491,01LAL001
sp400_load025,60.0,response,400.0,25.0,385.085,15.0893,138.7544,517.5747,25.0,27.9036,23.253,2.2634,0.2433,-0.087,20.8333,23.253,01LAL001
sp400_load050,0.1,baseline,500.0,60.0,500.0,0.0,165.0,540.04,60.0,60.0,50.0,0.0,0.0,0.0,50.0,50.0,
sp400_load050,0.2,baseline,500.0,60.0,500.0,0.0,165.0,540.0792,60.0,60.0,50.0,0.0,0.0,0.0,50.0,50.0,
sp400_load050,0.3,baseline,500.0,60.0,500.0,0.0,165.0,540.1176,60.0,60.0,50.0,0.0,0.0,0.0,50.0,50.0,
sp400_load050,0.4,baseline,500.0,60.0,500.0,0.0,165.0,540.1553,60.0,60.0,50.0,0.0,0.0,0.0,50.0,50.0,
sp400_load050,0.5,baseline,500.0,60.0,500.0,0.0,165.0,540.1922,60.0,60.0,50.0,0.0,0.0,0.0,50.0,50.0,
sp400_load050,0.6,baseline,500.0,60.0,500.0,0.0,165.0,540.2283,60.0,60.0,50.0,0.0,0.0,0.0,50.0,50.0,
sp400_load050,0.7,baseline,500.0,60.0,500.0,0.0,165.0,540.2637,60.0,60.0,50.0,0.0,0.0,0.0,50.0,50.0,
sp400_load050,0.8,baseline,500.0,60.0,500.0,0.0,165.0,540.2985,60.0,60.0,50.0,0.0,0.0,0.0,50.0,50.0,
sp400_load050,0.9,baseline,500.0,60.0,500.0,0.0,165.0,540.3325,60.0,60.0,50.0,0.0,0.0,0.0,50.0,50.0,
sp400_load050,1.0,baseline,500.0,60.0,500.0,0.0,165.0,540.3659,60.0,60.0,50.0,0.0,0.0,0.0,50.0,50.0,
sp400_load050,1.1,baseline,500.0,60.0,500.0,0.0,165.0,540.3985,60.0,60.0,50.0,0.0,0.0,0.0,50.0,50.0,
sp400_load050,1.2,baseline,500.0,60.0,500.0,0.0,165.0,540.4306,60.0,60.0,50.0,0.0,0.0,0.0,50.0,50.0,
sp400_load050,1.3,baseline,500.0,60.0,500.0,0.0,165.0,540.462,60.0,60.0,50.0,0.0,0.0,0.0,50.0,50.0,
sp400_load050,1.4,baseline,500.0,60.0,500.0,0.0,165.0,540.4927,60.0,60.0,50.0,0.0,0.0,0.0,50.0,50.0,
sp400_load050,1.5,baseline,500.0,60.0,500.0,0.0,165.0,540.5229,60.0,60.0,50.0,0.0,0.0,0.0,50.0,50.0,
sp400_load050,1.6,baseline,500.0,60.0,500.0,0.0,165.0,540.5524,60.0,60.0,50.0,0.0,0.0,0.0,50.0,50.0,
sp400_load050,1.7,baseline,500.0,60.0,500.0,0.0,165.0,540.5814,60.0,60.0,50.0,0.0,0.0,0.0,50.0,50.0,
sp400_load050,1.8,baseline,500.0,60.0,500.0,0.0,165.0,540.6097,60.0,60.0,50.0,0.0,0.0,0.0,50.0,50.0,
sp400_load050,1.9,baseline,500.0,60.0,500.0,0.0,165.0,540.6375,60.0,60.0,50.0,0.0,0.0,0.0,50.0,50.0,
sp400_load050,2.0,baseline,500.0,60.0,500.0,0.0,165.0,540.6648,60.0,60.0,50.0,0.0,0.0,0.0,50.0,50.0,
sp400_load050,2.1,baseline,500.0,60.0,500.0,0.0,165.0,540.6915,60.0,60.0,50.0,0.0,0.0,0.0,50.0,50.0,
sp400_load050,2.2,baseline,500.0,60.0,500.0,0.0,165.0,540.7177,60.0,60.0,50.0,0.0,0.0,0.0,50.0,50.0,
sp400_load050,2.3,baseline,500.0,60.0,500.0,0.0,165.0,540.7433,60.0,60.0,50.0,0.0,0.0,0.0,50.0,50.0,
sp400_load050,2.4,baseline,500.0,60.0,500.0,0.0,165.0,540.7684,60.0,60.0,50.0,0.0,0.0,0.0,50.0,50.0,
sp400_load050,2.5,baseline,500.0,60.0,500.0,0.0,165.0,540.7931,60.0,60.0,50.0,0.0,0.0,0.0,50.0,50.0,
sp400_load050,2.6,baseline,500.0,60.0,500.0,0.0,165.0,540.8172,60.0,60.0,50.0,0.0,0.0,0.0,50.0,50.0,
sp400_load050,2.7,baseline,500.0,60.0,500.0,0.0,165.0,540.8409,60.0,60.0,50.0,0.0,0.0,0.0,50.0,50.0,
sp400_load050,2.8,baseline,500.0,60.0,500.0,0.0,165.0,540.864,60.0,60.0,50.0,0.0,0.0,0.0,50.0,50.0,
sp400_load050,2.9,baseline,500.0,60.0,500.0,0.0,165.0,540.8868,60.0,60.0,50.0,0.0,0.0,0.0,50.0,50.0,
sp400_load050,3.0,baseline,500.0,60.0,500.0,0.0,165.0,540.909,60.0,60.0,50.0,0.0,0.0,0.0,50.0,50.0,
sp400_load050,3.1,baseline,500.0,60.0,500.0,0.0,165.0,540.9309,60.0,60.0,50.0,0.0,0.0,0.0,50.0,50.0,
sp400_load050,3.2,baseline,500.0,60.0,500.0,0.0,165.0,540.9522,60.0,60.0,50.0,0.0,0.0,0.0,50.0,50.0,
sp400_load050,3.3,baseline,500.0,60.0,500.0,0.0,165.0,540.9732,60.0,60.0,50.0,0.0,0.0,0.0,50.0,50.0,
sp400_load050,3.4,baseline,500.0,60.0,500.0,0.0,165.0,540.9937,60.0,60.0,50.0,0.0,0.0,0.0,50.0,50.0,
sp400_load050,3.5,baseline,500.0,60.0,500.0,0.0,165.0,541.0139,60.0,60.0,50.0,0.0,0.0,0.0,50.0,50.0,
sp400_load050,3.6,baseline,500.0,60.0,500.0,0.0,165.0,541.0336,60.0,60.0,50.0,0.0,0.0,0.0,50.0,50.0,
sp400_load050,3.7,baseline,500.0,60.0,500.0,0.0,165.0,541.0529,60.0,60.0,50.0,0.0,0.0,0.0,50.0,50.0,
sp400_load050,3.8,baseline,500.0,60.0,500.0,0.0,165.0,541.0718,60.0,60.0,50.0,0.0,0.0,0.0,50.0,50.0,
sp400_load050,3.9,baseline,500.0,60.0,500.0,0.0,165.0,541.0904,60.0,60.0,50.0,0.0,0.0,0.0,50.0,50.0,
sp400_load050,4.0,baseline,500.0,60.0,500.0,0.0,165.0,541.1086,60.0,60.0,50.0,0.0,0.0,0.0,50.0,50.0,
sp400_load050,4.1,baseline,500.0,60.0,500.0,0.0,165.0,541.1264,60.0,60.0,50.0,0.0,0.0,0.0,50.0,50.0,
sp400_load050,4.2,baseline,500.0,60.0,500.0,0.0,165.0,541.1439,60.0,60.0,50.0,0.0,0.0,0.0,50.0,50.0,
sp400_load050,4.3,baseline,500.0,60.0,500.0,0.0,165.0,541.161,60.0,60.0,50.0,0.0,0.0,0.0,50.0,50.0,
sp400_load050,4.4,baseline,500.0,60.0,500.0,0.0,165.0,541.1778,60.0,60.0,50.0,0.0,0.0,0.0,50.0,50.0,
sp400_load050,4.5,baseline,500.0,60.0,500.0,0.0,165.0,541.1942,60.0,60.0,50.0,0.0,0.0,0.0,50.0,50.0,
sp400_load050,4.6,baseline,500.0,60.0,500.0,0.0,165.0,541.2104,60.0,60.0,50.0,0.0,0.0,0.0,50.0,50.0,
sp400_load050,4.7,baseline,500.0,60.0,500.0,0.0,165.0,541.2262,60.0,60.0,50.0,0.0,0.0,0.0,50.0,50.0,
sp400_load050,4.8,baseline,500.0,60.0,500.0,0.0,165.0,541.2416,60.0,60.0,50.0,0.0,0.0,0.0,50.0,50.0,
sp400_load050,4.9,baseline,500.0,60.0,500.0,0.0,165.0,541.2568,60.0,60.0,50.0,0.0,0.0,0.0,50.0,50.0,
sp400_load050,5.0,baseline,500.0,60.0,500.0,0.0,165.0,541.2717,60.0,60.0,50.0,0.0,0.0,0.0,50.0,50.0,
sp400_load050,5.1,baseline,500.0,60.0,500.0,0.0,165.0,541.2862,60.0,60.0,50.0,0.0,0.0,0.0,50.0,50.0,
sp400_load050,5.2,baseline,500.0,60.0,500.0,0.0,165.0,541.3005,60.0,60.0,50.0,0.0,0.0,0.0,50.0,50.0,
sp400_load050,5.3,baseline,500.0,60.0,500.0,0.0,165.0,541.3145,60.0,60.0,50.0,0.0,0.0,0.0,50.0,50.0,
sp400_load050,5.4,baseline,500.0,60.0,500.0,0.0,165.0,541.3282,60.0,60.0,50.0,0.0,0.0,0.0,50.0,50.0,
sp400_load050,5.5,baseline,500.0,60.0,500.0,0.0,165.0,541.3416,60.0,60.0,50.0,0.0,0.0,0.0,50.0,50.0,
sp400_load050,5.6,baseline,500.0,60.0,500.0,0.0,165.0,541.3548,60.0,60.0,50.0,0.0,0.0,0.0,50.0,50.0,
sp400_load050,5.7,baseline,500.0,60.0,500.0,0.0,165.0,541.3677,60.0,60.0,50.0,0.0,0.0,0.0,50.0,50.0,
sp400_load050,5.8,baseline,500.0,60.0,500.0,0.0,165.0,541.3804,60.0,60.0,50.0,0.0,0.0,0.0,50.0,50.0,
sp400_load050,5.9,baseline,500.0,60.0,500.0,0.0,165.0,541.3927,60.0,60.0,50.0,0.0,0.0,0.0,50.0,50.0,
sp400_load050,6.0,baseline,500.0,60.0,500.0,0.0,165.0,541.4049,60.0,60.0,50.0,0.0,0.0,0.0,50.0,50.0,
sp400_load050,6.1,baseline,500.0,60.0,500.0,0.0,165.0,541.4168,60.0,60.0,50.0,0.0,0.0,0.0,50.0,50.0,
sp400_load050,6.2,baseline,500.0,60.0,500.0,0.0,165.0,541.4285,60.0,60.0,50.0,0.0,0.0,0.0,50.0,50.0,
sp400_load050,6.3,baseline,500.0,60.0,500.0,0.0,165.0,541.4399,60.0,60.0,50.0,0.0,0.0,0.0,50.0,50.0,
sp400_load050,6.4,baseline,500.0,60.0,500.0,0.0,165.0,541.4511,60.0,60.0,50.0,0.0,0.0,0.0,50.0,50.0,
sp400_load050,6.5,baseline,500.0,60.0,500.0,0.0,165.0,541.4621,60.0,60.0,50.0,0.0,0.0,0.0,50.0,50.0,
sp400_load050,6.6,baseline,500.0,60.0,500.0,0.0,165.0,541.4728,60.0,60.0,50.0,0.0,0.0,0.0,50.0,50.0,
sp400_load050,6.7,baseline,500.0,60.0,500.0,0.0,165.0,541.4834,60.0,60.0,50.0,0.0,0.0,0.0,50.0,50.0,
sp400_load050,6.8,baseline,500.0,60.0,500.0,0.0,165.0,541.4937,60.0,60.0,50.0,0.0,0.0,0.0,50.0,50.0,
sp400_load050,6.9,baseline,500.0,60.0,500.0,0.0,165.0,541.5038,60.0,60.0,50.0,0.0,0.0,0.0,50.0,50.0,
sp400_load050,7.0,baseline,500.0,60.0,500.0,0.0,165.0,541.5138,60.0,60.0,50.0,0.0,0.0,0.0,50.0,50.0,
sp400_load050,7.1,baseline,500.0,60.0,500.0,0.0,165.0,541.5235,60.0,60.0,50.0,0.0,0.0,0.0,50.0,50.0,
sp400_load050,7.2,baseline,500.0,60.0,500.0,0.0,165.0,541.533,60.0,60.0,50.0,0.0,0.0,0.0,50.0,50.0,
sp400_load050,7.3,baseline,500.0,60.0,500.0,0.0,165.0,541.5423,60.0,60.0,50.0,0.0,0.0,0.0,50.0,50.0,
sp400_load050,7.4,baseline,500.0,60.0,500.0,0.0,165.0,541.5515,60.0,60.0,50.0,0.0,0.0,0.0,50.0,50.0,
sp400_load050,7.5,baseline,500.0,60.0,500.0,0.0,165.0,541.5605,60.0,60.0,50.0,0.0,0.0,0.0,50.0,50.0,
sp400_load050,7.6,baseline,500.0,60.0,500.0,0.0,165.0,541.5693,60.0,60.0,50.0,0.0,0.0,0.0,50.0,50.0,
sp400_load050,7.7,baseline,500.0,60.0,500.0,0.0,165.0,541.5779,60.0,60.0,50.0,0.0,0.0,0.0,50.0,50.0,
sp400_load050,7.8,baseline,500.0,60.0,500.0,0.0,165.0,541.5863,60.0,60.0,50.0,0.0,0.0,0.0,50.0,50.0,
sp400_load050,7.9,baseline,500.0,60.0,500.0,0.0,165.0,541.5946,60.0,60.0,50.0,0.0,0.0,0.0,50.0,50.0,
sp400_load050,8.0,baseline,500.0,60.0,500.0,0.0,165.0,541.6027,60.0,60.0,50.0,0.0,0.0,0.0,50.0,50.0,
sp400_load050,8.1,baseline,500.0,60.0,500.0,0.0,165.0,541.6106,60.0,60.0,50.0,0.0,0.0,0.0,50.0,50.0,
sp400_load050,8.2,baseline,500.0,60.0,500.0,0.0,165.0,541.6184,60.0,60.0,50.0,0.0,0.0,0.0,50.0,50.0,
sp400_load050,8.3,baseline,500.0,60.0,500.0,0.0,165.0,541.6261,60.0,60.0,50.0,0.0,0.0,0.0,50.0,50.0,
sp400_load050,8.4,baseline,500.0,60.0,500.0,0.0,165.0,541.6335,60.0,60.0,50.0,0.0,0.0,0.0,50.0,50.0,
sp400_load050,8.5,baseline,500.0,60.0,500.0,0.0,165.0,541.6409,60.0,60.0,50.0,0.0,0.0,0.0,50.0,50.0,
sp400_load050,8.6,baseline,500.0,60.0,500.0,0.0,165.0,541.6481,60.0,60.0,50.0,0.0,0.0,0.0,50.0,50.0,
sp400_load050,8.7,baseline,500.0,60.0,500.0,0.0,165.0,541.6551,60.0,60.0,50.0,0.0,0.0,0.0,50.0,50.0,
sp400_load050,8.8,baseline,500.0,60.0,500.0,0.0,165.0,541.662,60.0,60.0,50.0,0.0,0.0,0.0,50.0,50.0,
sp400_load050,8.9,baseline,500.0,60.0,500.0,0.0,165.0,541.6688,60.0,60.0,50.0,0.0,0.0,0.0,50.0,50.0,
sp400_load050,9.0,baseline,500.0,60.0,500.0,0.0,165.0,541.6754,60.0,60.0,50.0,0.0,0.0,0.0,50.0,50.0,
sp400_load050,9.1,baseline,500.0,60.0,500.0,0.0,165.0,541.6819,60.0,60.0,50.0,0.0,0.0,0.0,50.0,50.0,
sp400_load050,9.2,baseline,500.0,60.0,500.0,0.0,165.0,541.6882,60.0,60.0,50.0,0.0,0.0,0.0,50.0,50.0,
sp400_load050,9.3,baseline,500.0,60.0,500.0,0.0,165.0,541.6945,60.0,60.0,50.0,0.0,0.0,0.0,50.0,50.0,
sp400_load050,9.4,baseline,500.0,60.0,500.0,0.0,165.0,541.7006,60.0,60.0,50.0,0.0,0.0,0.0,50.0,50.0,
sp400_load050,9.5,baseline,500.0,60.0,500.0,0.0,165.0,541.7066,60.0,60.0,50.0,0.0,0.0,0.0,50.0,50.0,
sp400_load050,9.6,baseline,500.0,60.0,500.0,0.0,165.0,541.7124,60.0,60.0,50.0,0.0,0.0,0.0,50.0,50.0,
sp400_load050,9.7,baseline,500.0,60.0,500.0,0.0,165.0,541.7182,60.0,60.0,50.0,0.0,0.0,0.0,50.0,50.0,
sp400_load050,9.8,baseline,500.0,60.0,500.0,0.0,165.0,541.7238,60.0,60.0,50.0,0.0,0.0,0.0,50.0,50.0,
sp400_load050,9.9,baseline,500.0,60.0,500.0,0.0,165.0,541.7293,60.0,60.0,50.0,0.0,0.0,0.0,50.0,50.0,
sp400_load050,10.0,baseline,500.0,60.0,500.0,0.0,165.0,541.7348,60.0,60.0,50.0,0.0,0.0,0.0,50.0,50.0,
sp400_load050,10.1,baseline,500.0,60.0,500.0,0.0,165.0,541.7401,60.0,60.0,50.0,0.0,0.0,0.0,50.0,50.0,
sp400_load050,10.2,baseline,500.0,60.0,500.0,0.0,165.0,541.7453,60.0,60.0,50.0,0.0,0.0,0.0,50.0,50.0,
sp400_load050,10.3,baseline,500.0,60.0,500.0,0.0,165.0,541.7504,60.0,60.0,50.0,0.0,0.0,0.0,50.0,50.0,
sp400_load050,10.4,baseline,500.0,60.0,500.0,0.0,165.0,541.7554,60.0,60.0,50.0,0.0,0.0,0.0,50.0,50.0,
sp400_load050,10.5,baseline,500.0,60.0,500.0,0.0,165.0,541.7602,60.0,60.0,50.0,0.0,0.0,0.0,50.0,50.0,
sp400_load050,10.6,baseline,500.0,60.0,500.0,0.0,165.0,541.765,60.0,60.0,50.0,0.0,0.0,0.0,50.0,50.0,
sp400_load050,10.7,baseline,500.0,60.0,500.0,0.0,165.0,541.7697,60.0,60.0,50.0,0.0,0.0,0.0,50.0,50.0,
sp400_load050,10.8,baseline,500.0,60.0,500.0,0.0,165.0,541.7743,60.0,60.0,50.0,0.0,0.0,0.0,50.0,50.0,
sp400_load050,10.9,baseline,500.0,60.0,500.0,0.0,165.0,541.7789,60.0,60.0,50.0,0.0,0.0,0.0,50.0,50.0,
sp400_load050,11.0,baseline,500.0,60.0,500.0,0.0,165.0,541.7833,60.0,60.0,50.0,0.0,0.0,0.0,50.0,50.0,
sp400_load050,11.1,baseline,500.0,60.0,500.0,0.0,165.0,541.7876,60.0,60.0,50.0,0.0,0.0,0.0,50.0,50.0,
sp400_load050,11.2,baseline,500.0,60.0,500.0,0.0,165.0,541.7919,60.0,60.0,50.0,0.0,0.0,0.0,50.0,50.0,
sp400_load050,11.3,baseline,500.0,60.0,500.0,0.0,165.0,541.796,60.0,60.0,50.0,0.0,0.0,0.0,50.0,50.0,
sp400_load050,11.4,baseline,500.0,60.0,500.0,0.0,165.0,541.8001,60.0,60.0,50.0,0.0,0.0,0.0,50.0,50.0,
sp400_load050,11.5,baseline,500.0,60.0,500.0,0.0,165.0,541.8041,60.0,60.0,50.0,0.0,0.0,0.0,50.0,50.0,
sp400_load050,11.6,baseline,500.0,60.0,500.0,0.0,165.0,541.808,60.0,60.0,50.0,0.0,0.0,0.0,50.0,50.0,
sp400_load050,11.7,baseline,500.0,60.0,500.0,0.0,165.0,541.8119,60.0,60.0,50.0,0.0,0.0,0.0,50.0,50.0,
sp400_load050,11.8,baseline,500.0,60.0,500.0,0.0,165.0,541.8156,60.0,60.0,50.0,0.0,0.0,0.0,50.0,50.0,
sp400_load050,11.9,baseline,500.0,60.0,500.0,0.0,165.0,541.8193,60.0,60.0,50.0,0.0,0.0,0.0,50.0,50.0,
sp400_load050,12.0,baseline,500.0,60.0,500.0,0.0,165.0,541.8229,60.0,60.0,50.0,0.0,0.0,0.0,50.0,50.0,
sp400_load050,12.1,baseline,500.0,60.0,500.0,0.0,165.0,541.8265,60.0,60.0,50.0,0.0,0.0,0.0,50.0,50.0,
sp400_load050,12.2,baseline,500.0,60.0,500.0,0.0,165.0,541.8299,60.0,60.0,50.0,0.0,0.0,0.0,50.0,50.0,
sp400_load050,12.3,baseline,500.0,60.0,500.0,0.0,165.0,541.8333,60.0,60.0,50.0,0.0,0.0,0.0,50.0,50.0,
sp400_load050,12.4,baseline,500.0,60.0,500.0,0.0,165.0,541.8367,60.0,60.0,50.0,0.0,0.0,0.0,50.0,50.0,
sp400_load050,12.5,baseline,500.0,60.0,500.0,0.0,165.0,541.8399,60.0,60.0,50.0,0.0,0.0,0.0,50.0,50.0,
sp400_load050,12.6,baseline,500.0,60.0,500.0,0.0,165.0,541.8431,60.0,60.0,50.0,0.0,0.0,0.0,50.0,50.0,
sp400_load050,12.7,baseline,500.0,60.0,500.0,0.0,165.0,541.8463,60.0,60.0,50.0,0.0,0.0,0.0,50.0,50.0,
sp400_load050,12.8,baseline,500.0,60.0,500.0,0.0,165.0,541.8494,60.0,60.0,50.0,0.0,0.0,0.0,50.0,50.0,
sp400_load050,12.9,baseline,500.0,60.0,500.0,0.0,165.0,541.8524,60.0,60.0,50.0,0.0,0.0,0.0,50.0,50.0,
sp400_load050,13.0,baseline,500.0,60.0,500.0,0.0,165.0,541.8553,60.0,60.0,50.0,0.0,0.0,0.0,50.0,50.0,
sp400_load050,13.1,baseline,500.0,60.0,500.0,0.0,165.0,541.8582,60.0,60.0,50.0,0.0,0.0,0.0,50.0,50.0,
sp400_load050,13.2,baseline,500.0,60.0,500.0,0.0,165.0,541.861,60.0,60.0,50.0,0.0,0.0,0.0,50.0,50.0,
sp400_load050,13.3,baseline,500.0,60.0,500.0,0.0,165.0,541.8638,60.0,60.0,50.0,0.0,0.0,0.0,50.0,50.0,
sp400_load050,13.4,baseline,500.0,60.0,500.0,0.0,165.0,541.8665,60.0,60.0,50.0,0.0,0.0,0.0,50.0,50.0,
sp400_load050,13.5,baseline,500.0,60.0,500.0,0.0,165.0,541.8692,60.0,60.0,50.0,0.0,0.0,0.0,50.0,50.0,
sp400_load050,13.6,baseline,500.0,60.0,500.0,0.0,165.0,541.8718,60.0,60.0,50.0,0.0,0.0,0.0,50.0,50.0,
sp400_load050,13.7,baseline,500.0,60.0,500.0,0.0,165.0,541.8744,60.0,60.0,50.0,0.0,0.0,0.0,50.0,50.0,
sp400_load050,13.8,baseline,500.0,60.0,500.0,0.0,165.0,541.8769,60.0,60.0,50.0,0.0,0.0,0.0,50.0,50.0,
sp400_load050,13.9,baseline,500.0,60.0,500.0,0.0,165.0,541.8794,60.0,60.0,50.0,0.0,0.0,0.0,50.0,50.0,
sp400_load050,14.0,baseline,500.0,60.0,500.0,0.0,165.0,541.8818,60.0,60.0,50.0,0.0,0.0,0.0,50.0,50.0,
sp400_load050,14.1,baseline,500.0,60.0,500.0,0.0,165.0,541.8841,60.0,60.0,50.0,0.0,0.0,0.0,50.0,50.0,
sp400_load050,14.2,baseline,500.0,60.0,500.0,0.0,165.0,541.8865,60.0,60.0,50.0,0.0,0.0,0.0,50.0,50.0,
sp400_load050,14.3,baseline,500.0,60.0,500.0,0.0,165.0,541.8887,60.0,60.0,50.0,0.0,0.0,0.0,50.0,50.0,
sp400_load050,14.4,baseline,500.0,60.0,500.0,0.0,165.0,541.891,60.0,60.0,50.0,0.0,0.0,0.0,50.0,50.0,
sp400_load050,14.5,baseline,500.0,60.0,500.0,0.0,165.0,541.8931,60.0,60.0,50.0,0.0,0.0,0.0,50.0,50.0,
sp400_load050,14.6,baseline,500.0,60.0,500.0,0.0,165.0,541.8953,60.0,60.0,50.0,0.0,0.0,0.0,50.0,50.0,
sp400_load050,14.7,baseline,500.0,60.0,500.0,0.0,165.0,541.8974,60.0,60.0,50.0,0.0,0.0,0.0,50.0,50.0,
sp400_load050,14.8,baseline,500.0,60.0,500.0,0.0,165.0,541.8994,60.0,60.0,50.0,0.0,0.0,0.0,50.0,50.0,
sp400_load050,14.9,baseline,500.0,60.0,500.0,0.0,165.0,541.9014,60.0,60.0,50.0,0.0,0.0,0.0,50.0,50.0,
sp400_load050,15.0,baseline,500.0,60.0,500.0,0.0,165.0,541.9034,60.0,60.0,50.0,0.0,0.0,0.0,50.0,50.0,
sp400_load050,15.1,baseline,500.0,60.0,500.0,0.0,165.0,541.9053,60.0,60.0,50.0,0.0,0.0,0.0,50.0,50.0,
sp400_load050,15.2,baseline,500.0,60.0,500.0,0.0,165.0,541.9072,60.0,60.0,50.0,0.0,0.0,0.0,50.0,50.0,
sp400_load050,15.3,baseline,500.0,60.0,500.0,0.0,165.0,541.9091,60.0,60.0,50.0,0.0,0.0,0.0,50.0,50.0,
sp400_load050,15.4,baseline,500.0,60.0,500.0,0.0,165.0,541.9109,60.0,60.0,50.0,0.0,0.0,0.0,50.0,50.0,
sp400_load050,15.5,baseline,500.0,60.0,500.0,0.0,165.0,541.9127,60.0,60.0,50.0,0.0,0.0,0.0,50.0,50.0,
sp400_load050,15.6,baseline,500.0,60.0,500.0,0.0,165.0,541.9144,60.0,60.0,50.0,0.0,0.0,0.0,50.0,50.0,
sp400_load050,15.7,baseline,500.0,60.0,500.0,0.0,165.0,541.9161,60.0,60.0,50.0,0.0,0.0,0.0,50.0,50.0,
sp400_load050,15.8,baseline,500.0,60.0,500.0,0.0,165.0,541.9178,60.0,60.0,50.0,0.0,0.0,0.0,50.0,50.0,
sp400_load050,15.9,baseline,500.0,60.0,500.0,0.0,165.0,541.9195,60.0,60.0,50.0,0.0,0.0,0.0,50.0,50.0,
sp400_load050,16.0,baseline,500.0,60.0,500.0,0.0,165.0,541.9211,60.0,60.0,50.0,0.0,0.0,0.0,50.0,50.0,
sp400_load050,16.1,baseline,500.0,60.0,500.0,0.0,165.0,541.9227,60.0,60.0,50.0,0.0,0.0,0.0,50.0,50.0,
sp400_load050,16.2,baseline,500.0,60.0,500.0,0.0,165.0,541.9242,60.0,60.0,50.0,0.0,0.0,0.0,50.0,50.0,
sp400_load050,16.3,baseline,500.0,60.0,500.0,0.0,165.0,541.9257,60.0,60.0,50.0,0.0,0.0,0.0,50.0,50.0,
sp400_load050,16.4,baseline,500.0,60.0,500.0,0.0,165.0,541.9272,60.0,60.0,50.0,0.0,0.0,0.0,50.0,50.0,
sp400_load050,16.5,baseline,500.0,60.0,500.0,0.0,165.0,541.9287,60.0,60.0,50.0,0.0,0.0,0.0,50.0,50.0,
sp400_load050,16.6,baseline,500.0,60.0,500.0,0.0,165.0,541.9301,60.0,60.0,50.0,0.0,0.0,0.0,50.0,50.0,
sp400_load050,16.7,baseline,500.0,60.0,500.0,0.0,165.0,541.9315,60.0,60.0,50.0,0.0,0.0,0.0,50.0,50.0,
sp400_load050,16.8,baseline,500.0,60.0,500.0,0.0,165.0,541.9329,60.0,60.0,50.0,0.0,0.0,0.0,50.0,50.0,
sp400_load050,16.9,baseline,500.0,60.0,500.0,0.0,165.0,541.9342,60.0,60.0,50.0,0.0,0.0,0.0,50.0,50.0,
sp400_load050,17.0,baseline,500.0,60.0,500.0,0.0,165.0,541.9355,60.0,60.0,50.0,0.0,0.0,0.0,50.0,50.0,
sp400_load050,17.1,baseline,500.0,60.0,500.0,0.0,165.0,541.9368,60.0,60.0,50.0,0.0,0.0,0.0,50.0,50.0,
sp400_load050,17.2,baseline,500.0,60.0,500.0,0.0,165.0,541.9381,60.0,60.0,50.0,0.0,0.0,0.0,50.0,50.0,
sp400_load050,17.3,baseline,500.0,60.0,500.0,0.0,165.0,541.9393,60.0,60.0,50.0,0.0,0.0,0.0,50.0,50.0,
sp400_load050,17.4,baseline,500.0,60.0,500.0,0.0,165.0,541.9405,60.0,60.0,50.0,0.0,0.0,0.0,50.0,50.0,
sp400_load050,17.5,baseline,500.0,60.0,500.0,0.0,165.0,541.9417,60.0,60.0,50.0,0.0,0.0,0.0,50.0,50.0,
sp400_load050,17.6,baseline,500.0,60.0,500.0,0.0,165.0,541.9429,60.0,60.0,50.0,0.0,0.0,0.0,50.0,50.0,
sp400_load050,17.7,baseline,500.0,60.0,500.0,0.0,165.0,541.944,60.0,60.0,50.0,0.0,0.0,0.0,50.0,50.0,
sp400_load050,17.8,baseline,500.0,60.0,500.0,0.0,165.0,541.9451,60.0,60.0,50.0,0.0,0.0,0.0,50.0,50.0,
sp400_load050,17.9,baseline,500.0,60.0,500.0,0.0,165.0,541.9462,60.0,60.0,50.0,0.0,0.0,0.0,50.0,50.0,
sp400_load050,18.0,baseline,500.0,60.0,500.0,0.0,165.0,541.9473,60.0,60.0,50.0,0.0,0.0,0.0,50.0,50.0,
sp400_load050,18.1,baseline,500.0,60.0,500.0,0.0,165.0,541.9484,60.0,60.0,50.0,0.0,0.0,0.0,50.0,50.0,
sp400_load050,18.2,baseline,500.0,60.0,500.0,0.0,165.0,541.9494,60.0,60.0,50.0,0.0,0.0,0.0,50.0,50.0,
sp400_load050,18.3,baseline,500.0,60.0,500.0,0.0,165.0,541.9504,60.0,60.0,50.0,0.0,0.0,0.0,50.0,50.0,
sp400_load050,18.4,baseline,500.0,60.0,500.0,0.0,165.0,541.9514,60.0,60.0,50.0,0.0,0.0,0.0,50.0,50.0,
sp400_load050,18.5,baseline,500.0,60.0,500.0,0.0,165.0,541.9524,60.0,60.0,50.0,0.0,0.0,0.0,50.0,50.0,
sp400_load050,18.6,baseline,500.0,60.0,500.0,0.0,165.0,541.9533,60.0,60.0,50.0,0.0,0.0,0.0,50.0,50.0,
sp400_load050,18.7,baseline,500.0,60.0,500.0,0.0,165.0,541.9543,60.0,60.0,50.0,0.0,0.0,0.0,50.0,50.0,
sp400_load050,18.8,baseline,500.0,60.0,500.0,0.0,165.0,541.9552,60.0,60.0,50.0,0.0,0.0,0.0,50.0,50.0,
sp400_load050,18.9,baseline,500.0,60.0,500.0,0.0,165.0,541.9561,60.0,60.0,50.0,0.0,0.0,0.0,50.0,50.0,
sp400_load050,19.0,baseline,500.0,60.0,500.0,0.0,165.0,541.9569,60.0,60.0,50.0,0.0,0.0,0.0,50.0,50.0,
sp400_load050,19.1,baseline,500.0,60.0,500.0,0.0,165.0,541.9578,60.0,60.0,50.0,0.0,0.0,0.0,50.0,50.0,
sp400_load050,19.2,baseline,500.0,60.0,500.0,0.0,165.0,541.9587,60.0,60.0,50.0,0.0,0.0,0.0,50.0,50.0,
sp400_load050,19.3,baseline,500.0,60.0,500.0,0.0,165.0,541.9595,60.0,60.0,50.0,0.0,0.0,0.0,50.0,50.0,
sp400_load050,19.4,baseline,500.0,60.0,500.0,0.0,165.0,541.9603,60.0,60.0,50.0,0.0,0.0,0.0,50.0,50.0,
sp400_load050,19.5,baseline,500.0,60.0,500.0,0.0,165.0,541.9611,60.0,60.0,50.0,0.0,0.0,0.0,50.0,50.0,
sp400_load050,19.6,baseline,500.0,60.0,500.0,0.0,165.0,541.9619,60.0,60.0,50.0,0.0,0.0,0.0,50.0,50.0,
sp400_load050,19.7,baseline,500.0,60.0,500.0,0.0,165.0,541.9626,60.0,60.0,50.0,0.0,0.0,0.0,50.0,50.0,
sp400_load050,19.8,baseline,500.0,60.0,500.0,0.0,165.0,541.9634,60.0,60.0,50.0,0.0,0.0,0.0,50.0,50.0,
sp400_load050,19.9,baseline,500.0,60.0,500.0,0.0,165.0,541.9641,60.0,60.0,50.0,0.0,0.0,0.0,50.0,50.0,
sp400_load050,20.0,baseline,500.0,60.0,500.0,0.0,165.0,541.9648,60.0,60.0,50.0,0.0,0.0,0.0,50.0,50.0,
sp400_load050,20.1,baseline,500.0,60.0,500.0,0.0,165.0,541.9655,60.0,60.0,50.0,0.0,0.0,0.0,50.0,50.0,
sp400_load050,20.2,baseline,500.0,60.0,500.0,0.0,165.0,541.9662,60.0,60.0,50.0,0.0,0.0,0.0,50.0,50.0,
sp400_load050,20.3,baseline,500.0,60.0,500.0,0.0,165.0,541.9669,60.0,60.0,50.0,0.0,0.0,0.0,50.0,50.0,
sp400_load050,20.4,baseline,500.0,60.0,500.0,0.0,165.0,541.9676,60.0,60.0,50.0,0.0,0.0,0.0,50.0,50.0,
sp400_load050,20.5,baseline,500.0,60.0,500.0,0.0,165.0,541.9682,60.0,60.0,50.0,0.0,0.0,0.0,50.0,50.0,
sp400_load050,20.6,baseline,500.0,60.0,500.0,0.0,165.0,541.9688,60.0,60.0,50.0,0.0,0.0,0.0,50.0,50.0,
sp400_load050,20.7,baseline,500.0,60.0,500.0,0.0,165.0,541.9695,60.0,60.0,50.0,0.0,0.0,0.0,50.0,50.0,
sp400_load050,20.8,baseline,500.0,60.0,500.0,0.0,165.0,541.9701,60.0,60.0,50.0,0.0,0.0,0.0,50.0,50.0,
sp400_load050,20.9,baseline,500.0,60.0,500.0,0.0,165.0,541.9707,60.0,60.0,50.0,0.0,0.0,0.0,50.0,50.0,
sp400_load050,21.0,baseline,500.0,60.0,500.0,0.0,165.0,541.9713,60.0,60.0,50.0,0.0,0.0,0.0,50.0,50.0,
sp400_load050,21.1,baseline,500.0,60.0,500.0,0.0,165.0,541.9718,60.0,60.0,50.0,0.0,0.0,0.0,50.0,50.0,
sp400_load050,21.2,baseline,500.0,60.0,500.0,0.0,165.0,541.9724,60.0,60.0,50.0,0.0,0.0,0.0,50.0,50.0,
sp400_load050,21.3,baseline,500.0,60.0,500.0,0.0,165.0,541.9729,60.0,60.0,50.0,0.0,0.0,0.0,50.0,50.0,
sp400_load050,21.4,baseline,500.0,60.0,500.0,0.0,165.0,541.9735,60.0,60.0,50.0,0.0,0.0,0.0,50.0,50.0,
sp400_load050,21.5,baseline,500.0,60.0,500.0,0.0,165.0,541.974,60.0,60.0,50.0,0.0,0.0,0.0,50.0,50.0,
sp400_load050,21.6,baseline,500.0,60.0,500.0,0.0,165.0,541.9745,60.0,60.0,50.0,0.0,0.0,0.0,50.0,50.0,
sp400_load050,21.7,baseline,500.0,60.0,500.0,0.0,165.0,541.975,60.0,60.0,50.0,0.0,0.0,0.0,50.0,50.0,
sp400_load050,21.8,baseline,500.0,60.0,500.0,0.0,165.0,541.9755,60.0,60.0,50.0,0.0,0.0,0.0,50.0,50.0,
sp400_load050,21.9,baseline,500.0,60.0,500.0,0.0,165.0,541.976,60.0,60.0,50.0,0.0,0.0,0.0,50.0,50.0,
sp400_load050,22.0,baseline,500.0,60.0,500.0,0.0,165.0,541.9765,60.0,60.0,50.0,0.0,0.0,0.0,50.0,50.0,
sp400_load050,22.1,baseline,500.0,60.0,500.0,0.0,165.0,541.977,60.0,60.0,50.0,0.0,0.0,0.0,50.0,50.0,
sp400_load050,22.2,baseline,500.0,60.0,500.0,0.0,165.0,541.9774,60.0,60.0,50.0,0.0,0.0,0.0,50.0,50.0,
sp400_load050,22.3,baseline,500.0,60.0,500.0,0.0,165.0,541.9779,60.0,60.0,50.0,0.0,0.0,0.0,50.0,50.0,
sp400_load050,22.4,baseline,500.0,60.0,500.0,0.0,165.0,541.9783,60.0,60.0,50.0,0.0,0.0,0.0,50.0,50.0,
sp400_load050,22.5,baseline,500.0,60.0,500.0,0.0,165.0,541.9788,60.0,60.0,50.0,0.0,0.0,0.0,50.0,50.0,
sp400_load050,22.6,baseline,500.0,60.0,500.0,0.0,165.0,541.9792,60.0,60.0,50.0,0.0,0.0,0.0,50.0,50.0,
sp400_load050,22.7,baseline,500.0,60.0,500.0,0.0,165.0,541.9796,60.0,60.0,50.0,0.0,0.0,0.0,50.0,50.0,
sp400_load050,22.8,baseline,500.0,60.0,500.0,0.0,165.0,541.98,60.0,60.0,50.0,0.0,0.0,0.0,50.0,50.0,
sp400_load050,22.9,baseline,500.0,60.0,500.0,0.0,165.0,541.9804,60.0,60.0,50.0,0.0,0.0,0.0,50.0,50.0,
sp400_load050,23.0,baseline,500.0,60.0,500.0,0.0,165.0,541.9808,60.0,60.0,50.0,0.0,0.0,0.0,50.0,50.0,
sp400_load050,23.1,baseline,500.0,60.0,500.0,0.0,165.0,541.9812,60.0,60.0,50.0,0.0,0.0,0.0,50.0,50.0,
sp400_load050,23.2,baseline,500.0,60.0,500.0,0.0,165.0,541.9816,60.0,60.0,50.0,0.0,0.0,0.0,50.0,50.0,
sp400_load050,23.3,baseline,500.0,60.0,500.0,0.0,165.0,541.9819,60.0,60.0,50.0,0.0,0.0,0.0,50.0,50.0,
sp400_load050,23.4,baseline,500.0,60.0,500.0,0.0,165.0,541.9823,60.0,60.0,50.0,0.0,0.0,0.0,50.0,50.0,
sp400_load050,23.5,baseline,500.0,60.0,500.0,0.0,165.0,541.9827,60.0,60.0,50.0,0.0,0.0,0.0,50.0,50.0,
sp400_load050,23.6,baseline,500.0,60.0,500.0,0.0,165.0,541.983,60.0,60.0,50.0,0.0,0.0,0.0,50.0,50.0,
sp400_load050,23.7,baseline,500.0,60.0,500.0,0.0,165.0,541.9833,60.0,60.0,50.0,0.0,0.0,0.0,50.0,50.0,
sp400_load050,23.8,baseline,500.0,60.0,500.0,0.0,165.0,541.9837,60.0,60.0,50.0,0.0,0.0,0.0,50.0,50.0,
sp400_load050,23.9,baseline,500.0,60.0,500.0,0.0,165.0,541.984,60.0,60.0,50.0,0.0,0.0,0.0,50.0,50.0,
sp400_load050,24.0,baseline,500.0,60.0,500.0,0.0,165.0,541.9843,60.0,60.0,50.0,0.0,0.0,0.0,50.0,50.0,
sp400_load050,24.1,baseline,500.0,60.0,500.0,0.0,165.0,541.9846,60.0,60.0,50.0,0.0,0.0,0.0,50.0,50.0,
sp400_load050,24.2,baseline,500.0,60.0,500.0,0.0,165.0,541.9849,60.0,60.0,50.0,0.0,0.0,0.0,50.0,50.0,
sp400_load050,24.3,baseline,500.0,60.0,500.0,0.0,165.0,541.9852,60.0,60.0,50.0,0.0,0.0,0.0,50.0,50.0,
sp400_load050,24.4,baseline,500.0,60.0,500.0,0.0,165.0,541.9855,60.0,60.0,50.0,0.0,0.0,0.0,50.0,50.0,
sp400_load050,24.5,baseline,500.0,60.0,500.0,0.0,165.0,541.9858,60.0,60.0,50.0,0.0,0.0,0.0,50.0,50.0,
sp400_load050,24.6,baseline,500.0,60.0,500.0,0.0,165.0,541.9861,60.0,60.0,50.0,0.0,0.0,0.0,50.0,50.0,
sp400_load050,24.7,baseline,500.0,60.0,500.0,0.0,165.0,541.9864,60.0,60.0,50.0,0.0,0.0,0.0,50.0,50.0,
sp400_load050,24.8,baseline,500.0,60.0,500.0,0.0,165.0,541.9867,60.0,60.0,50.0,0.0,0.0,0.0,50.0,50.0,
sp400_load050,24.9,baseline,500.0,60.0,500.0,0.0,165.0,541.9869,60.0,60.0,50.0,0.0,0.0,0.0,50.0,50.0,
sp400_load050,25.0,baseline,500.0,60.0,500.0,0.0,165.0,541.9872,60.0,60.0,50.0,0.0,0.0,0.0,50.0,50.0,
sp400_load050,25.1,baseline,500.0,60.0,500.0,0.0,165.0,541.9874,60.0,60.0,50.0,0.0,0.0,0.0,50.0,50.0,
sp400_load050,25.2,baseline,500.0,60.0,500.0,0.0,165.0,541.9877,60.0,60.0,50.0,0.0,0.0,0.0,50.0,50.0,
sp400_load050,25.3,baseline,500.0,60.0,500.0,0.0,165.0,541.9879,60.0,60.0,50.0,0.0,0.0,0.0,50.0,50.0,
sp400_load050,25.4,baseline,500.0,60.0,500.0,0.0,165.0,541.9882,60.0,60.0,50.0,0.0,0.0,0.0,50.0,50.0,
sp400_load050,25.5,baseline,500.0,60.0,500.0,0.0,165.0,541.9884,60.0,60.0,50.0,0.0,0.0,0.0,50.0,50.0,
sp400_load050,25.6,baseline,500.0,60.0,500.0,0.0,165.0,541.9887,60.0,60.0,50.0,0.0,0.0,0.0,50.0,50.0,
sp400_load050,25.7,baseline,500.0,60.0,500.0,0.0,165.0,541.9889,60.0,60.0,50.0,0.0,0.0,0.0,50.0,50.0,
sp400_load050,25.8,baseline,500.0,60.0,500.0,0.0,165.0,541.9891,60.0,60.0,50.0,0.0,0.0,0.0,50.0,50.0,
sp400_load050,25.9,baseline,500.0,60.0,500.0,0.0,165.0,541.9893,60.0,60.0,50.0,0.0,0.0,0.0,50.0,50.0,
sp400_load050,26.0,baseline,500.0,60.0,500.0,0.0,165.0,541.9895,60.0,60.0,50.0,0.0,0.0,0.0,50.0,50.0,
sp400_load050,26.1,baseline,500.0,60.0,500.0,0.0,165.0,541.9897,60.0,60.0,50.0,0.0,0.0,0.0,50.0,50.0,
sp400_load050,26.2,baseline,500.0,60.0,500.0,0.0,165.0,541.9899,60.0,60.0,50.0,0.0,0.0,0.0,50.0,50.0,
sp400_load050,26.3,baseline,500.0,60.0,500.0,0.0,165.0,541.9901,60.0,60.0,50.0,0.0,0.0,0.0,50.0,50.0,
sp400_load050,26.4,baseline,500.0,60.0,500.0,0.0,165.0,541.9903,60.0,60.0,50.0,0.0,0.0,0.0,50.0,50.0,
sp400_load050,26.5,baseline,500.0,60.0,500.0,0.0,165.0,541.9905,60.0,60.0,50.0,0.0,0.0,0.0,50.0,50.0,
sp400_load050,26.6,baseline,500.0,60.0,500.0,0.0,165.0,541.9907,60.0,60.0,50.0,0.0,0.0,0.0,50.0,50.0,
sp400_load050,26.7,baseline,500.0,60.0,500.0,0.0,165.0,541.9909,60.0,60.0,50.0,0.0,0.0,0.0,50.0,50.0,
sp400_load050,26.8,baseline,500.0,60.0,500.0,0.0,165.0,541.9911,60.0,60.0,50.0,0.0,0.0,0.0,50.0,50.0,
sp400_load050,26.9,baseline,500.0,60.0,500.0,0.0,165.0,541.9913,60.0,60.0,50.0,0.0,0.0,0.0,50.0,50.0,
sp400_load050,27.0,baseline,500.0,60.0,500.0,0.0,165.0,541.9914,60.0,60.0,50.0,0.0,0.0,0.0,50.0,50.0,
sp400_load050,27.1,baseline,500.0,60.0,500.0,0.0,165.0,541.9916,60.0,60.0,50.0,0.0,0.0,0.0,50.0,50.0,
sp400_load050,27.2,baseline,500.0,60.0,500.0,0.0,165.0,541.9918,60.0,60.0,50.0,0.0,0.0,0.0,50.0,50.0,
sp400_load050,27.3,baseline,500.0,60.0,500.0,0.0,165.0,541.992,60.0,60.0,50.0,0.0,0.0,0.0,50.0,50.0,
sp400_load050,27.4,baseline,500.0,60.0,500.0,0.0,165.0,541.9921,60.0,60.0,50.0,0.0,0.0,0.0,50.0,50.0,
sp400_load050,27.5,baseline,500.0,60.0,500.0,0.0,165.0,541.9923,60.0,60.0,50.0,0.0,0.0,0.0,50.0,50.0,
sp400_load050,27.6,baseline,500.0,60.0,500.0,0.0,165.0,541.9924,60.0,60.0,50.0,0.0,0.0,0.0,50.0,50.0,
sp400_load050,27.7,baseline,500.0,60.0,500.0,0.0,165.0,541.9926,60.0,60.0,50.0,0.0,0.0,0.0,50.0,50.0,
sp400_load050,27.8,baseline,500.0,60.0,500.0,0.0,165.0,541.9927,60.0,60.0,50.0,0.0,0.0,0.0,50.0,50.0,
sp400_load050,27.9,baseline,500.0,60.0,500.0,0.0,165.0,541.9929,60.0,60.0,50.0,0.0,0.0,0.0,50.0,50.0,
sp400_load050,28.0,baseline,500.0,60.0,500.0,0.0,165.0,541.993,60.0,60.0,50.0,0.0,0.0,0.0,50.0,50.0,
sp400_load050,28.1,baseline,500.0,60.0,500.0,0.0,165.0,541.9932,60.0,60.0,50.0,0.0,0.0,0.0,50.0,50.0,
sp400_load050,28.2,baseline,500.0,60.0,500.0,0.0,165.0,541.9933,60.0,60.0,50.0,0.0,0.0,0.0,50.0,50.0,
sp400_load050,28.3,baseline,500.0,60.0,500.0,0.0,165.0,541.9934,60.0,60.0,50.0,0.0,0.0,0.0,50.0,50.0,
sp400_load050,28.4,baseline,500.0,60.0,500.0,0.0,165.0,541.9936,60.0,60.0,50.0,0.0,0.0,0.0,50.0,50.0,
sp400_load050,28.5,baseline,500.0,60.0,500.0,0.0,165.0,541.9937,60.0,60.0,50.0,0.0,0.0,0.0,50.0,50.0,
sp400_load050,28.6,baseline,500.0,60.0,500.0,0.0,165.0,541.9938,60.0,60.0,50.0,0.0,0.0,0.0,50.0,50.0,
sp400_load050,28.7,baseline,500.0,60.0,500.0,0.0,165.0,541.9939,60.0,60.0,50.0,0.0,0.0,0.0,50.0,50.0,
sp400_load050,28.8,baseline,500.0,60.0,500.0,0.0,165.0,541.9941,60.0,60.0,50.0,0.0,0.0,0.0,50.0,50.0,
sp400_load050,28.9,baseline,500.0,60.0,500.0,0.0,165.0,541.9942,60.0,60.0,50.0,0.0,0.0,0.0,50.0,50.0,
sp400_load050,29.0,baseline,500.0,60.0,500.0,0.0,165.0,541.9943,60.0,60.0,50.0,0.0,0.0,0.0,50.0,50.0,
sp400_load050,29.1,baseline,500.0,60.0,500.0,0.0,165.0,541.9944,60.0,60.0,50.0,0.0,0.0,0.0,50.0,50.0,
sp400_load050,29.2,baseline,500.0,60.0,500.0,0.0,165.0,541.9945,60.0,60.0,50.0,0.0,0.0,0.0,50.0,50.0,
sp400_load050,29.3,baseline,500.0,60.0,500.0,0.0,165.0,541.9946,60.0,60.0,50.0,0.0,0.0,0.0,50.0,50.0,
sp400_load050,29.4,baseline,500.0,60.0,500.0,0.0,165.0,541.9947,60.0,60.0,50.0,0.0,0.0,0.0,50.0,50.0,
sp400_load050,29.5,baseline,500.0,60.0,500.0,0.0,165.0,541.9948,60.0,60.0,50.0,0.0,0.0,0.0,50.0,50.0,
sp400_load050,29.6,baseline,500.0,60.0,500.0,0.0,165.0,541.9949,60.0,60.0,50.0,0.0,0.0,0.0,50.0,50.0,
sp400_load050,29.7,baseline,500.0,60.0,500.0,0.0,165.0,541.995,60.0,60.0,50.0,0.0,0.0,0.0,50.0,50.0,
sp400_load050,29.8,baseline,500.0,60.0,500.0,0.0,165.0,541.9951,60.0,60.0,50.0,0.0,0.0,0.0,50.0,50.0,
sp400_load050,29.9,baseline,500.0,60.0,500.0,0.0,165.0,541.9952,60.0,60.0,50.0,0.0,0.0,0.0,50.0,50.0,
sp400_load050,30.0,baseline,500.0,60.0,500.0,0.0,165.0,541.9953,60.0,60.0,50.0,0.0,0.0,0.0,50.0,50.0,
sp400_load050,30.1,response,400.0,50.0,496.448,-100.0,164.982,541.9842,59.2,0.0,0.0,-15.0,-0.2,-50.0,41.6667,0.0,
sp400_load050,30.2,response,400.0,50.0,494.9981,-96.448,164.948,541.963,58.464,34.2991,28.5826,-14.4672,-0.3929,1.776,41.6667,28.5826,
sp400_load050,30.3,response,400.0,50.0,493.5151,-94.9981,164.8997,541.9328,57.7869,33.0708,27.559,-14.2497,-0.5829,0.7249,41.6667,27.559,
sp400_load050,30.4,response,400.0,50.0,492.0733,-93.5151,164.8389,541.8944,57.1639,33.1331,27.611,-14.0273,-0.7699,0.7415,41.6667,27.611,
sp400_load050,30.5,response,400.0,50.0,490.6667,-92.0733,164.7671,541.8488,56.5908,33.147,27.6225,-13.811,-0.9541,0.7209,41.6667,27.6225,
sp400_load050,30.6,response,400.0,50.0,489.2925,-90.6667,164.6855,541.7967,56.0636,33.1615,27.6346,-13.6,-1.1354,0.7033,41.6667,27.6346,
sp400_load050,30.7,response,400.0,50.0,487.9483,-89.2925,164.5954,541.7389,55.5785,33.175,27.6459,-13.3939,-1.314,0.6871,41.6667,27.6459,
sp400_load050,30.8,response,400.0,50.0,486.6317,-87.9483,164.498,541.676,55.1322,33.188,27.6566,-13.1923,-1.4899,0.6721,41.6667,27.6566,
sp400_load050,30.9,response,400.0,50.0,485.3404,-86.6317,164.3943,541.6086,54.7216,33.2005,27.6671,-12.9948,-1.6631,0.6583,41.6667,27.6671,
sp400_load050,31.0,response,400.0,50.0,484.0726,-85.3404,164.2852,541.5372,54.3439,33.2129,27.6774,-12.8011,-1.8338,0.6456,41.6667,27.6774,
sp400_load050,31.1,response,400.0,50.0,482.8263,-84.0726,164.1716,541.4624,53.9964,33.2253,27.6877,-12.6109,-2.002,0.6339,41.6667,27.6877,
sp400_load050,31.2,response,400.0,50.0,481.6,-82.8263,164.0542,541.3846,53.6767,33.2379,27.6982,-12.4239,-2.1676,0.6231,41.6667,27.6982,
sp400_load050,31.3,response,400.0,50.0,480.3921,-81.6,163.9337,541.3043,53.3825,33.2508,27.709,-12.24,-2.3308,0.6132,41.6667,27.709,
sp400_load050,31.4,response,400.0,50.0,479.2012,-80.3921,163.8107,541.2218,53.1119,33.2642,27.7202,-12.0588,-2.4916,0.604,41.6667,27.7202,
sp400_load050,31.5,response,400.0,50.0,478.0261,-79.2012,163.6858,541.1374,52.863,33.2783,27.7319,-11.8802,-2.65,0.5954,41.6667,27.7319,
sp400_load050,31.6,response,400.0,50.0,476.8657,-78.0261,163.5595,541.0515,52.6339,33.2931,27.7442,-11.7039,-2.8061,0.5875,41.6667,27.7442,
sp400_load050,31.7,response,400.0,50.0,475.7188,-76.8657,163.4322,540.9644,52.4232,33.3087,27.7572,-11.5299,-2.9598,0.5802,41.6667,27.7572,
sp400_load050,31.8,response,400.0,50.0,474.5845,-75.7188,163.3044,540.8764,52.2294,33.3253,27.771,-11.3578,-3.1112,0.5734,41.6667,27.771,
sp400_load050,31.9,response,400.0,50.0,473.4621,-74.5845,163.1764,540.7875,52.051,33.3428,27.7857,-11.1877,-3.2604,0.5671,41.6667,27.7857,
sp400_load050,32.0,response,400.0,50.0,472.3505,-73.4621,163.0486,540.6982,51.8869,33.3615,27.8013,-11.0193,-3.4073,0.5612,41.6667,27.8013,
sp400_load050,32.1,response,400.0,50.0,471.2493,-72.3505,162.9212,540.6086,51.736,33.3814,27.8178,-10.8526,-3.552,0.5558,41.6667,27.8178,
sp400_load050,32.2,response,400.0,50.0,470.1576,-71.2493,162.7945,540.5187,51.5971,33.4025,27.8354,-10.6874,-3.6945,0.5506,41.6667,27.8354,
sp400_load050,32.3,response,400.0,50.0,469.0749,-70.1576,162.6687,540.4289,51.4693,33.4248,27.854,-10.5236,-3.8348,0.5458,41.6667,27.854,
sp400_load050,32.4,response,400.0,50.0,468.0007,-69.0749,162.5441,540.3393,51.3518,33.4485,27.8738,-10.3612,-3.973,0.5413,41.6667,27.8738,
sp400_load050,32.5,response,400.0,50.0,466.9345,-68.0007,162.4207,540.2499,51.2436,33.4736,27.8947,-10.2001,-4.109,0.5371,41.6667,27.8947,
sp400_load050,32.6,response,400.0,50.0,465.8759,-66.9345,162.2988,540.1609,51.1442,33.5001,27.9167,-10.0402,-4.2429,0.5331,41.6667,27.9167,
sp400_load050,32.7,response,400.0,50.0,464.8244,-65.8759,162.1786,540.0724,51.0526,33.528,27.94,-9.8814,-4.3746,0.5293,41.6667,27.94,
sp400_load050,32.8,response,400.0,50.0,463.7797,-64.8244,162.06,539.9846,50.9684,33.5574,27.9645,-9.7237,-4.5043,0.5257,41.6667,27.9645,
sp400_load050,32.9,response,400.0,50.0,462.7416,-63.7797,161.9432,539.8973,50.8909,33.5883,27.9902,-9.567,-4.6318,0.5223,41.6667,27.9902,
sp400_load050,33.0,response,400.0,50.0,461.7096,-62.7416,161.8284,539.8109,50.8197,33.6206,28.0172,-9.4112,-4.7573,0.5191,41.6667,28.0172,
sp400_load050,33.1,response,400.0,50.0,460.6837,-61.7096,161.7155,539.7252,50.7541,33.6546,28.0455,-9.2564,-4.8807,0.516,41.6667,28.0455,
sp400_load050,33.2,response,400.0,50.0,459.6634,-60.6837,161.6046,539.6404,50.6938,33.69,28.075,-9.1025,-5.0021,0.513,41.6667,28.075,
sp400_load050,33.3,response,400.0,50.0,458.6488,-59.6634,161.4959,539.5565,50.6383,33.727,28.1058,-8.9495,-5.1214,0.5101,41.6667,28.1058,
sp400_load050,33.4,response,400.0,50.0,457.6395,-58.6488,161.3892,539.4736,50.5872,33.7656,28.138,-8.7973,-5.2387,0.5073,41.6667,28.138,
sp400_load050,33.5,response,400.0,50.0,456.6354,-57.6395,161.2847,539.3917,50.5402,33.8057,28.1714,-8.6459,-5.354,0.5046,41.6667,28.1714,
sp400_load050,33.6,response,400.0,50.0,455.6364,-56.6354,161.1823,539.3108,50.497,33.8474,28.2061,-8.4953,-5.4673,0.502,41.6667,28.2061,
sp400_load050,33.7,response,400.0,50.0,454.6424,-55.6364,161.0821,539.231,50.4572,33.8906,28.2422,-8.3455,-5.5785,0.4995,41.6667,28.2422,
sp400_load050,33.8,response,400.0,50.0,453.6533,-54.6424,160.9841,539.1523,50.4207,33.9354,28.2795,-8.1964,-5.6878,0.497,41.6667,28.2795,
sp400_load050,33.9,response,400.0,50.0,452.669,-53.6533,160.8883,539.0747,50.387,33.9817,28.3181,-8.048,-5.7951,0.4946,41.6667,28.3181,
sp400_load050,34.0,response,400.0,50.0,451.6894,-52.669,160.7947,538.9982,50.3561,34.0296,28.358,-7.9003,-5.9005,0.4922,41.6667,28.358,
sp400_load050,34.1,response,400.0,50.0,450.7145,-51.6894,160.7032,538.9228,50.3276,34.079,28.3992,-7.7534,-6.0038,0.4898,41.6667,28.3992,
sp400_load050,34.2,response,400.0,50.0,449.7442,-50.7145,160.6139,538.8485,50.3014,34.13,28.4417,-7.6072,-6.1053,0.4875,41.6667,28.4417,
sp400_load050,34.3,response,400.0,50.0,448.7785,-49.7442,160.5267,538.7755,50.2773,34.1825,28.4854,-7.4616,-6.2048,0.4851,41.6667,28.4854,
sp400_load050,34.4,response,400.0,50.0,447.8174,-48.7785,160.4417,538.7035,50.2551,34.2365,28.5304,-7.3168,-6.3023,0.4828,41.6667,28.5304,
sp400_load050,34.5,response,400.0,50.0,446.8608,-47.8174,160.3587,538.6327,50.2347,34.292,28.5767,-7.1726,-6.398,0.4806,41.6667,28.5767,
sp400_load050,34.6,response,400.0,50.0,445.9088,-46.8608,160.2778,538.5631,50.2159,34.349,28.6241,-7.0291,-6.4917,0.4783,41.6667,28.6241,
sp400_load050,34.7,response,400.0,50.0,444.9613,-45.9088,160.1989,538.4946,50.1986,34.4074,28.6729,-6.8863,-6.5835,0.476,41.6667,28.6729,
sp400_load050,34.8,response,400.0,50.0,444.0184,-44.9613,160.1221,538.4273,50.1827,34.4673,28.7228,-6.7442,-6.6734,0.4737,41.6667,28.7228,
sp400_load050,34.9,response,400.0,50.0,443.0801,-44.0184,160.0472,538.3611,50.1681,34.5287,28.7739,-6.6028,-6.7615,0.4715,41.6667,28.7739,
sp400_load050,35.0,response,400.0,50.0,442.1463,-43.0801,159.9742,538.296,50.1547,34.5915,28.8262,-6.462,-6.8476,0.4692,41.6667,28.8262,
sp400_load050,35.1,response,400.0,50.0,441.2171,-42.1463,159.9032,538.2321,50.1423,34.6557,28.8797,-6.3219,-6.9319,0.4669,41.6667,28.8797,
sp400_load050,35.2,response,400.0,50.0,440.2925,-41.2171,159.8341,538.1693,50.1309,34.7212,28.9344,-6.1826,-7.0143,0.4646,41.6667,28.9344,
sp400_load050,35.3,response,400.0,50.0,439.3726,-40.2925,159.7668,538.1076,50.1204,34.7882,28.9902,-6.0439,-7.0949,0.4623,41.6667,28.9902,
sp400_load050,35.4,response,400.0,50.0,438.4573,-39.3726,159.7013,538.047,50.1108,34.8565,29.0471,-5.9059,-7.1737,0.46,41.6667,29.0471,
sp400_load050,35.5,response,400.0,50.0,437.5467,-38.4573,159.6375,537.9875,50.1019,34.9261,29.1051,-5.7686,-7.2506,0.4576,41.6667,29.1051,
sp400_load050,35.6,response,400.0,50.0,436.6409,-37.5467,159.5755,537.929,50.0938,34.9971,29.1642,-5.632,-7.3257,0.4553,41.6667,29.1642,
sp400_load050,35.7,response,400.0,50.0,435.7399,-36.6409,159.5152,537.8717,50.0863,35.0694,29.2245,-5.4961,-7.399,0.4529,41.6667,29.2245,
sp400_load050,35.8,response,400.0,50.0,434.8437,-35.7399,159.4565,537.8154,50.0794,35.1429,29.2857,-5.361,-7.4704,0.4505,41.6667,29.2857,
sp400_load050,35.9,response,400.0,50.0,433.9524,-34.8437,159.3994,537.7601,50.073,35.2177,29.3481,-5.2266,-7.5401,0.4481,41.6667,29.3481,
sp400_load050,36.0,response,400.0,50.0,433.066,-33.9524,159.344,537.7058,50.0672,35.2937,29.4114,-5.0929,-7.608,0.4457,41.6667,29.4114,
sp400_load050,36.1,response,400.0,50.0,432.1846,-33.066,159.29,537.6526,50.0618,35.371,29.4758,-4.9599,-7.6742,0.4432,41.6667,29.4758,
sp400_load050,36.2,response,400.0,50.0,431.3081,-32.1846,159.2376,537.6003,50.0569,35.4494,29.5412,-4.8277,-7.7385,0.4407,41.6667,29.5412,
sp400_load050,36.3,response,400.0,50.0,430.4367,-31.3081,159.1867,537.549,50.0523,35.529,29.6075,-4.6962,-7.8012,0.4382,41.6667,29.6075,
sp400_load050,36.4,response,400.0,50.0,429.5704,-30.4367,159.1372,537.4987,50.0481,35.6098,29.6748,-4.5655,-7.862,0.4357,41.6667,29.6748,
sp400_load050,36.5,response,400.0,50.0,428.7093,-29.5704,159.089,537.4494,50.0443,35.6917,29.7431,-4.4356,-7.9212,0.4331,41.6667,29.7431,
sp400_load050,36.6,response,400.0,50.0,427.8533,-28.7093,159.0423,537.401,50.0407,35.7747,29.8123,-4.3064,-7.9786,0.4306,41.6667,29.8123,
sp400_load050,36.7,response,400.0,50.0,427.0026,-27.8533,158.9969,537.3535,50.0375,35.8588,29.8824,-4.178,-8.0343,0.428,41.6667,29.8824,
sp400_load050,36.8,response,400.0,50.0,426.1572,-27.0026,158.9527,537.3069,50.0345,35.944,29.9533,-4.0504,-8.0883,0.4254,41.6667,29.9533,
sp400_load050,36.9,response,400.0,50.0,425.3171,-26.1572,158.9099,537.2612,50.0317,36.0302,30.0252,-3.9236,-8.1406,0.4227,41.6667,30.0252,
sp400_load050,37.0,response,400.0,50.0,424.4824,-25.3171,158.8682,537.2164,50.0292,36.1175,30.0979,-3.7976,-8.1912,0.42,41.6667,30.0979,
sp400_load050,37.1,response,400.0,50.0,423.6531,-24.4824,158.8278,537.1724,50.0268,36.2057,30.1715,-3.6724,-8.2402,0.4174,41.6667,30.1715,
sp400_load050,37.2,response,400.0,50.0,422.8293,-23.6531,158.7885,537.1293,50.0247,36.295,30.2458,-3.548,-8.2875,0.4146,41.6667,30.2458,
sp400_load050,37.3,response,400.0,50.0,422.0111,-22.8293,158.7504,537.087,50.0227,36.3852,30.321,-3.4244,-8.3332,0.4119,41.6667,30.321,
sp400_load050,37.4,response,400.0,50.0,421.1984,-22.0111,158.7133,537.0456,50.0209,36.4763,30.3969,-3.3017,-8.3772,0.4091,41.6667,30.3969,
sp400_load050,37.5,response,400.0,50.0,420.3913,-21.1984,158.6773,537.0049,50.0192,36.5684,30.4737,-3.1798,-8.4196,0.4063,41.6667,30.4737,
sp400_load050,37.6,response,400.0,50.0,419.59,-20.3913,158.6424,536.9651,50.0177,36.6613,30.5511,-3.0587,-8.4604,0.4035,41.6667,30.5511,
sp400_load050,37.7,response,400.0,50.0,418.7943,-19.59,158.6085,536.926,50.0163,36.7552,30.6293,-2.9385,-8.4996,0.4007,41.6667,30.6293,
sp400_load050,37.8,response,400.0,50.0,418.0044,-18.7943,158.5756,536.8877,50.015,36.8499,30.7082,-2.8191,-8.5371,0.3978,41.6667,30.7082,
sp400_load050,37.9,response,400.0,50.0,417.2203,-18.0044,158.5436,536.8502,50.0138,36.9454,30.7878,-2.7007,-8.5732,0.395,41.6667,30.7878,
sp400_load050,38.0,response,400.0,50.0,416.442,-17.2203,158.5126,536.8133,50.0127,37.0417,30.8681,-2.583,-8.6076,0.3921,41.6667,30.8681,
sp400_load050,38.1,response,400.0,50.0,415.6696,-16.442,158.4825,536.7772,50.0117,37.1388,30.949,-2.4663,-8.6405,0.3891,41.6667,30.949,
sp400_load050,38.2,response,400.0,50.0,414.9032,-15.6696,158.4533,536.7418,50.0107,37.2367,31.0306,-2.3504,-8.6718,0.3862,41.6667,31.0306,
sp400_load050,38.3,response,400.0,50.0,414.1427,-14.9032,158.4249,536.7071,50.0099,37.3353,31.1128,-2.2355,-8.7016,0.3832,41.6667,31.1128,
sp400_load050,38.4,response,400.0,50.0,413.3883,-14.1427,158.3974,536.6731,50.0091,37.4347,31.1956,-2.1214,-8.7299,0.3802,41.6667,31.1956,
sp400_load050,38.5,response,400.0,50.0,412.6399,-13.3883,158.3706,536.6398,50.0084,37.5348,31.279,-2.0082,-8.7567,0.3772,41.6667,31.279,
sp400_load050,38.6,response,400.0,50.0,411.8975,-12.6399,158.3447,536.6071,50.0077,37.6355,31.3629,-1.896,-8.782,0.3742,41.6667,31.3629,
sp400_load050,38.7,response,400.0,50.0,411.1613,-11.8975,158.3195,536.575,50.0071,37.7369,31.4474,-1.7846,-8.8058,0.3712,41.6667,31.4474,
sp400_load050,38.8,response,400.0,50.0,410.4313,-11.1613,158.2951,536.5436,50.0065,37.839,31.5325,-1.6742,-8.8281,0.3681,41.6667,31.5325,
sp400_load050,38.9,response,400.0,50.0,409.7074,-10.4313,158.2713,536.5128,50.006,37.9417,31.6181,-1.5647,-8.8489,0.365,41.6667,31.6181,
sp400_load050,39.0,response,400.0,50.0,408.9898,-9.7074,158.2483,536.4827,50.0055,38.045,31.7041,-1.4561,-8.8684,0.3619,41.6667,31.7041,
sp400_load050,39.1,response,400.0,50.0,408.2784,-8.9898,158.226,536.4531,50.0051,38.1488,31.7907,-1.3485,-8.8863,0.3588,41.6667,31.7907,
sp400_load050,39.2,response,400.0,50.0,407.5733,-8.2784,158.2043,536.4241,50.0047,38.2532,31.8777,-1.2418,-8.9029,0.3557,41.6667,31.8777,
sp400_load050,39.3,response,400.0,50.0,406.8745,-7.5733,158.1833,536.3957,50.0043,38.3582,31.9652,-1.136,-8.918,0.3525,41.6667,31.9652,
sp400_load050,39.4,response,400.0,50.0,406.1821,-6.8745,158.1629,536.3678,50.0039,38.4637,32.0531,-1.0312,-8.9318,0.3494,41.6667,32.0531,
sp400_load050,39.5,response,400.0,50.0,405.4961,-6.1821,158.1431,536.3405,50.0036,38.5697,32.1414,-0.9273,-8.9442,0.3462,41.6667,32.1414,
sp400_load050,39.6,response,400.0,50.0,404.8165,-5.4961,158.1238,536.3137,50.0033,38.6761,32.2301,-0.8244,-8.9551,0.343,41.6667,32.2301,
sp400_load050,39.7,response,400.0,50.0,404.1433,-4.8165,158.1052,536.2875,50.0031,38.7831,32.3192,-0.7225,-8.9648,0.3398,41.6667,32.3192,
sp400_load050,39.8,response,400.0,50.0,403.4765,-4.1433,158.0871,536.2618,50.0028,38.8905,32.4087,-0.6215,-8.9731,0.3366,41.6667,32.4087,
sp400_load050,39.9,response,400.0,50.0,402.8163,-3.4765,158.0696,536.2366,50.0026,38.9982,32.4985,-0.5215,-8.98,0.3334,41.6667,32.4985,
sp400_load050,40.0,response,400.0,50.0,402.1625,-2.8163,158.0525,536.2119,50.0024,39.1064,32.5887,-0.4224,-8.9857,0.3301,41.6667,32.5887,
sp400_load050,40.1,response,400.0,50.0,401.5153,-2.1625,158.036,536.1877,50.0022,39.215,32.6792,-0.3244,-8.99,0.3269,41.6667,32.6792,
sp400_load050,40.2,response,400.0,50.0,400.8746,-1.5153,158.02,536.164,50.002,39.324,32.77,-0.2273,-8.993,0.3236,41.6667,32.77,
sp400_load050,40.3,response,400.0,50.0,400.2405,-0.8746,158.0044,536.1407,50.0019,39.4333,32.8611,-0.1312,-8.9948,0.3203,41.6667,32.8611,
sp400_load050,40.4,response,400.0,50.0,399.6129,-0.2405,157.9893,536.1179,50.0017,39.5429,32.9524,-0.0361,-8.9952,0.3171,41.6667,32.9524,01LAL001
sp400_load050,40.5,response,400.0,50.0,398.992,0.3871,157.9747,536.0956,50.0016,39.6528,33.044,0.0581,-8.9945,0.3138,41.6667,33.044,01LAL001
sp400_load050,40.6,response,400.0,50.0,398.3777,1.008,157.9605,536.0737,50.0015,39.7631,33.1359,0.1512,-8.9924,0.3105,41.6667,33.1359,01LAL001
sp400_load050,40.7,response,400.0,50.0,397.7701,1.6223,157.9467,536.0522,50.0013,39.8735,33.228,0.2433,-8.9892,0.3072,41.6667,33.228,01LAL001
sp400_load050,40.8,response,400.0,50.0,397.169,2.2299,157.9333,536.0312,50.0012,39.9843,33.3202,0.3345,-8.9847,0.3038,41.6667,33.3202,01LAL001
sp400_load050,40.9,response,400.0,50.0,396.5747,2.831,157.9203,536.0106,50.0011,40.0953,33.4127,0.4246,-8.9791,0.3005,41.6667,33.4127,01LAL001
sp400_load050,41.0,response,400.0,50.0,395.987,3.4253,157.9077,535.9904,50.001,40.2065,33.5054,0.5138,-8.9722,0.2972,41.6667,33.5054,01LAL001
sp400_load050,41.1,response,400.0,50.0,395.406,4.013,157.8955,535.9706,50.001,40.3179,33.5982,0.6019,-8.9642,0.2938,41.6667,33.5982,01LAL001
sp400_load050,41.2,response,400.0,50.0,394.8317,4.594,157.8837,535.9512,50.0009,40.4295,33.6912,0.6891,-8.955,0.2905,41.6667,33.6912,01LAL001
sp400_load050,41.3,response,400.0,50.0,394.2642,5.1683,157.8722,535.9322,50.0008,40.5412,33.7844,0.7752,-8.9447,0.2871,41.6667,33.7844,01LAL001
sp400_load050,41.4,response,400.0,50.0,393.7033,5.7358,157.861,535.9136,50.0007,40.6531,33.8776,0.8604,-8.9332,0.2838,41.6667,33.8776,01LAL001
sp400_load050,41.5,response,400.0,50.0,393.1492,6.2967,157.8502,535.8953,50.0007,40.7652,33.971,0.9445,-8.9206,0.2804,41.6667,33.971,01LAL001
sp400_load050,41.6,response,400.0,50.0,392.6018,6.8508,157.8397,535.8774,50.0006,40.8773,34.0644,1.0276,-8.9069,0.2771,41.6667,34.0644,01LAL001
sp400_load050,41.7,response,400.0,50.0,392.0611,7.3982,157.8296,535.8599,50.0006,40.9896,34.158,1.1097,-8.8921,0.2737,41.6667,34.158,01LAL001
sp400_load050,41.8,response,400.0,50.0,391.5272,7.9389,157.8197,535.8427,50.0005,41.1019,34.2516,1.1908,-8.8762,0.2703,41.6667,34.2516,01LAL001
sp400_load050,41.9,response,400.0,50.0,391.0,8.4728,157.8101,535.8258,50.0005,41.2143,34.3452,1.2709,-8.8593,0.267,41.6667,34.3452,01LAL001
sp400_load050,42.0,response,400.0,50.0,390.4796,9.0,157.8008,535.8093,50.0005,41.3267,34.439,1.35,-8.8413,0.2636,41.6667,34.439,01LAL001
sp400_load050,42.1,response,400.0,50.0,389.9659,9.5204,157.7918,535.7931,50.0004,41.4392,34.5327,1.4281,-8.8223,0.2602,41.6667,34.5327,01LAL001
sp400_load050,42.2,response,400.0,50.0,389.459,10.0341,157.783,535.7773,50.0004,41.5517,34.6264,1.5051,-8.8022,0.2568,41.6667,34.6264,01LAL001
sp400_load050,42.3,response,400.0,50.0,388.9589,10.541,157.7746,535.7617,50.0004,41.6642,34.7202,1.5811,-8.7811,0.2535,41.6667,34.7202,01LAL001
sp400_load050,42.4,response,400.0,50.0,388.4654,11.0411,157.7663,535.7465,50.0003,41.7767,34.8139,1.6562,-8.759,0.2501,41.6667,34.8139,01LAL001
sp400_load050,42.5,response,400.0,50.0,387.9788,11.5346,157.7584,535.7316,50.0003,41.8891,34.9076,1.7302,-8.736,0.2467,41.6667,34.9076,01LAL001
sp400_load050,42.6,response,400.0,50.0,387.4988,12.0212,157.7506,535.717,50.0003,42.0015,35.0013,1.8032,-8.7119,0.2433,41.6667,35.0013,01LAL001
sp400_load050,42.7,response,400.0,50.0,387.0257,12.5012,157.7431,535.7026,50.0003,42.1139,35.0949,1.8752,-8.6869,0.24,41.6667,35.0949,01LAL001
sp400_load050,42.8,response,400.0,50.0,386.5592,12.9743,157.7358,535.6886,50.0002,42.2261,35.1885,1.9462,-8.661,0.2366,41.6667,35.1885,01LAL001
sp400_load050,42.9,response,400.0,50.0,386.0995,13.4408,157.7287,535.6748,50.0002,42.3383,35.2819,2.0161,-8.6341,0.2332,41.6667,35.2819,01LAL001
sp400_load050,43.0,response,400.0,50.0,385.6465,13.9005,157.7219,535.6613,50.0002,42.4504,35.3753,2.0851,-8.6063,0.2299,41.6667,35.3753,01LAL001
sp400_load050,43.1,response,400.0,50.0,385.2002,14.3535,157.7152,535.6481,50.0002,42.5623,35.4686,2.153,-8.5776,0.2265,41.6667,35.4686,01LAL001
sp400_load050,43.2,response,400.0,50.0,384.7607,14.7998,157.7088,535.6351,50.0002,42.6742,35.5618,2.22,-8.548,0.2231,41.6667,35.5618,01LAL001
sp400_load050,43.3,response,400.0,50.0,384.3278,15.2393,157.7025,535.6224,50.0002,42.7858,35.6549,2.2859,-8.5175,0.2198,41.6667,35.6549,01LAL001
sp400_load050,43.4,response,400.0,50.0,383.9016,15.6722,157.6964,535.61,50.0001,42.8973,35.7478,2.3508,-8.4861,0.2164,41.6667,35.7478,01LAL001
sp400_load050,43.5,response,400.0,50.0,383.4822,16.0984,157.6906,535.5978,50.0001,43.0087,35.8406,2.4148,-8.454,0.2131,41.6667,35.8406,01LAL001
sp400_load050,43.6,response,400.0,50.0,383.0693,16.5178,157.6848,535.5858,50.0001,43.1198,35.9332,2.4777,-8.4209,0.2097,41.6667,35.9332,01LAL001
sp400_load050,43.7,response,400.0,50.0,382.6632,16.9307,157.6793,535.5741,50.0001,43.2307,36.0256,2.5396,-8.3871,0.2064,41.6667,36.0256,01LAL001
sp400_load050,43.8,response,400.0,50.0,382.2637,17.3368,157.6739,535.5626,50.0001,43.3415,36.1179,2.6005,-8.3524,0.2031,41.6667,36.1179,01LAL001
sp400_load050,43.9,response,400.0,50.0,381.8708,17.7363,157.6687,535.5514,50.0001,43.452,36.21,2.6605,-8.3169,0.1998,41.6667,36.21,01LAL001
sp400_load050,44.0,response,400.0,50.0,381.4845,18.1292,157.6636,535.5404,50.0001,43.5622,36.3018,2.7194,-8.2806,0.1964,41.6667,36.3018,01LAL001
sp400_load050,44.1,response,400.0,50.0,381.1048,18.5155,157.6587,535.5295,50.0001,43.6722,36.3935,2.7773,-8.2436,0.1931,41.6667,36.3935,01LAL001
sp400_load050,44.2,response,400.0,50.0,380.7317,18.8952,157.654,535.519,50.0001,43.7819,36.485,2.8343,-8.2058,0.1898,41.6667,36.485,01LAL001
sp400_load050,44.3,response,400.0,50.0,380.3652,19.2683,157.6494,535.5086,50.0001,43.8914,36.5762,2.8902,-8.1673,0.1865,41.6667,36.5762,01LAL001
sp400_load050,44.4,response,400.0,50.0,380.0053,19.6348,157.6449,535.4984,50.0001,44.0005,36.6671,2.9452,-8.128,0.1833,41.6667,36.6671,01LAL001
sp400_load050,44.5,response,400.0,50.0,379.6518,19.9947,157.6405,535.4884,50.0001,44.1094,36.7578,2.9992,-8.088,0.18,41.6667,36.7578,01LAL001
sp400_load050,44.6,response,400.0,50.0,379.3049,20.3482,157.6363,535.4787,50.0001,44.2179,36.8483,3.0522,-8.0473,0.1767,41.6667,36.8483,01LAL001
sp400_load050,44.7,response,400.0,50.0,378.9645,20.6951,157.6322,535.4691,50.0,44.3261,36.9385,3.1043,-8.0059,0.1735,41.6667,36.9385,01LAL001
sp400_load050,44.8,response,400.0,50.0,378.6305,21.0355,157.6283,535.4597,50.0,44.434,37.0283,3.1553,-7.9639,0.1702,41.6667,37.0283,01LAL001
sp400_load050,44.9,response,400.0,50.0,378.303,21.3695,157.6244,535.4505,50.0,44.5415,37.1179,3.2054,-7.9211,0.167,41.6667,37.1179,01LAL001
sp400_load050,45.0,response,400.0,50.0,377.9819,21.697,157.6207,535.4415,50.0,44.6487,37.2072,3.2546,-7.8777,0.1638,41.6667,37.2072,01LAL001
sp400_load050,45.1,response,400.0,50.0,377.6672,22.0181,157.6171,535.4327,50.0,44.7555,37.2962,3.3027,-7.8337,0.1605,41.6667,37.2962,01LAL001
sp400_load050,45.2,response,400.0,50.0,377.3589,22.3328,157.6136,535.424,50.0,44.8619,37.3849,3.3499,-7.789,0.1573,41.6667,37.3849,01LAL001
sp400_load050,45.3,response,400.0,50.0,377.057,22.6411,157.6101,535.4156,50.0,44.9679,37.4732,3.3962,-7.7438,0.1541,41.6667,37.4732,01LAL001
sp400_load050,45.4,response,400.0,50.0,376.7614,22.943,157.6068,535.4072,50.0,45.0735,37.5612,3.4414,-7.6979,0.151,41.6667,37.5612,01LAL001
sp400_load050,45.5,response,400.0,50.0,376.4721,23.2386,157.6036,535.3991,50.0,45.1786,37.6489,3.4858,-7.6514,0.1478,41.6667,37.6489,01LAL001
sp400_load050,45.6,response,400.0,50.0,376.1891,23.5279,157.6005,535.3911,50.0,45.2834,37.7362,3.5292,-7.6043,0.1446,41.6667,37.7362,01LAL001
sp400_load050,45.7,response,400.0,50.0,375.9124,23.8109,157.5975,535.3833,50.0,45.3877,37.8231,3.5716,-7.5567,0.1415,41.6667,37.8231,01LAL001
sp400_load050,45.8,response,400.0,50.0,375.6419,24.0876,157.5946,535.3756,50.0,45.4916,37.9096,3.6131,-7.5085,0.1384,41.6667,37.9096,01LAL001
sp400_load050,45.9,response,400.0,50.0,375.3776,24.3581,157.5918,535.3681,50.0,45.595,37.9958,3.6537,-7.4598,0.1353,41.6667,37.9958,01LAL001
sp400_load050,46.0,response,400.0,50.0,375.1195,24.6224,157.589,535.3608,50.0,45.6979,38.0816,3.6934,-7.4106,0.1322,41.6667,38.0816,01LAL001
sp400_load050,46.1,response,400.0,50.0,374.8675,24.8805,157.5863,535.3535,50.0,45.8004,38.167,3.7321,-7.3608,0.1291,41.6667,38.167,01LAL001
sp400_load050,46.2,response,400.0,50.0,374.6216,25.1325,157.5837,535.3465,50.0,45.9024,38.252,3.7699,-7.3106,0.126,41.6667,38.252,01LAL001
sp400_load050,46.3,response,400.0,50.0,374.3818,25.3784,157.5812,535.3395,50.0,46.0039,38.3366,3.8068,-7.2598,0.1229,41.6667,38.3366,01LAL001
sp400_load050,46.4,response,400.0,50.0,374.1481,25.6182,157.5788,535.3327,50.0,46.1049,38.4207,3.8427,-7.2086,0.1199,41.6667,38.4207,01LAL001
sp400_load050,46.5,response,400.0,50.0,373.9205,25.8519,157.5764,535.3261,50.0,46.2053,38.5044,3.8778,-7.1569,0.1169,41.6667,38.5044,01LAL001
sp400_load050,46.6,response,400.0,50.0,373.6988,26.0795,157.5741,535.3196,50.0,46.3053,38.5877,3.9119,-7.1047,0.1138,41.6667,38.5877,01LAL001
sp400_load050,46.7,response,400.0,50.0,373.4831,26.3012,157.5719,535.3132,50.0,46.4047,38.6706,3.9452,-7.0521,0.1108,41.6667,38.6706,01LAL001
sp400_load050,46.8,response,400.0,50.0,373.2733,26.5169,157.5698,535.3069,50.0,46.5036,38.753,3.9775,-6.9991,0.1079,41.6667,38.753,01LAL001
sp400_load050,46.9,response,400.0,50.0,373.0694,26.7267,157.5677,535.3008,50.0,46.602,38.835,4.009,-6.9456,0.1049,41.6667,38.835,01LAL001
sp400_load050,47.0,response,400.0,50.0,372.8714,26.9306,157.5656,535.2948,50.0,46.6997,38.9165,4.0396,-6.8917,0.1019,41.6667,38.9165,01LAL001
sp400_load050,47.1,response,400.0,50.0,372.6792,27.1286,157.5637,535.2889,50.0,46.797,38.9975,4.0693,-6.8375,0.099,41.6667,38.9975,01LAL001
sp400_load050,47.2,response,400.0,50.0,372.4928,27.3208,157.5618,535.2831,50.0,46.8936,39.078,4.0981,-6.7828,0.0961,41.6667,39.078,01LAL001
sp400_load050,47.3,response,400.0,50.0,372.3122,27.5072,157.5599,535.2774,50.0,46.9897,39.1581,4.1261,-6.7278,0.0932,41.6667,39.1581,01LAL001
sp400_load050,47.4,response,400.0,50.0,372.1373,27.6878,157.5581,535.2719,50.0,47.0852,39.2377,4.1532,-6.6725,0.0903,41.6667,39.2377,01LAL001
sp400_load050,47.5,response,400.0,50.0,371.9681,27.8627,157.5564,535.2664,50.0,47.1801,39.3168,4.1794,-6.6167,0.0874,41.6667,39.3168,01LAL001
sp400_load050,47.6,response,400.0,50.0,371.8046,28.0319,157.5547,535.2611,50.0,47.2745,39.3954,4.2048,-6.5607,0.0846,41.6667,39.3954,01LAL001
sp400_load050,47.7,response,400.0,50.0,371.6467,28.1954,157.553,535.2559,50.0,47.3682,39.4735,4.2293,-6.5043,0.0818,41.6667,39.4735,01LAL001
sp400_load050,47.8,response,400.0,50.0,371.4943,28.3533,157.5514,535.2508,50.0,47.4613,39.5511,4.253,-6.4476,0.079,41.6667,39.5511,01LAL001
sp400_load050,47.9,response,400.0,50.0,371.3476,28.5057,157.5499,535.2458,50.0,47.5537,39.6281,4.2758,-6.3906,0.0762,41.6667,39.6281,01LAL001
sp400_load050,48.0,response,400.0,50.0,371.2063,28.6524,157.5484,535.2408,50.0,47.6456,39.7047,4.2979,-6.3333,0.0734,41.6667,39.7047,01LAL001
sp400_load050,48.1,response,400.0,50.0,371.0705,28.7937,157.5469,535.236,50.0,47.7368,39.7807,4.3191,-6.2757,0.0706,41.6667,39.7807,01LAL001
sp400_load050,48.2,response,400.0,50.0,370.9402,28.9295,157.5455,535.2313,50.0,47.8274,39.8562,4.3394,-6.2178,0.0679,41.6667,39.8562,01LAL001
sp400_load050,48.3,response,400.0,50.0,370.8152,29.0598,157.5442,535.2267,50.0,47.9174,39.9311,4.359,-6.1597,0.0652,41.6667,39.9311,01LAL001
sp400_load050,48.4,response,400.0,50.0,370.6956,29.1848,157.5428,535.2221,50.0,48.0067,40.0055,4.3777,-6.1013,0.0625,41.6667,40.0055,01LAL001
sp400_load050,48.5,response,400.0,50.0,370.5813,29.3044,157.5416,535.2177,50.0,48.0953,40.0794,4.3957,-6.0427,0.0598,41.6667,40.0794,01LAL001
sp400_load050,48.6,response,400.0,50.0,370.4723,29.4187,157.5403,535.2133,50.0,48.1833,40.1527,4.4128,-5.9839,0.0571,41.6667,40.1527,01LAL001
sp400_load050,48.7,response,400.0,50.0,370.3685,29.5277,157.5391,535.2091,50.0,48.2706,40.2255,4.4292,-5.9248,0.0545,41.6667,40.2255,01LAL001
sp400_load050,48.8,response,400.0,50.0,370.27,29.6315,157.5379,535.2049,50.0,48.3573,40.2977,4.4447,-5.8656,0.0519,41.6667,40.2977,01LAL001
sp400_load050,48.9,response,400.0,50.0,370.1766,29.73,157.5368,535.2008,50.0,48.4432,40.3694,4.4595,-5.8061,0.0493,41.6667,40.3694,01LAL001
sp400_load050,49.0,response,400.0,50.0,370.0883,29.8234,157.5357,535.1968,50.0,48.5285,40.4404,4.4735,-5.7464,0.0467,41.6667,40.4404,01LAL001
sp400_load050,49.1,response,400.0,50.0,370.0051,29.9117,157.5346,535.1929,50.0,48.6131,40.5109,4.4868,-5.6866,0.0441,41.6667,40.5109,01LAL001
sp400_load050,49.2,response,400.0,50.0,369.9269,29.9949,157.5336,535.189,50.0,48.6971,40.5809,4.4992,-5.6266,0.0416,41.6667,40.5809,01LAL001
sp400_load050,49.3,response,400.0,50.0,369.8537,30.0731,157.5326,535.1852,50.0,48.7803,40.6502,4.511,-5.5665,0.0391,41.6667,40.6502,01LAL001
sp400_load050,49.4,response,400.0,50.0,369.7855,30.1463,157.5316,535.1815,50.0,48.8628,40.719,4.5219,-5.5062,0.0366,41.6667,40.719,01LAL001
sp400_load050,49.5,response,400.0,50.0,369.7222,30.2145,157.5307,535.1779,50.0,48.9446,40.7872,4.5322,-5.4458,0.0341,41.6667,40.7872,01LAL001
sp400_load050,49.6,response,400.0,50.0,369.6637,30.2778,157.5297,535.1743,50.0,49.0258,40.8548,4.5417,-5.3852,0.0317,41.6667,40.8548,01LAL001
sp400_load050,49.7,response,400.0,50.0,369.6101,30.3363,157.5288,535.1708,50.0,49.1062,40.9218,4.5504,-5.3245,0.0292,41.6667,40.9218,01LAL001
sp400_load050,49.8,response,400.0,50.0,369.5612,30.3899,157.528,535.1674,50.0,49.1859,40.9882,4.5585,-5.2638,0.0268,41.6667,40.9882,01LAL001
sp400_load050,49.9,response,400.0,50.0,369.5171,30.4388,157.5271,535.1641,50.0,49.2648,41.054,4.5658,-5.2029,0.0244,41.6667,41.054,01LAL001
sp400_load050,50.0,response,400.0,50.0,369.4777,30.4829,157.5263,535.1608,50.0,49.3431,41.1192,4.5724,-5.1419,0.0221,41.6667,41.1192,01LAL001
sp400_load050,50.1,response,400.0,50.0,369.4429,30.5223,157.5255,535.1576,50.0,49.4206,41.1838,4.5783,-5.0809,0.0197,41.6667,41.1838,01LAL001
sp400_load050,50.2,response,400.0,50.0,369.4128,30.5571,157.5248,535.1544,50.0,49.4974,41.2478,4.5836,-5.0198,0.0174,41.6667,41.2478,01LAL001
sp400_load050,50.3,response,400.0,50.0,369.3872,30.5872,157.524,535.1513,50.0,49.5735,41.3112,4.5881,-4.9586,0.0151,41.6667,41.3112,01LAL001
sp400_load050,50.4,response,400.0,50.0,369.3661,30.6128,157.5233,535.1483,50.0,49.6488,41.374,4.5919,-4.8974,0.0128,41.6667,41.374,01LAL001
sp400_load050,50.5,response,400.0,50.0,369.3495,30.6339,157.5226,535.1453,50.0,49.7234,41.4362,4.5951,-4.8361,0.0105,41.6667,41.4362,01LAL001
sp400_load050,50.6,response,400.0,50.0,369.3374,30.6505,157.5219,535.1424,50.0,49.7973,41.4977,4.5976,-4.7748,0.0083,41.6667,41.4977,01LAL001
sp400_load050,50.7,response,400.0,50.0,369.3296,30.6626,157.5213,535.1396,50.0,49.8704,41.5587,4.5994,-4.7135,0.0061,41.6667,41.5587,01LAL001
sp400_load050,50.8,response,400.0,50.0,369.3262,30.6704,157.5206,535.1368,50.0,49.9428,41.619,4.6006,-4.6521,0.0039,41.6667,41.619,01LAL001
sp400_load050,50.9,response,400.0,50.0,369.327,30.6738,157.52,535.1341,50.0,50.0144,41.6787,4.6011,-4.5908,0.0017,41.6667,41.6787,01LAL001
sp400_load050,51.0,response,400.0,50.0,369.3321,30.673,157.5194,535.1314,50.0,50.0853,41.7378,4.6009,-4.5294,-0.0004,41.6667,41.7378,01LAL001
sp400_load050,51.1,response,400.0,50.0,369.3415,30.6679,157.5188,535.1287,50.0,50.1554,41.7962,4.6002,-4.4681,-0.0026,41.6667,41.7962,01LAL001
sp400_load050,51.2,response,400.0,50.0,369.355,30.6585,157.5183,535.1262,50.0,50.2248,41.854,4.5988,-4.4068,-0.0047,41.6667,41.854,01LAL001
sp400_load050,51.3,response,400.0,50.0,369.3726,30.645,157.5177,535.1237,50.0,50.2934,41.9112,4.5968,-4.3455,-0.0067,41.6667,41.9112,01LAL001
sp400_load050,51.4,response,400.0,50.0,369.3942,30.6274,157.5172,535.1212,50.0,50.3613,41.9677,4.5941,-4.2842,-0.0088,41.6667,41.9677,01LAL001
sp400_load050,51.5,response,400.0,50.0,369.4199,30.6058,157.5167,535.1188,50.0,50.4284,42.0237,4.5909,-4.223,-0.0108,41.6667,42.0237,01LAL001
sp400_load050,51.6,response,400.0,50.0,369.4496,30.5801,157.5162,535.1164,50.0,50.4948,42.079,4.587,-4.1619,-0.0129,41.6667,42.079,01LAL001
sp400_load050,51.7,response,400.0,50.0,369.4833,30.5504,157.5157,535.1141,50.0,50.5603,42.1336,4.5826,-4.1008,-0.0148,41.6667,42.1336,01LAL001
sp400_load050,51.8,response,400.0,50.0,369.5208,30.5167,157.5152,535.1118,50.0,50.6252,42.1876,4.5775,-4.0397,-0.0168,41.6667,42.1876,01LAL001
sp400_load050,51.9,response,400.0,50.0,369.5621,30.4792,157.5148,535.1095,50.0,50.6892,42.241,4.5719,-3.9788,-0.0188,41.6667,42.241,01LAL001
sp400_load050,52.0,response,400.0,50.0,369.6073,30.4379,157.5143,535.1073,50.0,50.7525,42.2938,4.5657,-3.9179,-0.0207,41.6667,42.2938,01LAL001
sp400_load050,52.1,response,400.0,50.0,369.6562,30.3927,157.5139,535.1052,50.0,50.8151,42.3459,4.5589,-3.8571,-0.0226,41.6667,42.3459,01LAL001
sp400_load050,52.2,response,400.0,50.0,369.7088,30.3438,157.5135,535.1031,50.0,50.8768,42.3974,4.5516,-3.7964,-0.0245,41.6667,42.3974,01LAL001
sp400_load050,52.3,response,400.0,50.0,369.7651,30.2912,157.5131,535.101,50.0,50.9378,42.4482,4.5437,-3.7358,-0.0263,41.6667,42.4482,01LAL001
sp400_load050,52.4,response,400.0,50.0,369.8249,30.2349,157.5127,535.099,50.0,50.9981,42.4984,4.5352,-3.6754,-0.0281,41.6667,42.4984,01LAL001
sp400_load050,52.5,response,400.0,50.0,369.8884,30.1751,157.5123,535.097,50.0,51.0576,42.548,4.5263,-3.615,-0.0299,41.6667,42.548,01LAL001
sp400_load050,52.6,response,400.0,50.0,369.9554,30.1116,157.5119,535.0951,50.0,51.1163,42.5969,4.5167,-3.5548,-0.0317,41.6667,42.5969,01LAL001
sp400_load050,52.7,response,400.0,50.0,370.0258,30.0446,157.5116,535.0932,50.0,51.1742,42.6452,4.5067,-3.4947,-0.0335,41.6667,42.6452,01LAL001
sp400_load050,52.8,response,400.0,50.0,370.0997,29.9742,157.5112,535.0913,50.0,51.2314,42.6928,4.4961,-3.4348,-0.0352,41.6667,42.6928,01LAL001
sp400_load050,52.9,response,400.0,50.0,370.177,29.9003,157.5109,535.0895,50.0,51.2878,42.7398,4.485,-3.375,-0.0369,41.6667,42.7398,01LAL001
sp400_load050,53.0,response,400.0,50.0,370.2576,29.823,157.5106,535.0877,50.0,51.3434,42.7862,4.4735,-3.3153,-0.0386,41.6667,42.7862,01LAL001
sp400_load050,53.1,response,400.0,50.0,370.3415,29.7424,157.5102,535.086,50.0,51.3983,42.8319,4.4614,-3.2558,-0.0403,41.6667,42.8319,01LAL001
sp400_load050,53.2,response,400.0,50.0,370.4286,29.6585,157.5099,535.0842,50.0,51.4524,42.877,4.4488,-3.1965,-0.0419,41.6667,42.877,01LAL001
sp400_load050,53.3,response,400.0,50.0,370.519,29.5714,157.5096,535.0825,50.0,51.5057,42.9214,4.4357,-3.1374,-0.0436,41.6667,42.9214,01LAL001
sp400_load050,53.4,response,400.0,50.0,370.6125,29.481,157.5093,535.0809,50.0,51.5583,42.9652,4.4222,-3.0784,-0.0452,41.6667,42.9652,01LAL001
sp400_load050,53.5,response,400.0,50.0,370.7091,29.3875,157.5091,535.0793,50.0,51.6101,43.0084,4.4081,-3.0196,-0.0467,41.6667,43.0084,01LAL001
sp400_load050,53.6,response,400.0,50.0,370.8087,29.2909,157.5088,535.0777,50.0,51.6612,43.051,4.3936,-2.961,-0.0483,41.6667,43.051,01LAL001
sp400_load050,53.7,response,400.0,50.0,370.9114,29.1913,157.5085,535.0761,50.0,51.7114,43.0929,4.3787,-2.9027,-0.0498,41.6667,43.0929,01LAL001
sp400_load050,53.8,response,400.0,50.0,371.0171,29.0886,157.5083,535.0746,50.0,51.761,43.1341,4.3633,-2.8445,-0.0513,41.6667,43.1341,01LAL001
sp400_load050,53.9,response,400.0,50.0,371.1257,28.9829,157.508,535.0731,50.0,51.8097,43.1748,4.3474,-2.7865,-0.0528,41.6667,43.1748,01LAL001
sp400_load050,54.0,response,400.0,50.0,371.2371,28.8743,157.5078,535.0717,50.0,51.8577,43.2148,4.3312,-2.7288,-0.0543,41.6667,43.2148,01LAL001
sp400_load050,54.1,response,400.0,50.0,371.3514,28.7629,157.5075,535.0702,50.0,51.9049,43.2541,4.3144,-2.6712,-0.0557,41.6667,43.2541,01LAL001
sp400_load050,54.2,response,400.0,50.0,371.4685,28.6486,157.5073,535.0688,50.0,51.9514,43.2929,4.2973,-2.6139,-0.0571,41.6667,43.2929,01LAL001
sp400_load050,54.3,response,400.0,50.0,371.5883,28.5315,157.5071,535.0674,50.0,51.9972,43.331,4.2797,-2.5569,-0.0585,41.6667,43.331,01LAL001
sp400_load050,54.4,response,400.0,50.0,371.7109,28.4117,157.5069,535.0661,50.0,52.0421,43.3684,4.2617,-2.5001,-0.0599,41.6667,43.3684,01LAL001
sp400_load050,54.5,response,400.0,50.0,371.836,28.2891,157.5067,535.0648,50.0,52.0863,43.4053,4.2434,-2.4435,-0.0613,41.6667,43.4053,01LAL001
sp400_load050,54.6,response,400.0,50.0,371.9638,28.164,157.5065,535.0635,50.0,52.1298,43.4415,4.2246,-2.3872,-0.0626,41.6667,43.4415,01LAL001
sp400_load050,54.7,response,400.0,50.0,372.0942,28.0362,157.5063,535.0622,50.0,52.1725,43.4771,4.2054,-2.3311,-0.0639,41.6667,43.4771,01LAL001
sp400_load050,54.8,response,400.0,50.0,372.2271,27.9058,157.5061,535.061,50.0,52.2145,43.5121,4.1859,-2.2753,-0.0652,41.6667,43.5121,01LAL001
sp400_load050,54.9,response,400.0,50.0,372.3624,27.7729,157.5059,535.0597,50.0,52.2557,43.5464,4.1659,-2.2197,-0.0664,41.6667,43.5464,01LAL001
sp400_load050,55.0,response,400.0,50.0,372.5002,27.6376,157.5057,535.0586,50.0,52.2962,43.5802,4.1456,-2.1644,-0.0677,41.6667,43.5802,01LAL001
sp400_load050,55.1,response,400.0,50.0,372.6403,27.4998,157.5056,535.0574,50.0,52.336,43.6133,4.125,-2.1094,-0.0689,41.6667,43.6133,01LAL001
sp400_load050,55.2,response,400.0,50.0,372.7828,27.3597,157.5054,535.0562,50.0,52.375,43.6458,4.104,-2.0547,-0.0701,41.6667,43.6458,01LAL001
sp400_load050,55.3,response,400.0,50.0,372.9276,27.2172,157.5052,535.0551,50.0,52.4132,43.6777,4.0826,-2.0003,-0.0712,41.6667,43.6777,01LAL001
sp400_load050,55.4,response,400.0,50.0,373.0747,27.0724,157.5051,535.054,50.0,52.4508,43.709,4.0609,-1.9462,-0.0724,41.6667,43.709,01LAL001
sp400_load050,55.5,response,400.0,50.0,373.2239,26.9253,157.5049,535.0529,50.0,52.4876,43.7396,4.0388,-1.8923,-0.0735,41.6667,43.7396,01LAL001
sp400_load050,55.6,response,400.0,50.0,373.3753,26.7761,157.5048,535.0519,50.0,52.5236,43.7697,4.0164,-1.8387,-0.0746,41.6667,43.7697,01LAL001
sp400_load050,55.7,response,400.0,50.0,373.5289,26.6247,157.5046,535.0508,50.0,52.559,43.7992,3.9937,-1.7855,-0.0757,41.6667,43.7992,01LAL001
sp400_load050,55.8,response,400.0,50.0,373.6845,26.4711,157.5045,535.0498,50.0,52.5936,43.828,3.9707,-1.7326,-0.0768,41.6667,43.828,01LAL001
sp400_load050,55.9,response,400.0,50.0,373.8421,26.3155,157.5044,535.0488,50.0,52.6275,43.8563,3.9473,-1.6799,-0.0778,41.6667,43.8563,01LAL001
sp400_load050,56.0,response,400.0,50.0,374.0018,26.1579,157.5042,535.0478,50.0,52.6607,43.8839,3.9237,-1.6276,-0.0788,41.6667,43.8839,01LAL001
sp400_load050,56.1,response,400.0,50.0,374.1634,25.9982,157.5041,535.0469,50.0,52.6932,43.911,3.8997,-1.5756,-0.0798,41.6667,43.911,01LAL001
sp400_load050,56.2,response,400.0,50.0,374.3269,25.8366,157.504,535.0459,50.0,52.7249,43.9374,3.8755,-1.5239,-0.0808,41.6667,43.9374,01LAL001
sp400_load050,56.3,response,400.0,50.0,374.4922,25.6731,157.5039,535.045,50.0,52.756,43.9633,3.851,-1.4726,-0.0817,41.6667,43.9633,01LAL001
sp400_load050,56.4,response,400.0,50.0,374.6594,25.5078,157.5037,535.0441,50.0,52.7863,43.9886,3.8262,-1.4216,-0.0827,41.6667,43.9886,01LAL001
sp400_load050,56.5,response,400.0,50.0,374.8284,25.3406,157.5036,535.0432,50.0,52.8159,44.0133,3.8011,-1.3709,-0.0836,41.6667,44.0133,01LAL001
sp400_load050,56.6,response,400.0,50.0,374.9991,25.1716,157.5035,535.0424,50.0,52.8449,44.0374,3.7757,-1.3206,-0.0845,41.6667,44.0374,01LAL001
sp400_load050,56.7,response,400.0,50.0,375.1714,25.0009,157.5034,535.0415,50.0,52.8731,44.0609,3.7501,-1.2706,-0.0853,41.6667,44.0609,01LAL001
sp400_load050,56.8,response,400.0,50.0,375.3455,24.8286,157.5033,535.0407,50.0,52.9006,44.0839,3.7243,-1.2209,-0.0862,41.6667,44.0839,01LAL001
sp400_load050,56.9,response,400.0,50.0,375.5211,24.6545,157.5032,535.0399,50.0,52.9275,44.1062,3.6982,-1.1716,-0.087,41.6667,44.1062,01LAL001
sp400_load050,57.0,response,400.0,50.0,375.6983,24.4789,157.5031,535.0391,50.0,52.9537,44.128,3.6718,-1.1226,-0.0878,41.6667,44.128,01LAL001
sp400_load050,57.1,response,400.0,50.0,375.8771,24.3017,157.503,535.0383,50.0,52.9791,44.1493,3.6452,-1.074,-0.0886,41.6667,44.1493,01LAL001
sp400_load050,57.2,response,400.0,50.0,376.0573,24.1229,157.5029,535.0375,50.0,53.0039,44.1699,3.6184,-1.0258,-0.0894,41.6667,44.1699,01LAL001
sp400_load050,57.3,response,400.0,50.0,376.239,23.9427,157.5028,535.0368,50.0,53.0281,44.1901,3.5914,-0.9779,-0.0901,41.6667,44.1901,01LAL001
sp400_load050,57.4,response,400.0,50.0,376.4221,23.761,157.5028,535.0361,50.0,53.0515,44.2096,3.5641,-0.9304,-0.0908,41.6667,44.2096,01LAL001
sp400_load050,57.5,response,400.0,50.0,376.6066,23.5779,157.5027,535.0353,50.0,53.0743,44.2286,3.5367,-0.8832,-0.0915,41.6667,44.2286,01LAL001
sp400_load050,57.6,response,400.0,50.0,376.7924,23.3934,157.5026,535.0346,50.0,53.0964,44.247,3.509,-0.8364,-0.0922,41.6667,44.247,01LAL001
sp400_load050,57.7,response,400.0,50.0,376.9794,23.2076,157.5025,535.0339,50.0,53.1179,44.2649,3.4811,-0.79,-0.0929,41.6667,44.2649,01LAL001
sp400_load050,57.8,response,400.0,50.0,377.1677,23.0206,157.5024,535.0333,50.0,53.1387,44.2822,3.4531,-0.744,-0.0935,41.6667,44.2822,01LAL001
sp400_load050,57.9,response,400.0,50.0,377.3573,22.8323,157.5024,535.0326,50.0,53.1588,44.299,3.4248,-0.6983,-0.0942,41.6667,44.299,01LAL001
sp400_load050,58.0,response,400.0,50.0,377.548,22.6427,157.5023,535.0319,50.0,53.1783,44.3153,3.3964,-0.653,-0.0948,41.6667,44.3153,01LAL001
sp400_load050,58.1,response,400.0,50.0,377.7398,22.452,157.5022,535.0313,50.0,53.1972,44.331,3.3678,-0.6081,-0.0954,41.6667,44.331,01LAL001
sp400_load050,58.2,response,400.0,50.0,377.9327,22.2602,157.5022,535.0307,50.0,53.2154,44.3462,3.339,-0.5636,-0.0959,41.6667,44.3462,01LAL001
sp400_load050,58.3,response,400.0,50.0,378.1267,22.0673,157.5021,535.0301,50.0,53.233,44.3608,3.3101,-0.5195,-0.0965,41.6667,44.3608,01LAL001
sp400_load050,58.4,response,400.0,50.0,378.3217,21.8733,157.502,535.0295,50.0,53.2499,44.375,3.281,-0.4757,-0.097,41.6667,44.375,01LAL001
sp400_load050,58.5,response,400.0,50.0,378.5177,21.6783,157.502,535.0289,50.0,53.2663,44.3886,3.2517,-0.4324,-0.0975,41.6667,44.3886,01LAL001
sp400_load050,58.6,response,400.0,50.0,378.7146,21.4823,157.5019,535.0283,50.0,53.282,44.4016,3.2223,-0.3894,-0.098,41.6667,44.4016,01LAL001
sp400_load050,58.7,response,400.0,50.0,378.9124,21.2854,157.5019,535.0277,50.0,53.297,44.4142,3.1928,-0.3468,-0.0985,41.6667,44.4142,01LAL001
sp400_load050,58.8,response,400.0,50.0,379.1111,21.0876,157.5018,535.0272,50.0,53.3115,44.4262,3.1631,-0.3047,-0.0989,41.6667,44.4262,01LAL001
sp400_load050,58.9,response,400.0,50.0,379.3106,20.8889,157.5017,535.0266,50.0,53.3253,44.4378,3.1333,-0.2629,-0.0993,41.6667,44.4378,01LAL001
sp400_load050,59.0,response,400.0,50.0,379.5109,20.6894,157.5017,535.0261,50.0,53.3386,44.4488,3.1034,-0.2215,-0.0998,41.6667,44.4488,01LAL001
sp400_load050,59.1,response,400.0,50.0,379.712,20.4891,157.5016,535.0256,50.0,53.3512,44.4594,3.0734,-0.1805,-0.1002,41.6667,44.4594,01LAL001
sp400_load050,59.2,response,400.0,50.0,379.9138,20.288,157.5016,535.0251,50.0,53.3633,44.4694,3.0432,-0.1399,-0.1005,41.6667,44.4694,01LAL001
sp400_load050,59.3,response,400.0,50.0,380.1163,20.0862,157.5015,535.0246,50.0,53.3747,44.4789,3.0129,-0.0998,-0.1009,41.6667,44.4789,01LAL001
sp400_load050,59.4,response,400.0,50.0,380.3194,19.8837,157.5015,535.0241,50.0,53.3856,44.488,2.9826,-0.06,-0.1012,41.6667,44.488,01LAL001
sp400_load050,59.5,response,400.0,50.0,380.5232,19.6806,157.5015,535.0236,50.0,53.3959,44.4965,2.9521,-0.0206,-0.1016,41.6667,44.4965,01LAL001
sp400_load050,59.6,response,400.0,50.0,380.7275,19.4768,157.5014,535.0231,50.0,53.4056,44.5046,2.9215,0.0183,-0.1019,41.6667,44.5046,01LAL001
sp400_load050,59.7,response,400.0,50.0,380.9324,19.2725,157.5014,535.0227,50.0,53.4147,44.5122,2.8909,0.0569,-0.1022,41.6667,44.5122,01LAL001
sp400_load050,59.8,response,400.0,50.0,381.1378,19.0676,157.5013,535.0222,50.0,53.4232,44.5194,2.8601,0.095,-0.1024,41.6667,44.5194,01LAL001
sp400_load050,59.9,response,400.0,50.0,381.3437,18.8622,157.5013,535.0218,50.0,53.4312,44.526,2.8293,0.1327,-0.1027,41.6667,44.526,01LAL001
sp400_load050,60.0,response,400.0,50.0,381.55,18.6563,157.5013,535.0213,50.0,53.4387,44.5322,2.7984,0.17,-0.1029,41.6667,44.5322,01LAL001
sp400_load075,0.1,baseline,500.0,60.0,500.0,0.0,165.0,540.04,60.0,60.0,50.0,0.0,0.0,0.0,50.0,50.0,
sp400_load075,0.2,baseline,500.0,60.0,500.0,0.0,165.0,540.0792,60.0,60.0,50.0,0.0,0.0,0.0,50.0,50.0,
sp400_load075,0.3,baseline,500.0,60.0,500.0,0.0,165.0,540.1176,60.0,60.0,50.0,0.0,0.0,0.0,50.0,50.0,
sp400_load075,0.4,baseline,500.0,60.0,500.0,0.0,165.0,540.1553,60.0,60.0,50.0,0.0,0.0,0.0,50.0,50.0,
sp400_load075,0.5,baseline,500.0,60.0,500.0,0.0,165.0,540.1922,60.0,60.0,50.0,0.0,0.0,0.0,50.0,50.0,
sp400_load075,0.6,baseline,500.0,60.0,500.0,0.0,165.0,540.2283,60.0,60.0,50.0,0.0,0.0,0.0,50.0,50.0,
sp400_load075,0.7,baseline,500.0,60.0,500.0,0.0,165.0,540.2637,60.0,60.0,50.0,0.0,0.0,0.0,50.0,50.0,
sp400_load075,0.8,baseline,500.0,60.0,500.0,0.0,165.0,540.2985,60.0,60.0,50.0,0.0,0.0,0.0,50.0,50.0,
sp400_load075,0.9,baseline,500.0,60.0,500.0,0.0,165.0,540.3325,60.0,60.0,50.0,0.0,0.0,0.0,50.0,50.0,
sp400_load075,1.0,baseline,500.0,60.0,500.0,0.0,165.0,540.3659,60.0,60.0,50.0,0.0,0.0,0.0,50.0,50.0,
sp400_load075,1.1,baseline,500.0,60.0,500.0,0.0,165.0,540.3985,60.0,60.0,50.0,0.0,0.0,0.0,50.0,50.0,
sp400_load075,1.2,baseline,500.0,60.0,500.0,0.0,165.0,540.4306,60.0,60.0,50.0,0.0,0.0,0.0,50.0,50.0,
sp400_load075,1.3,baseline,500.0,60.0,500.0,0.0,165.0,540.462,60.0,60.0,50.0,0.0,0.0,0.0,50.0,50.0,
sp400_load075,1.4,baseline,500.0,60.0,500.0,0.0,165.0,540.4927,60.0,60.0,50.0,0.0,0.0,0.0,50.0,50.0,
sp400_load075,1.5,baseline,500.0,60.0,500.0,0.0,165.0,540.5229,60.0,60.0,50.0,0.0,0.0,0.0,50.0,50.0,
sp400_load075,1.6,baseline,500.0,60.0,500.0,0.0,165.0,540.5524,60.0,60.0,50.0,0.0,0.0,0.0,50.0,50.0,
sp400_load075,1.7,baseline,500.0,60.0,500.0,0.0,165.0,540.5814,60.0,60.0,50.0,0.0,0.0,0.0,50.0,50.0,
sp400_load075,1.8,baseline,500.0,60.0,500.0,0.0,165.0,540.6097,60.0,60.0,50.0,0.0,0.0,0.0,50.0,50.0,
sp400_load075,1.9,baseline,500.0,60.0,500.0,0.0,165.0,540.6375,60.0,60.0,50.0,0.0,0.0,0.0,50.0,50.0,
sp400_load075,2.0,baseline,500.0,60.0,500.0,0.0,165.0,540.6648,60.0,60.0,50.0,0.0,0.0,0.0,50.0,50.0,
sp400_load075,2.1,baseline,500.0,60.0,500.0,0.0,165.0,540.6915,60.0,60.0,50.0,0.0,0.0,0.0,50.0,50.0,
sp400_load075,2.2,baseline,500.0,60.0,500.0,0.0,165.0,540.7177,60.0,60.0,50.0,0.0,0.0,0.0,50.0,50.0,
sp400_load075,2.3,baseline,500.0,60.0,500.0,0.0,165.0,540.7433,60.0,60.0,50.0,0.0,0.0,0.0,50.0,50.0,
sp400_load075,2.4,baseline,500.0,60.0,500.0,0.0,165.0,540.7684,60.0,60.0,50.0,0.0,0.0,0.0,50.0,50.0,
sp400_load075,2.5,baseline,500.0,60.0,500.0,0.0,165.0,540.7931,60.0,60.0,50.0,0.0,0.0,0.0,50.0,50.0,
sp400_load075,2.6,baseline,500.0,60.0,500.0,0.0,165.0,540.8172,60.0,60.0,50.0,0.0,0.0,0.0,50.0,50.0,
sp400_load075,2.7,baseline,500.0,60.0,500.0,0.0,165.0,540.8409,60.0,60.0,50.0,0.0,0.0,0.0,50.0,50.0,
sp400_load075,2.8,baseline,500.0,60.0,500.0,0.0,165.0,540.864,60.0,60.0,50.0,0.0,0.0,0.0,50.0,50.0,
sp400_load075,2.9,baseline,500.0,60.0,500.0,0.0,165.0,540.8868,60.0,60.0,50.0,0.0,0.0,0.0,50.0,50.0,
sp400_load075,3.0,baseline,500.0,60.0,500.0,0.0,165.0,540.909,60.0,60.0,50.0,0.0,0.0,0.0,50.0,50.0,
sp400_load075,3.1,baseline,500.0,60.0,500.0,0.0,165.0,540.9309,60.0,60.0,50.0,0.0,0.0,0.0,50.0,50.0,
sp400_load075,3.2,baseline,500.0,60.0,500.0,0.0,165.0,540.9522,60.0,60.0,50.0,0.0,0.0,0.0,50.0,50.0,
sp400_load075,3.3,baseline,500.0,60.0,500.0,0.0,165.0,540.9732,60.0,60.0,50.0,0.0,0.0,0.0,50.0,50.0,
sp400_load075,3.4,baseline,500.0,60.0,500.0,0.0,165.0,540.9937,60.0,60.0,50.0,0.0,0.0,0.0,50.0,50.0,
sp400_load075,3.5,baseline,500.0,60.0,500.0,0.0,165.0,541.0139,60.0,60.0,50.0,0.0,0.0,0.0,50.0,50.0,
sp400_load075,3.6,baseline,500.0,60.0,500.0,0.0,165.0,541.0336,60.0,60.0,50.0,0.0,0.0,0.0,50.0,50.0,
sp400_load075,3.7,baseline,500.0,60.0,500.0,0.0,165.0,541.0529,60.0,60.0,50.0,0.0,0.0,0.0,50.0,50.0,
sp400_load075,3.8,baseline,500.0,60.0,500.0,0.0,165.0,541.0718,60.0,60.0,50.0,0.0,0.0,0.0,50.0,50.0,
sp400_load075,3.9,baseline,500.0,60.0,500.0,0.0,165.0,541.0904,60.0,60.0,50.0,0.0,0.0,0.0,50.0,50.0,
sp400_load075,4.0,baseline,500.0,60.0,500.0,0.0,165.0,541.1086,60.0,60.0,50.0,0.0,0.0,0.0,50.0,50.0,
sp400_load075,4.1,baseline,500.0,60.0,500.0,0.0,165.0,541.1264,60.0,60.0,50.0,0.0,0.0,0.0,50.0,50.0,
sp400_load075,4.2,baseline,500.0,60.0,500.0,0.0,165.0,541.1439,60.0,60.0,50.0,0.0,0.0,0.0,50.0,50.0,
sp400_load075,4.3,baseline,500.0,60.0,500.0,0.0,165.0,541.161,60.0,60.0,50.0,0.0,0.0,0.0,50.0,50.0,
sp400_load075,4.4,baseline,500.0,60.0,500.0,0.0,165.0,541.1778,60.0,60.0,50.0,0.0,0.0,0.0,50.0,50.0,
sp400_load075,4.5,baseline,500.0,60.0,500.0,0.0,165.0,541.1942,60.0,60.0,50.0,0.0,0.0,0.0,50.0,50.0,
sp400_load075,4.6,baseline,500.0,60.0,500.0,0.0,165.0,541.2104,60.0,60.0,50.0,0.0,0.0,0.0,50.0,50.0,
sp400_load075,4.7,baseline,500.0,60.0,500.0,0.0,165.0,541.2262,60.0,60.0,50.0,0.0,0.0,0.0,50.0,50.0,
sp400_load075,4.8,baseline,500.0,60.0,500.0,0.0,165.0,541.2416,60.0,60.0,50.0,0.0,0.0,0.0,50.0,50.0,
sp400_load075,4.9,baseline,500.0,60.0,500.0,0.0,165.0,541.2568,60.0,60.0,50.0,0.0,0.0,0.0,50.0,50.0,
sp400_load075,5.0,baseline,500.0,60.0,500.0,0.0,165.0,541.2717,60.0,60.0,50.0,0.0,0.0,0.0,50.0,50.0,
sp400_load075,5.1,baseline,500.0,60.0,500.0,0.0,165.0,541.2862,60.0,60.0,50.0,0.0,0.0,0.0,50.0,50.0,
sp400_load075,5.2,baseline,500.0,60.0,500.0,0.0,165.0,541.3005,60.0,60.0,50.0,0.0,0.0,0.0,50.0,50.0,
sp400_load075,5.3,baseline,500.0,60.0,500.0,0.0,165.0,541.3145,60.0,60.0,50.0,0.0,0.0,0.0,50.0,50.0,
sp400_load075,5.4,baseline,500.0,60.0,500.0,0.0,165.0,541.3282,60.0,60.0,50.0,0.0,0.0,0.0,50.0,50.0,
sp400_load075,5.5,baseline,500.0,60.0,500.0,0.0,165.0,541.3416,60.0,60.0,50.0,0.0,0.0,0.0,50.0,50.0,
sp400_load075,5.6,baseline,500.0,60.0,500.0,0.0,165.0,541.3548,60.0,60.0,50.0,0.0,0.0,0.0,50.0,50.0,
sp400_load075,5.7,baseline,500.0,60.0,500.0,0.0,165.0,541.3677,60.0,60.0,50.0,0.0,0.0,0.0,50.0,50.0,
sp400_load075,5.8,baseline,500.0,60.0,500.0,0.0,165.0,541.3804,60.0,60.0,50.0,0.0,0.0,0.0,50.0,50.0,
sp400_load075,5.9,baseline,500.0,60.0,500.0,0.0,165.0,541.3927,60.0,60.0,50.0,0.0,0.0,0.0,50.0,50.0,
sp400_load075,6.0,baseline,500.0,60.0,500.0,0.0,165.0,541.4049,60.0,60.0,50.0,0.0,0.0,0.0,50.0,50.0,
sp400_load075,6.1,baseline,500.0,60.0,500.0,0.0,165.0,541.4168,60.0,60.0,50.0,0.0,0.0,0.0,50.0,50.0,
sp400_load075,6.2,baseline,500.0,60.0,500.0,0.0,165.0,541.4285,60.0,60.0,50.0,0.0,0.0,0.0,50.0,50.0,
sp400_load075,6.3,baseline,500.0,60.0,500.0,0.0,165.0,541.4399,60.0,60.0,50.0,0.0,0.0,0.0,50.0,50.0,
sp400_load075,6.4,baseline,500.0,60.0,500.0,0.0,165.0,541.4511,60.0,60.0,50.0,0.0,0.0,0.0,50.0,50.0,
sp400_load075,6.5,baseline,500.0,60.0,500.0,0.0,165.0,541.4621,60.0,60.0,50.0,0.0,0.0,0.0,50.0,50.0,
sp400_load075,6.6,baseline,500.0,60.0,500.0,0.0,165.0,541.4728,60.0,60.0,50.0,0.0,0.0,0.0,50.0,50.0,
sp400_load075,6.7,baseline,500.0,60.0,500.0,0.0,165.0,541.4834,60.0,60.0,50.0,0.0,0.0,0.0,50.0,50.0,
sp400_load075,6.8,baseline,500.0,60.0,500.0,0.0,165.0,541.4937,60.0,60.0,50.0,0.0,0.0,0.0,50.0,50.0,
sp400_load075,6.9,baseline,500.0,60.0,500.0,0.0,165.0,541.5038,60.0,60.0,50.0,0.0,0.0,0.0,50.0,50.0,
sp400_load075,7.0,baseline,500.0,60.0,500.0,0.0,165.0,541.5138,60.0,60.0,50.0,0.0,0.0,0.0,50.0,50.0,
sp400_load075,7.1,baseline,500.0,60.0,500.0,0.0,165.0,541.5235,60.0,60.0,50.0,0.0,0.0,0.0,50.0,50.0,
sp400_load075,7.2,baseline,500.0,60.0,500.0,0.0,165.0,541.533,60.0,60.0,50.0,0.0,0.0,0.0,50.0,50.0,
sp400_load075,7.3,baseline,500.0,60.0,500.0,0.0,165.0,541.5423,60.0,60.0,50.0,0.0,0.0,0.0,50.0,50.0,
sp400_load075,7.4,baseline,500.0,60.0,500.0,0.0,165.0,541.5515,60.0,60.0,50.0,0.0,0.0,0.0,50.0,50.0,
sp400_load075,7.5,baseline,500.0,60.0,500.0,0.0,165.0,541.5605,60.0,60.0,50.0,0.0,0.0,0.0,50.0,50.0,
sp400_load075,7.6,baseline,500.0,60.0,500.0,0.0,165.0,541.5693,60.0,60.0,50.0,0.0,0.0,0.0,50.0,50.0,
sp400_load075,7.7,baseline,500.0,60.0,500.0,0.0,165.0,541.5779,60.0,60.0,50.0,0.0,0.0,0.0,50.0,50.0,
sp400_load075,7.8,baseline,500.0,60.0,500.0,0.0,165.0,541.5863,60.0,60.0,50.0,0.0,0.0,0.0,50.0,50.0,
sp400_load075,7.9,baseline,500.0,60.0,500.0,0.0,165.0,541.5946,60.0,60.0,50.0,0.0,0.0,0.0,50.0,50.0,
sp400_load075,8.0,baseline,500.0,60.0,500.0,0.0,165.0,541.6027,60.0,60.0,50.0,0.0,0.0,0.0,50.0,50.0,
sp400_load075,8.1,baseline,500.0,60.0,500.0,0.0,165.0,541.6106,60.0,60.0,50.0,0.0,0.0,0.0,50.0,50.0,
sp400_load075,8.2,baseline,500.0,60.0,500.0,0.0,165.0,541.6184,60.0,60.0,50.0,0.0,0.0,0.0,50.0,50.0,
sp400_load075,8.3,baseline,500.0,60.0,500.0,0.0,165.0,541.6261,60.0,60.0,50.0,0.0,0.0,0.0,50.0,50.0,
sp400_load075,8.4,baseline,500.0,60.0,500.0,0.0,165.0,541.6335,60.0,60.0,50.0,0.0,0.0,0.0,50.0,50.0,
sp400_load075,8.5,baseline,500.0,60.0,500.0,0.0,165.0,541.6409,60.0,60.0,50.0,0.0,0.0,0.0,50.0,50.0,
sp400_load075,8.6,baseline,500.0,60.0,500.0,0.0,165.0,541.6481,60.0,60.0,50.0,0.0,0.0,0.0,50.0,50.0,
sp400_load075,8.7,baseline,500.0,60.0,500.0,0.0,165.0,541.6551,60.0,60.0,50.0,0.0,0.0,0.0,50.0,50.0,
sp400_load075,8.8,baseline,500.0,60.0,500.0,0.0,165.0,541.662,60.0,60.0,50.0,0.0,0.0,0.0,50.0,50.0,
sp400_load075,8.9,baseline,500.0,60.0,500.0,0.0,165.0,541.6688,60.0,60.0,50.0,0.0,0.0,0.0,50.0,50.0,
sp400_load075,9.0,baseline,500.0,60.0,500.0,0.0,165.0,541.6754,60.0,60.0,50.0,0.0,0.0,0.0,50.0,50.0,
sp400_load075,9.1,baseline,500.0,60.0,500.0,0.0,165.0,541.6819,60.0,60.0,50.0,0.0,0.0,0.0,50.0,50.0,
sp400_load075,9.2,baseline,500.0,60.0,500.0,0.0,165.0,541.6882,60.0,60.0,50.0,0.0,0.0,0.0,50.0,50.0,
sp400_load075,9.3,baseline,500.0,60.0,500.0,0.0,165.0,541.6945,60.0,60.0,50.0,0.0,0.0,0.0,50.0,50.0,
sp400_load075,9.4,baseline,500.0,60.0,500.0,0.0,165.0,541.7006,60.0,60.0,50.0,0.0,0.0,0.0,50.0,50.0,
sp400_load075,9.5,baseline,500.0,60.0,500.0,0.0,165.0,541.7066,60.0,60.0,50.0,0.0,0.0,0.0,50.0,50.0,
sp400_load075,9.6,baseline,500.0,60.0,500.0,0.0,165.0,541.7124,60.0,60.0,50.0,0.0,0.0,0.0,50.0,50.0,
sp400_load075,9.7,baseline,500.0,60.0,500.0,0.0,165.0,541.7182,60.0,60.0,50.0,0.0,0.0,0.0,50.0,50.0,
sp400_load075,9.8,baseline,500.0,60.0,500.0,0.0,165.0,541.7238,60.0,60.0,50.0,0.0,0.0,0.0,50.0,50.0,
sp400_load075,9.9,baseline,500.0,60.0,500.0,0.0,165.0,541.7293,60.0,60.0,50.0,0.0,0.0,0.0,50.0,50.0,
sp400_load075,10.0,baseline,500.0,60.0,500.0,0.0,165.0,541.7348,60.0,60.0,50.0,0.0,0.0,0.0,50.0,50.0,
sp400_load075,10.1,baseline,500.0,60.0,500.0,0.0,165.0,541.7401,60.0,60.0,50.0,0.0,0.0,0.0,50.0,50.0,
sp400_load075,10.2,baseline,500.0,60.0,500.0,0.0,165.0,541.7453,60.0,60.0,50.0,0.0,0.0,0.0,50.0,50.0,
sp400_load075,10.3,baseline,500.0,60.0,500.0,0.0,165.0,541.7504,60.0,60.0,50.0,0.0,0.0,0.0,50.0,50.0,
sp400_load075,10.4,baseline,500.0,60.0,500.0,0.0,165.0,541.7554,60.0,60.0,50.0,0.0,0.0,0.0,50.0,50.0,
sp400_load075,10.5,baseline,500.0,60.0,500.0,0.0,165.0,541.7602,60.0,60.0,50.0,0.0,0.0,0.0,50.0,50.0,
sp400_load075,10.6,baseline,500.0,60.0,500.0,0.0,165.0,541.765,60.0,60.0,50.0,0.0,0.0,0.0,50.0,50.0,
sp400_load075,10.7,baseline,500.0,60.0,500.0,0.0,165.0,541.7697,60.0,60.0,50.0,0.0,0.0,0.0,50.0,50.0,
sp400_load075,10.8,baseline,500.0,60.0,500.0,0.0,165.0,541.7743,60.0,60.0,50.0,0.0,0.0,0.0,50.0,50.0,
sp400_load075,10.9,baseline,500.0,60.0,500.0,0.0,165.0,541.7789,60.0,60.0,50.0,0.0,0.0,0.0,50.0,50.0,
sp400_load075,11.0,baseline,500.0,60.0,500.0,0.0,165.0,541.7833,60.0,60.0,50.0,0.0,0.0,0.0,50.0,50.0,
sp400_load075,11.1,baseline,500.0,60.0,500.0,0.0,165.0,541.7876,60.0,60.0,50.0,0.0,0.0,0.0,50.0,50.0,
sp400_load075,11.2,baseline,500.0,60.0,500.0,0.0,165.0,541.7919,60.0,60.0,50.0,0.0,0.0,0.0,50.0,50.0,
sp400_load075,11.3,baseline,500.0,60.0,500.0,0.0,165.0,541.796,60.0,60.0,50.0,0.0,0.0,0.0,50.0,50.0,
sp400_load075,11.4,baseline,500.0,60.0,500.0,0.0,165.0,541.8001,60.0,60.0,50.0,0.0,0.0,0.0,50.0,50.0,
sp400_load075,11.5,baseline,500.0,60.0,500.0,0.0,165.0,541.8041,60.0,60.0,50.0,0.0,0.0,0.0,50.0,50.0,
sp400_load075,11.6,baseline,500.0,60.0,500.0,0.0,165.0,541.808,60.0,60.0,50.0,0.0,0.0,0.0,50.0,50.0,
sp400_load075,11.7,baseline,500.0,60.0,500.0,0.0,165.0,541.8119,60.0,60.0,50.0,0.0,0.0,0.0,50.0,50.0,
sp400_load075,11.8,baseline,500.0,60.0,500.0,0.0,165.0,541.8156,60.0,60.0,50.0,0.0,0.0,0.0,50.0,50.0,
sp400_load075,11.9,baseline,500.0,60.0,500.0,0.0,165.0,541.8193,60.0,60.0,50.0,0.0,0.0,0.0,50.0,50.0,
sp400_load075,12.0,baseline,500.0,60.0,500.0,0.0,165.0,541.8229,60.0,60.0,50.0,0.0,0.0,0.0,50.0,50.0,
sp400_load075,12.1,baseline,500.0,60.0,500.0,0.0,165.0,541.8265,60.0,60.0,50.0,0.0,0.0,0.0,50.0,50.0,
sp400_load075,12.2,baseline,500.0,60.0,500.0,0.0,165.0,541.8299,60.0,60.0,50.0,0.0,0.0,0.0,50.0,50.0,
sp400_load075,12.3,baseline,500.0,60.0,500.0,0.0,165.0,541.8333,60.0,60.0,50.0,0.0,0.0,0.0,50.0,50.0,
sp400_load075,12.4,baseline,500.0,60.0,500.0,0.0,165.0,541.8367,60.0,60.0,50.0,0.0,0.0,0.0,50.0,50.0,
sp400_load075,12.5,baseline,500.0,60.0,500.0,0.0,165.0,541.8399,60.0,60.0,50.0,0.0,0.0,0.0,50.0,50.0,
sp400_load075,12.6,baseline,500.0,60.0,500.0,0.0,165.0,541.8431,60.0,60.0,50.0,0.0,0.0,0.0,50.0,50.0,
sp400_load075,12.7,baseline,500.0,60.0,500.0,0.0,165.0,541.8463,60.0,60.0,50.0,0.0,0.0,0.0,50.0,50.0,
sp400_load075,12.8,baseline,500.0,60.0,500.0,0.0,165.0,541.8494,60.0,60.0,50.0,0.0,0.0,0.0,50.0,50.0,
sp400_load075,12.9,baseline,500.0,60.0,500.0,0.0,165.0,541.8524,60.0,60.0,50.0,0.0,0.0,0.0,50.0,50.0,
sp400_load075,13.0,baseline,500.0,60.0,500.0,0.0,165.0,541.8553,60.0,60.0,50.0,0.0,0.0,0.0,50.0,50.0,
sp400_load075,13.1,baseline,500.0,60.0,500.0,0.0,165.0,541.8582,60.0,60.0,50.0,0.0,0.0,0.0,50.0,50.0,
sp400_load075,13.2,baseline,500.0,60.0,500.0,0.0,165.0,541.861,60.0,60.0,50.0,0.0,0.0,0.0,50.0,50.0,
sp400_load075,13.3,baseline,500.0,60.0,500.0,0.0,165.0,541.8638,60.0,60.0,50.0,0.0,0.0,0.0,50.0,50.0,
sp400_load075,13.4,baseline,500.0,60.0,500.0,0.0,165.0,541.8665,60.0,60.0,50.0,0.0,0.0,0.0,50.0,50.0,
sp400_load075,13.5,baseline,500.0,60.0,500.0,0.0,165.0,541.8692,60.0,60.0,50.0,0.0,0.0,0.0,50.0,50.0,
sp400_load075,13.6,baseline,500.0,60.0,500.0,0.0,165.0,541.8718,60.0,60.0,50.0,0.0,0.0,0.0,50.0,50.0,
sp400_load075,13.7,baseline,500.0,60.0,500.0,0.0,165.0,541.8744,60.0,60.0,50.0,0.0,0.0,0.0,50.0,50.0,
sp400_load075,13.8,baseline,500.0,60.0,500.0,0.0,165.0,541.8769,60.0,60.0,50.0,0.0,0.0,0.0,50.0,50.0,
sp400_load075,13.9,baseline,500.0,60.0,500.0,0.0,165.0,541.8794,60.0,60.0,50.0,0.0,0.0,0.0,50.0,50.0,
sp400_load075,14.0,baseline,500.0,60.0,500.0,0.0,165.0,541.8818,60.0,60.0,50.0,0.0,0.0,0.0,50.0,50.0,
sp400_load075,14.1,baseline,500.0,60.0,500.0,0.0,165.0,541.8841,60.0,60.0,50.0,0.0,0.0,0.0,50.0,50.0,
sp400_load075,14.2,baseline,500.0,60.0,500.0,0.0,165.0,541.8865,60.0,60.0,50.0,0.0,0.0,0.0,50.0,50.0,
sp400_load075,14.3,baseline,500.0,60.0,500.0,0.0,165.0,541.8887,60.0,60.0,50.0,0.0,0.0,0.0,50.0,50.0,
sp400_load075,14.4,baseline,500.0,60.0,500.0,0.0,165.0,541.891,60.0,60.0,50.0,0.0,0.0,0.0,50.0,50.0,
sp400_load075,14.5,baseline,500.0,60.0,500.0,0.0,165.0,541.8931,60.0,60.0,50.0,0.0,0.0,0.0,50.0,50.0,
sp400_load075,14.6,baseline,500.0,60.0,500.0,0.0,165.0,541.8953,60.0,60.0,50.0,0.0,0.0,0.0,50.0,50.0,
sp400_load075,14.7,baseline,500.0,60.0,500.0,0.0,165.0,541.8974,60.0,60.0,50.0,0.0,0.0,0.0,50.0,50.0,
sp400_load075,14.8,baseline,500.0,60.0,500.0,0.0,165.0,541.8994,60.0,60.0,50.0,0.0,0.0,0.0,50.0,50.0,
sp400_load075,14.9,baseline,500.0,60.0,500.0,0.0,165.0,541.9014,60.0,60.0,50.0,0.0,0.0,0.0,50.0,50.0,
sp400_load075,15.0,baseline,500.0,60.0,500.0,0.0,165.0,541.9034,60.0,60.0,50.0,0.0,0.0,0.0,50.0,50.0,
sp400_load075,15.1,baseline,500.0,60.0,500.0,0.0,165.0,541.9053,60.0,60.0,50.0,0.0,0.0,0.0,50.0,50.0,
sp400_load075,15.2,baseline,500.0,60.0,500.0,0.0,165.0,541.9072,60.0,60.0,50.0,0.0,0.0,0.0,50.0,50.0,
sp400_load075,15.3,baseline,500.0,60.0,500.0,0.0,165.0,541.9091,60.0,60.0,50.0,0.0,0.0,0.0,50.0,50.0,
sp400_load075,15.4,baseline,500.0,60.0,500.0,0.0,165.0,541.9109,60.0,60.0,50.0,0.0,0.0,0.0,50.0,50.0,
sp400_load075,15.5,baseline,500.0,60.0,500.0,0.0,165.0,541.9127,60.0,60.0,50.0,0.0,0.0,0.0,50.0,50.0,
sp400_load075,15.6,baseline,500.0,60.0,500.0,0.0,165.0,541.9144,60.0,60.0,50.0,0.0,0.0,0.0,50.0,50.0,
sp400_load075,15.7,baseline,500.0,60.0,500.0,0.0,165.0,541.9161,60.0,60.0,50.0,0.0,0.0,0.0,50.0,50.0,
sp400_load075,15.8,baseline,500.0,60.0,500.0,0.0,165.0,541.9178,60.0,60.0,50.0,0.0,0.0,0.0,50.0,50.0,
sp400_load075,15.9,baseline,500.0,60.0,500.0,0.0,165.0,541.9195,60.0,60.0,50.0,0.0,0.0,0.0,50.0,50.0,
sp400_load075,16.0,baseline,500.0,60.0,500.0,0.0,165.0,541.9211,60.0,60.0,50.0,0.0,0.0,0.0,50.0,50.0,
sp400_load075,16.1,baseline,500.0,60.0,500.0,0.0,165.0,541.9227,60.0,60.0,50.0,0.0,0.0,0.0,50.0,50.0,
sp400_load075,16.2,baseline,500.0,60.0,500.0,0.0,165.0,541.9242,60.0,60.0,50.0,0.0,0.0,0.0,50.0,50.0,
sp400_load075,16.3,baseline,500.0,60.0,500.0,0.0,165.0,541.9257,60.0,60.0,50.0,0.0,0.0,0.0,50.0,50.0,
sp400_load075,16.4,baseline,500.0,60.0,500.0,0.0,165.0,541.9272,60.0,60.0,50.0,0.0,0.0,0.0,50.0,50.0,
sp400_load075,16.5,baseline,500.0,60.0,500.0,0.0,165.0,541.9287,60.0,60.0,50.0,0.0,0.0,0.0,50.0,50.0,
sp400_load075,16.6,baseline,500.0,60.0,500.0,0.0,165.0,541.9301,60.0,60.0,50.0,0.0,0.0,0.0,50.0,50.0,
sp400_load075,16.7,baseline,500.0,60.0,500.0,0.0,165.0,541.9315,60.0,60.0,50.0,0.0,0.0,0.0,50.0,50.0,
sp400_load075,16.8,baseline,500.0,60.0,500.0,0.0,165.0,541.9329,60.0,60.0,50.0,0.0,0.0,0.0,50.0,50.0,
sp400_load075,16.9,baseline,500.0,60.0,500.0,0.0,165.0,541.9342,60.0,60.0,50.0,0.0,0.0,0.0,50.0,50.0,
sp400_load075,17.0,baseline,500.0,60.0,500.0,0.0,165.0,541.9355,60.0,60.0,50.0,0.0,0.0,0.0,50.0,50.0,
sp400_load075,17.1,baseline,500.0,60.0,500.0,0.0,165.0,541.9368,60.0,60.0,50.0,0.0,0.0,0.0,50.0,50.0,
sp400_load075,17.2,baseline,500.0,60.0,500.0,0.0,165.0,541.9381,60.0,60.0,50.0,0.0,0.0,0.0,50.0,50.0,
sp400_load075,17.3,baseline,500.0,60.0,500.0,0.0,165.0,541.9393,60.0,60.0,50.0,0.0,0.0,0.0,50.0,50.0,
sp400_load075,17.4,baseline,500.0,60.0,500.0,0.0,165.0,541.9405,60.0,60.0,50.0,0.0,0.0,0.0,50.0,50.0,
sp400_load075,17.5,baseline,500.0,60.0,500.0,0.0,165.0,541.9417,60.0,60.0,50.0,0.0,0.0,0.0,50.0,50.0,
sp400_load075,17.6,baseline,500.0,60.0,500.0,0.0,165.0,541.9429,60.0,60.0,50.0,0.0,0.0,0.0,50.0,50.0,
sp400_load075,17.7,baseline,500.0,60.0,500.0,0.0,165.0,541.944,60.0,60.0,50.0,0.0,0.0,0.0,50.0,50.0,
sp400_load075,17.8,baseline,500.0,60.0,500.0,0.0,165.0,541.9451,60.0,60.0,50.0,0.0,0.0,0.0,50.0,50.0,
sp400_load075,17.9,baseline,500.0,60.0,500.0,0.0,165.0,541.9462,60.0,60.0,50.0,0.0,0.0,0.0,50.0,50.0,
sp400_load075,18.0,baseline,500.0,60.0,500.0,0.0,165.0,541.9473,60.0,60.0,50.0,0.0,0.0,0.0,50.0,50.0,
sp400_load075,18.1,baseline,500.0,60.0,500.0,0.0,165.0,541.9484,60.0,60.0,50.0,0.0,0.0,0.0,50.0,50.0,
sp400_load075,18.2,baseline,500.0,60.0,500.0,0.0,165.0,541.9494,60.0,60.0,50.0,0.0,0.0,0.0,50.0,50.0,
sp400_load075,18.3,baseline,500.0,60.0,500.0,0.0,165.0,541.9504,60.0,60.0,50.0,0.0,0.0,0.0,50.0,50.0,
sp400_load075,18.4,baseline,500.0,60.0,500.0,0.0,165.0,541.9514,60.0,60.0,50.0,0.0,0.0,0.0,50.0,50.0,
sp400_load075,18.5,baseline,500.0,60.0,500.0,0.0,165.0,541.9524,60.0,60.0,50.0,0.0,0.0,0.0,50.0,50.0,
sp400_load075,18.6,baseline,500.0,60.0,500.0,0.0,165.0,541.9533,60.0,60.0,50.0,0.0,0.0,0.0,50.0,50.0,
sp400_load075,18.7,baseline,500.0,60.0,500.0,0.0,165.0,541.9543,60.0,60.0,50.0,0.0,0.0,0.0,50.0,50.0,
sp400_load075,18.8,baseline,500.0,60.0,500.0,0.0,165.0,541.9552,60.0,60.0,50.0,0.0,0.0,0.0,50.0,50.0,
sp400_load075,18.9,baseline,500.0,60.0,500.0,0.0,165.0,541.9561,60.0,60.0,50.0,0.0,0.0,0.0,50.0,50.0,
sp400_load075,19.0,baseline,500.0,60.0,500.0,0.0,165.0,541.9569,60.0,60.0,50.0,0.0,0.0,0.0,50.0,50.0,
sp400_load075,19.1,baseline,500.0,60.0,500.0,0.0,165.0,541.9578,60.0,60.0,50.0,0.0,0.0,0.0,50.0,50.0,
sp400_load075,19.2,baseline,500.0,60.0,500.0,0.0,165.0,541.9587,60.0,60.0,50.0,0.0,0.0,0.0,50.0,50.0,
sp400_load075,19.3,baseline,500.0,60.0,500.0,0.0,165.0,541.9595,60.0,60.0,50.0,0.0,0.0,0.0,50.0,50.0,
sp400_load075,19.4,baseline,500.0,60.0,500.0,0.0,165.0,541.9603,60.0,60.0,50.0,0.0,0.0,0.0,50.0,50.0,
sp400_load075,19.5,baseline,500.0,60.0,500.0,0.0,165.0,541.9611,60.0,60.0,50.0,0.0,0.0,0.0,50.0,50.0,
sp400_load075,19.6,baseline,500.0,60.0,500.0,0.0,165.0,541.9619,60.0,60.0,50.0,0.0,0.0,0.0,50.0,50.0,
sp400_load075,19.7,baseline,500.0,60.0,500.0,0.0,165.0,541.9626,60.0,60.0,50.0,0.0,0.0,0.0,50.0,50.0,
sp400_load075,19.8,baseline,500.0,60.0,500.0,0.0,165.0,541.9634,60.0,60.0,50.0,0.0,0.0,0.0,50.0,50.0,
sp400_load075,19.9,baseline,500.0,60.0,500.0,0.0,165.0,541.9641,60.0,60.0,50.0,0.0,0.0,0.0,50.0,50.0,
sp400_load075,20.0,baseline,500.0,60.0,500.0,0.0,165.0,541.9648,60.0,60.0,50.0,0.0,0.0,0.0,50.0,50.0,
sp400_load075,20.1,baseline,500.0,60.0,500.0,0.0,165.0,541.9655,60.0,60.0,50.0,0.0,0.0,0.0,50.0,50.0,
sp400_load075,20.2,baseline,500.0,60.0,500.0,0.0,165.0,541.9662,60.0,60.0,50.0,0.0,0.0,0.0,50.0,50.0,
sp400_load075,20.3,baseline,500.0,60.0,500.0,0.0,165.0,541.9669,60.0,60.0,50.0,0.0,0.0,0.0,50.0,50.0,
sp400_load075,20.4,baseline,500.0,60.0,500.0,0.0,165.0,541.9676,60.0,60.0,50.0,0.0,0.0,0.0,50.0,50.0,
sp400_load075,20.5,baseline,500.0,60.0,500.0,0.0,165.0,541.9682,60.0,60.0,50.0,0.0,0.0,0.0,50.0,50.0,
sp400_load075,20.6,baseline,500.0,60.0,500.0,0.0,165.0,541.9688,60.0,60.0,50.0,0.0,0.0,0.0,50.0,50.0,
sp400_load075,20.7,baseline,500.0,60.0,500.0,0.0,165.0,541.9695,60.0,60.0,50.0,0.0,0.0,0.0,50.0,50.0,
sp400_load075,20.8,baseline,500.0,60.0,500.0,0.0,165.0,541.9701,60.0,60.0,50.0,0.0,0.0,0.0,50.0,50.0,
sp400_load075,20.9,baseline,500.0,60.0,500.0,0.0,165.0,541.9707,60.0,60.0,50.0,0.0,0.0,0.0,50.0,50.0,
sp400_load075,21.0,baseline,500.0,60.0,500.0,0.0,165.0,541.9713,60.0,60.0,50.0,0.0,0.0,0.0,50.0,50.0,
sp400_load075,21.1,baseline,500.0,60.0,500.0,0.0,165.0,541.9718,60.0,60.0,50.0,0.0,0.0,0.0,50.0,50.0,
sp400_load075,21.2,baseline,500.0,60.0,500.0,0.0,165.0,541.9724,60.0,60.0,50.0,0.0,0.0,0.0,50.0,50.0,
sp400_load075,21.3,baseline,500.0,60.0,500.0,0.0,165.0,541.9729,60.0,60.0,50.0,0.0,0.0,0.0,50.0,50.0,
sp400_load075,21.4,baseline,500.0,60.0,500.0,0.0,165.0,541.9735,60.0,60.0,50.0,0.0,0.0,0.0,50.0,50.0,
sp400_load075,21.5,baseline,500.0,60.0,500.0,0.0,165.0,541.974,60.0,60.0,50.0,0.0,0.0,0.0,50.0,50.0,
sp400_load075,21.6,baseline,500.0,60.0,500.0,0.0,165.0,541.9745,60.0,60.0,50.0,0.0,0.0,0.0,50.0,50.0,
sp400_load075,21.7,baseline,500.0,60.0,500.0,0.0,165.0,541.975,60.0,60.0,50.0,0.0,0.0,0.0,50.0,50.0,
sp400_load075,21.8,baseline,500.0,60.0,500.0,0.0,165.0,541.9755,60.0,60.0,50.0,0.0,0.0,0.0,50.0,50.0,
sp400_load075,21.9,baseline,500.0,60.0,500.0,0.0,165.0,541.976,60.0,60.0,50.0,0.0,0.0,0.0,50.0,50.0,
sp400_load075,22.0,baseline,500.0,60.0,500.0,0.0,165.0,541.9765,60.0,60.0,50.0,0.0,0.0,0.0,50.0,50.0,
sp400_load075,22.1,baseline,500.0,60.0,500.0,0.0,165.0,541.977,60.0,60.0,50.0,0.0,0.0,0.0,50.0,50.0,
sp400_load075,22.2,baseline,500.0,60.0,500.0,0.0,165.0,541.9774,60.0,60.0,50.0,0.0,0.0,0.0,50.0,50.0,
sp400_load075,22.3,baseline,500.0,60.0,500.0,0.0,165.0,541.9779,60.0,60.0,50.0,0.0,0.0,0.0,50.0,50.0,
sp400_load075,22.4,baseline,500.0,60.0,500.0,0.0,165.0,541.9783,60.0,60.0,50.0,0.0,0.0,0.0,50.0,50.0,
sp400_load075,22.5,baseline,500.0,60.0,500.0,0.0,165.0,541.9788,60.0,60.0,50.0,0.0,0.0,0.0,50.0,50.0,
sp400_load075,22.6,baseline,500.0,60.0,500.0,0.0,165.0,541.9792,60.0,60.0,50.0,0.0,0.0,0.0,50.0,50.0,
sp400_load075,22.7,baseline,500.0,60.0,500.0,0.0,165.0,541.9796,60.0,60.0,50.0,0.0,0.0,0.0,50.0,50.0,
sp400_load075,22.8,baseline,500.0,60.0,500.0,0.0,165.0,541.98,60.0,60.0,50.0,0.0,0.0,0.0,50.0,50.0,
sp400_load075,22.9,baseline,500.0,60.0,500.0,0.0,165.0,541.9804,60.0,60.0,50.0,0.0,0.0,0.0,50.0,50.0,
sp400_load075,23.0,baseline,500.0,60.0,500.0,0.0,165.0,541.9808,60.0,60.0,50.0,0.0,0.0,0.0,50.0,50.0,
sp400_load075,23.1,baseline,500.0,60.0,500.0,0.0,165.0,541.9812,60.0,60.0,50.0,0.0,0.0,0.0,50.0,50.0,
sp400_load075,23.2,baseline,500.0,60.0,500.0,0.0,165.0,541.9816,60.0,60.0,50.0,0.0,0.0,0.0,50.0,50.0,
sp400_load075,23.3,baseline,500.0,60.0,500.0,0.0,165.0,541.9819,60.0,60.0,50.0,0.0,0.0,0.0,50.0,50.0,
sp400_load075,23.4,baseline,500.0,60.0,500.0,0.0,165.0,541.9823,60.0,60.0,50.0,0.0,0.0,0.0,50.0,50.0,
sp400_load075,23.5,baseline,500.0,60.0,500.0,0.0,165.0,541.9827,60.0,60.0,50.0,0.0,0.0,0.0,50.0,50.0,
sp400_load075,23.6,baseline,500.0,60.0,500.0,0.0,165.0,541.983,60.0,60.0,50.0,0.0,0.0,0.0,50.0,50.0,
sp400_load075,23.7,baseline,500.0,60.0,500.0,0.0,165.0,541.9833,60.0,60.0,50.0,0.0,0.0,0.0,50.0,50.0,
sp400_load075,23.8,baseline,500.0,60.0,500.0,0.0,165.0,541.9837,60.0,60.0,50.0,0.0,0.0,0.0,50.0,50.0,
sp400_load075,23.9,baseline,500.0,60.0,500.0,0.0,165.0,541.984,60.0,60.0,50.0,0.0,0.0,0.0,50.0,50.0,
sp400_load075,24.0,baseline,500.0,60.0,500.0,0.0,165.0,541.9843,60.0,60.0,50.0,0.0,0.0,0.0,50.0,50.0,
sp400_load075,24.1,baseline,500.0,60.0,500.0,0.0,165.0,541.9846,60.0,60.0,50.0,0.0,0.0,0.0,50.0,50.0,
sp400_load075,24.2,baseline,500.0,60.0,500.0,0.0,165.0,541.9849,60.0,60.0,50.0,0.0,0.0,0.0,50.0,50.0,
sp400_load075,24.3,baseline,500.0,60.0,500.0,0.0,165.0,541.9852,60.0,60.0,50.0,0.0,0.0,0.0,50.0,50.0,
sp400_load075,24.4,baseline,500.0,60.0,500.0,0.0,165.0,541.9855,60.0,60.0,50.0,0.0,0.0,0.0,50.0,50.0,
sp400_load075,24.5,baseline,500.0,60.0,500.0,0.0,165.0,541.9858,60.0,60.0,50.0,0.0,0.0,0.0,50.0,50.0,
sp400_load075,24.6,baseline,500.0,60.0,500.0,0.0,165.0,541.9861,60.0,60.0,50.0,0.0,0.0,0.0,50.0,50.0,
sp400_load075,24.7,baseline,500.0,60.0,500.0,0.0,165.0,541.9864,60.0,60.0,50.0,0.0,0.0,0.0,50.0,50.0,
sp400_load075,24.8,baseline,500.0,60.0,500.0,0.0,165.0,541.9867,60.0,60.0,50.0,0.0,0.0,0.0,50.0,50.0,
sp400_load075,24.9,baseline,500.0,60.0,500.0,0.0,165.0,541.9869,60.0,60.0,50.0,0.0,0.0,0.0,50.0,50.0,
sp400_load075,25.0,baseline,500.0,60.0,500.0,0.0,165.0,541.9872,60.0,60.0,50.0,0.0,0.0,0.0,50.0,50.0,
sp400_load075,25.1,baseline,500.0,60.0,500.0,0.0,165.0,541.9874,60.0,60.0,50.0,0.0,0.0,0.0,50.0,50.0,
sp400_load075,25.2,baseline,500.0,60.0,500.0,0.0,165.0,541.9877,60.0,60.0,50.0,0.0,0.0,0.0,50.0,50.0,
sp400_load075,25.3,baseline,500.0,60.0,500.0,0.0,165.0,541.9879,60.0,60.0,50.0,0.0,0.0,0.0,50.0,50.0,
sp400_load075,25.4,baseline,500.0,60.0,500.0,0.0,165.0,541.9882,60.0,60.0,50.0,0.0,0.0,0.0,50.0,50.0,
sp400_load075,25.5,baseline,500.0,60.0,500.0,0.0,165.0,541.9884,60.0,60.0,50.0,0.0,0.0,0.0,50.0,50.0,
sp400_load075,25.6,baseline,500.0,60.0,500.0,0.0,165.0,541.9887,60.0,60.0,50.0,0.0,0.0,0.0,50.0,50.0,
sp400_load075,25.7,baseline,500.0,60.0,500.0,0.0,165.0,541.9889,60.0,60.0,50.0,0.0,0.0,0.0,50.0,50.0,
sp400_load075,25.8,baseline,500.0,60.0,500.0,0.0,165.0,541.9891,60.0,60.0,50.0,0.0,0.0,0.0,50.0,50.0,
sp400_load075,25.9,baseline,500.0,60.0,500.0,0.0,165.0,541.9893,60.0,60.0,50.0,0.0,0.0,0.0,50.0,50.0,
sp400_load075,26.0,baseline,500.0,60.0,500.0,0.0,165.0,541.9895,60.0,60.0,50.0,0.0,0.0,0.0,50.0,50.0,
sp400_load075,26.1,baseline,500.0,60.0,500.0,0.0,165.0,541.9897,60.0,60.0,50.0,0.0,0.0,0.0,50.0,50.0,
sp400_load075,26.2,baseline,500.0,60.0,500.0,0.0,165.0,541.9899,60.0,60.0,50.0,0.0,0.0,0.0,50.0,50.0,
sp400_load075,26.3,baseline,500.0,60.0,500.0,0.0,165.0,541.9901,60.0,60.0,50.0,0.0,0.0,0.0,50.0,50.0,
sp400_load075,26.4,baseline,500.0,60.0,500.0,0.0,165.0,541.9903,60.0,60.0,50.0,0.0,0.0,0.0,50.0,50.0,
sp400_load075,26.5,baseline,500.0,60.0,500.0,0.0,165.0,541.9905,60.0,60.0,50.0,0.0,0.0,0.0,50.0,50.0,
sp400_load075,26.6,baseline,500.0,60.0,500.0,0.0,165.0,541.9907,60.0,60.0,50.0,0.0,0.0,0.0,50.0,50.0,
sp400_load075,26.7,baseline,500.0,60.0,500.0,0.0,165.0,541.9909,60.0,60.0,50.0,0.0,0.0,0.0,50.0,50.0,
sp400_load075,26.8,baseline,500.0,60.0,500.0,0.0,165.0,541.9911,60.0,60.0,50.0,0.0,0.0,0.0,50.0,50.0,
sp400_load075,26.9,baseline,500.0,60.0,500.0,0.0,165.0,541.9913,60.0,60.0,50.0,0.0,0.0,0.0,50.0,50.0,
sp400_load075,27.0,baseline,500.0,60.0,500.0,0.0,165.0,541.9914,60.0,60.0,50.0,0.0,0.0,0.0,50.0,50.0,
sp400_load075,27.1,baseline,500.0,60.0,500.0,0.0,165.0,541.9916,60.0,60.0,50.0,0.0,0.0,0.0,50.0,50.0,
sp400_load075,27.2,baseline,500.0,60.0,500.0,0.0,165.0,541.9918,60.0,60.0,50.0,0.0,0.0,0.0,50.0,50.0,
sp400_load075,27.3,baseline,500.0,60.0,500.0,0.0,165.0,541.992,60.0,60.0,50.0,0.0,0.0,0.0,50.0,50.0,
sp400_load075,27.4,baseline,500.0,60.0,500.0,0.0,165.0,541.9921,60.0,60.0,50.0,0.0,0.0,0.0,50.0,50.0,
sp400_load075,27.5,baseline,500.0,60.0,500.0,0.0,165.0,541.9923,60.0,60.0,50.0,0.0,0.0,0.0,50.0,50.0,
sp400_load075,27.6,baseline,500.0,60.0,500.0,0.0,165.0,541.9924,60.0,60.0,50.0,0.0,0.0,0.0,50.0,50.0,
sp400_load075,27.7,baseline,500.0,60.0,500.0,0.0,165.0,541.9926,60.0,60.0,50.0,0.0,0.0,0.0,50.0,50.0,
sp400_load075,27.8,baseline,500.0,60.0,500.0,0.0,165.0,541.9927,60.0,60.0,50.0,0.0,0.0,0.0,50.0,50.0,
sp400_load075,27.9,baseline,500.0,60.0,500.0,0.0,165.0,541.9929,60.0,60.0,50.0,0.0,0.0,0.0,50.0,50.0,
sp400_load075,28.0,baseline,500.0,60.0,500.0,0.0,165.0,541.993,60.0,60.0,50.0,0.0,0.0,0.0,50.0,50.0,
sp400_load075,28.1,baseline,500.0,60.0,500.0,0.0,165.0,541.9932,60.0,60.0,50.0,0.0,0.0,0.0,50.0,50.0,
sp400_load075,28.2,baseline,500.0,60.0,500.0,0.0,165.0,541.9933,60.0,60.0,50.0,0.0,0.0,0.0,50.0,50.0,
sp400_load075,28.3,baseline,500.0,60.0,500.0,0.0,165.0,541.9934,60.0,60.0,50.0,0.0,0.0,0.0,50.0,50.0,
sp400_load075,28.4,baseline,500.0,60.0,500.0,0.0,165.0,541.9936,60.0,60.0,50.0,0.0,0.0,0.0,50.0,50.0,
sp400_load075,28.5,baseline,500.0,60.0,500.0,0.0,165.0,541.9937,60.0,60.0,50.0,0.0,0.0,0.0,50.0,50.0,
sp400_load075,28.6,baseline,500.0,60.0,500.0,0.0,165.0,541.9938,60.0,60.0,50.0,0.0,0.0,0.0,50.0,50.0,
sp400_load075,28.7,baseline,500.0,60.0,500.0,0.0,165.0,541.9939,60.0,60.0,50.0,0.0,0.0,0.0,50.0,50.0,
sp400_load075,28.8,baseline,500.0,60.0,500.0,0.0,165.0,541.9941,60.0,60.0,50.0,0.0,0.0,0.0,50.0,50.0,
sp400_load075,28.9,baseline,500.0,60.0,500.0,0.0,165.0,541.9942,60.0,60.0,50.0,0.0,0.0,0.0,50.0,50.0,
sp400_load075,29.0,baseline,500.0,60.0,500.0,0.0,165.0,541.9943,60.0,60.0,50.0,0.0,0.0,0.0,50.0,50.0,
sp400_load075,29.1,baseline,500.0,60.0,500.0,0.0,165.0,541.9944,60.0,60.0,50.0,0.0,0.0,0.0,50.0,50.0,
sp400_load075,29.2,baseline,500.0,60.0,500.0,0.0,165.0,541.9945,60.0,60.0,50.0,0.0,0.0,0.0,50.0,50.0,
sp400_load075,29.3,baseline,500.0,60.0,500.0,0.0,165.0,541.9946,60.0,60.0,50.0,0.0,0.0,0.0,50.0,50.0,
sp400_load075,29.4,baseline,500.0,60.0,500.0,0.0,165.0,541.9947,60.0,60.0,50.0,0.0,0.0,0.0,50.0,50.0,
sp400_load075,29.5,baseline,500.0,60.0,500.0,0.0,165.0,541.9948,60.0,60.0,50.0,0.0,0.0,0.0,50.0,50.0,
sp400_load075,29.6,baseline,500.0,60.0,500.0,0.0,165.0,541.9949,60.0,60.0,50.0,0.0,0.0,0.0,50.0,50.0,
sp400_load075,29.7,baseline,500.0,60.0,500.0,0.0,165.0,541.995,60.0,60.0,50.0,0.0,0.0,0.0,50.0,50.0,
sp400_load075,29.8,baseline,500.0,60.0,500.0,0.0,165.0,541.9951,60.0,60.0,50.0,0.0,0.0,0.0,50.0,50.0,
sp400_load075,29.9,baseline,500.0,60.0,500.0,0.0,165.0,541.9952,60.0,60.0,50.0,0.0,0.0,0.0,50.0,50.0,
sp400_load075,30.0,baseline,500.0,60.0,500.0,0.0,165.0,541.9953,60.0,60.0,50.0,0.0,0.0,0.0,50.0,50.0,
sp400_load075,30.1,response,400.0,75.0,497.228,-100.0,165.027,542.0122,61.2,15.0,12.5,-15.0,-0.2,-50.0,62.5,12.5,
sp400_load075,30.2,response,400.0,75.0,497.0111,-97.228,165.078,542.0442,62.304,58.6888,48.9073,-14.5842,-0.3945,1.386,62.5,48.9073,
sp400_load075,30.3,response,400.0,75.0,496.6296,-97.0111,165.1504,542.0898,63.3197,56.962,47.4683,-14.5517,-0.5885,0.1085,62.5,47.4683,
sp400_load075,30.4,response,400.0,75.0,496.1882,-96.6296,165.2416,542.1476,64.2541,56.8975,47.4145,-14.4944,-0.7817,0.1907,62.5,47.4145,
sp400_load075,30.5,response,400.0,75.0,495.6883,-96.1882,165.3494,542.2162,65.1138,56.782,47.3184,-14.4282,-0.9741,0.2207,62.5,47.3184,
sp400_load075,30.6,response,400.0,75.0,495.1347,-95.6883,165.4718,542.2946,65.9047,56.6775,47.2312,-14.3532,-1.1655,0.25,62.5,47.2312,
sp400_load075,30.7,response,400.0,75.0,494.5316,-95.1347,165.6068,542.3815,66.6323,56.581,47.1509,-14.2702,-1.3558,0.2768,62.5,47.1509,
sp400_load075,30.8,response,400.0,75.0,493.8831,-94.5316,165.7529,542.4761,67.3017,56.4924,47.077,-14.1797,-1.5448,0.3015,62.5,47.077,
sp400_load075,30.9,response,400.0,75.0,493.1927,-93.8831,165.9085,542.5775,67.9176,56.4111,47.0092,-14.0825,-1.7326,0.3243,62.5,47.0092,
sp400_load075,31.0,response,400.0,75.0,492.4638,-93.1927,166.0721,542.6847,68.4842,56.3368,46.9473,-13.9789,-1.919,0.3452,62.5,46.9473,
sp400_load075,31.1,response,400.0,75.0,491.6996,-92.4638,166.2426,542.7971,69.0054,56.2691,46.8909,-13.8696,-2.1039,0.3644,62.5,46.8909,
sp400_load075,31.2,response,400.0,75.0,490.903,-91.6996,166.4187,542.9139,69.485,56.2078,46.8398,-13.7549,-2.2873,0.3821,62.5,46.8398,
sp400_load075,31.3,response,400.0,75.0,490.0766,-90.903,166.5995,543.0346,69.9262,56.1525,46.7938,-13.6355,-2.4691,0.3983,62.5,46.7938,
sp400_load075,31.4,response,400.0,75.0,489.2228,-90.0766,166.784,543.1586,70.3321,56.103,46.7525,-13.5115,-2.6493,0.4132,62.5,46.7525,
sp400_load075,31.5,response,400.0,75.0,488.344,-89.2228,166.9713,543.2853,70.7055,56.0589,46.7157,-13.3834,-2.8277,0.4269,62.5,46.7157,
sp400_load075,31.6,response,400.0,75.0,487.4423,-88.344,167.1608,543.4142,71.0491,56.0201,46.6834,-13.2516,-3.0044,0.4394,62.5,46.6834,
sp400_load075,31.7,response,400.0,75.0,486.5196,-87.4423,167.3517,543.5451,71.3652,55.9863,46.6552,-13.1163,-3.1793,0.4509,62.5,46.6552,
sp400_load075,31.8,response,400.0,75.0,485.5776,-86.5196,167.5434,543.6774,71.656,55.9573,46.6311,-12.9779,-3.3523,0.4614,62.5,46.6311,
sp400_load075,31.9,response,400.0,75.0,484.6182,-85.5776,167.7354,543.8107,71.9235,55.933,46.6108,-12.8366,-3.5235,0.471,62.5,46.6108,
sp400_load075,32.0,response,400.0,75.0,483.6428,-84.6182,167.9271,543.9449,72.1696,55.9131,46.5943,-12.6927,-3.6927,0.4797,62.5,46.5943,
sp400_load075,32.1,response,400.0,75.0,482.6529,-83.6428,168.1182,544.0795,72.396,55.8975,46.5813,-12.5464,-3.86,0.4877,62.5,46.5813,
sp400_load075,32.2,response,400.0,75.0,481.6498,-82.6529,168.3083,544.2144,72.6043,55.8861,46.5717,-12.3979,-4.0253,0.495,62.5,46.5717,
sp400_load075,32.3,response,400.0,75.0,480.6348,-81.6498,168.4969,544.3493,72.796,55.8786,46.5655,-12.2475,-4.1886,0.5015,62.5,46.5655,
sp400_load075,32.4,response,400.0,75.0,479.6089,-80.6348,168.6839,544.4839,72.9723,55.8749,46.5624,-12.0952,-4.3499,0.5075,62.5,46.5624,
sp400_load075,32.5,response,400.0,75.0,478.5734,-79.6089,168.8689,544.6181,73.1345,55.875,46.5625,-11.9413,-4.5091,0.5129,62.5,46.5625,
sp400_load075,32.6,response,400.0,75.0,477.5291,-78.5734,169.0517,544.7517,73.2838,55.8787,46.5655,-11.786,-4.6662,0.5178,62.5,46.5655,
sp400_load075,32.7,response,400.0,75.0,476.4769,-77.5291,169.2322,544.8846,73.4211,55.8858,46.5715,-11.6294,-4.8213,0.5222,62.5,46.5715,
sp400_load075,32.8,response,400.0,75.0,475.4179,-76.4769,169.41,545.0165,73.5474,55.8963,46.5803,-11.4715,-4.9742,0.5261,62.5,46.5803,
sp400_load075,32.9,response,400.0,75.0,474.3527,-75.4179,169.5851,545.1475,73.6636,55.9101,46.5918,-11.3127,-5.1251,0.5295,62.5,46.5918,
sp400_load075,33.0,response,400.0,75.0,473.2821,-74.3527,169.7574,545.2773,73.7705,55.9271,46.6059,-11.1529,-5.2738,0.5326,62.5,46.6059,
sp400_load075,33.1,response,400.0,75.0,472.2068,-73.2821,169.9268,545.406,73.8689,55.9472,46.6226,-10.9923,-5.4204,0.5353,62.5,46.6226,
sp400_load075,33.2,response,400.0,75.0,471.1274,-72.2068,170.093,545.5333,73.9594,55.9702,46.6419,-10.831,-5.5648,0.5377,62.5,46.6419,
sp400_load075,33.3,response,400.0,75.0,470.0446,-71.1274,170.2562,545.6592,74.0426,55.9962,46.6635,-10.6691,-5.707,0.5397,62.5,46.6635,
sp400_load075,33.4,response,400.0,75.0,468.959,-70.0446,170.4162,545.7837,74.1192,56.0251,46.6876,-10.5067,-5.8471,0.5414,62.5,46.6876,
sp400_load075,33.5,response,400.0,75.0,467.871,-68.959,170.573,545.9067,74.1897,56.0567,46.7139,-10.3438,-5.985,0.5428,62.5,46.7139,
sp400_load075,33.6,response,400.0,75.0,466.7812,-67.871,170.7265,546.0281,74.2545,56.0911,46.7426,-10.1807,-6.1208,0.544,62.5,46.7426,
sp400_load075,33.7,response,400.0,75.0,465.69,-66.7812,170.8768,546.1479,74.3141,56.1281,46.7734,-10.0172,-6.2543,0.5449,62.5,46.7734,
sp400_load075,33.8,response,400.0,75.0,464.598,-65.69,171.0238,546.2661,74.369,56.1676,46.8064,-9.8535,-6.3857,0.5456,62.5,46.8064,
sp400_load075,33.9,response,400.0,75.0,463.5054,-64.598,171.1675,546.3827,74.4195,56.2097,46.8414,-9.6897,-6.5149,0.546,62.5,46.8414,
sp400_load075,34.0,response,400.0,75.0,462.4127,-63.5054,171.308,546.4976,74.4659,56.2543,46.8786,-9.5258,-6.6419,0.5463,62.5,46.8786,
sp400_load075,34.1,response,400.0,75.0,461.3202,-62.4127,171.4452,546.6107,74.5086,56.3012,46.9177,-9.3619,-6.7667,0.5463,62.5,46.9177,
sp400_load075,34.2,response,400.0,75.0,460.2284,-61.3202,171.5792,546.7222,74.548,56.3506,46.9588,-9.198,-6.8894,0.5462,62.5,46.9588,
sp400_load075,34.3,response,400.0,75.0,459.1375,-60.2284,171.7099,546.8319,74.5841,56.4022,47.0018,-9.0343,-7.0098,0.5459,62.5,47.0018,
sp400_load075,34.4,response,400.0,75.0,458.0478,-59.1375,171.8375,546.9399,74.6174,56.4561,47.0467,-8.8706,-7.1281,0.5455,62.5,47.0467,
sp400_load075,34.5,response,400.0,75.0,456.9596,-58.0478,171.962,547.0462,74.648,56.5122,47.0935,-8.7072,-7.2442,0.5448,62.5,47.0935,
sp400_load075,34.6,response,400.0,75.0,455.8733,-56.9596,172.0833,547.1507,74.6762,56.5704,47.142,-8.5439,-7.3581,0.5441,62.5,47.142,
sp400_load075,34.7,response,400.0,75.0,454.789,-55.8733,172.2016,547.2536,74.7021,56.6308,47.1923,-8.381,-7.4699,0.5432,62.5,47.1923,
sp400_load075,34.8,response,400.0,75.0,453.7071,-54.789,172.3169,547.3546,74.7259,56.6932,47.2443,-8.2184,-7.5795,0.5421,62.5,47.2443,
sp400_load075,34.9,response,400.0,75.0,452.6276,-53.7071,172.4292,547.454,74.7478,56.7577,47.2981,-8.0561,-7.6869,0.541,62.5,47.2981,
sp400_load075,35.0,response,400.0,75.0,451.551,-52.6276,172.5386,547.5517,74.768,56.8241,47.3534,-7.8941,-7.7921,0.5397,62.5,47.3534,
sp400_load075,35.1,response,400.0,75.0,450.4774,-51.551,172.6452,547.6477,74.7866,56.8925,47.4104,-7.7327,-7.8952,0.5383,62.5,47.4104,
sp400_load075,35.2,response,400.0,75.0,449.4069,-50.4774,172.7489,547.742,74.8036,56.9628,47.469,-7.5716,-7.9962,0.5368,62.5,47.469,
sp400_load075,35.3,response,400.0,75.0,448.3399,-49.4069,172.8499,547.8346,74.8193,57.035,47.5292,-7.411,-8.095,0.5352,62.5,47.5292,
sp400_load075,35.4,response,400.0,75.0,447.2764,-48.3399,172.9481,547.9256,74.8338,57.109,47.5909,-7.251,-8.1917,0.5335,62.5,47.5909,
sp400_load075,35.5,response,400.0,75.0,446.2166,-47.2764,173.0437,548.0149,74.8471,57.1849,47.6541,-7.0915,-8.2862,0.5317,62.5,47.6541,
sp400_load075,35.6,response,400.0,75.0,445.1608,-46.2166,173.1368,548.1027,74.8593,57.2624,47.7187,-6.9325,-8.3787,0.5299,62.5,47.7187,
sp400_load075,35.7,response,400.0,75.0,444.1091,-45.1608,173.2272,548.1888,74.8706,57.3418,47.7848,-6.7741,-8.469,0.5279,62.5,47.7848,
sp400_load075,35.8,response,400.0,75.0,443.0616,-44.1091,173.3153,548.2734,74.8809,57.4228,47.8523,-6.6164,-8.5572,0.5259,62.5,47.8523,
sp400_load075,35.9,response,400.0,75.0,442.0185,-43.0616,173.4008,548.3564,74.8905,57.5054,47.9212,-6.4592,-8.6433,0.5237,62.5,47.9212,
sp400_load075,36.0,response,400.0,75.0,440.9799,-42.0185,173.484,548.4378,74.8992,57.5897,47.9914,-6.3028,-8.7274,0.5216,62.5,47.9914,
sp400_load075,36.1,response,400.0,75.0,439.946,-40.9799,173.5649,548.5178,74.9073,57.6756,48.063,-6.147,-8.8093,0.5193,62.5,48.063,
sp400_load075,36.2,response,400.0,75.0,438.9169,-39.946,173.6436,548.5962,74.9147,57.763,48.1358,-5.9919,-8.8892,0.517,62.5,48.1358,
sp400_load075,36.3,response,400.0,75.0,437.8928,-38.9169,173.72,548.6732,74.9215,57.852,48.21,-5.8375,-8.967,0.5146,62.5,48.21,
sp400_load075,36.4,response,400.0,75.0,436.8736,-37.8928,173.7943,548.7487,74.9278,57.9424,48.2853,-5.6839,-9.0428,0.5121,62.5,48.2853,
sp400_load075,36.5,response,400.0,75.0,435.8597,-36.8736,173.8664,548.8228,74.9336,58.0343,48.3619,-5.531,-9.1166,0.5096,62.5,48.3619,
sp400_load075,36.6,response,400.0,75.0,434.851,-35.8597,173.9366,548.8955,74.9389,58.1277,48.4397,-5.379,-9.1883,0.507,62.5,48.4397,
sp400_load075,36.7,response,400.0,75.0,433.8477,-34.851,174.0047,548.9668,74.9438,58.2224,48.5187,-5.2277,-9.258,0.5043,62.5,48.5187,
sp400_load075,36.8,response,400.0,75.0,432.8499,-33.8477,174.0709,549.0367,74.9483,58.3185,48.5988,-5.0772,-9.3257,0.5016,62.5,48.5988,
sp400_load075,36.9,response,400.0,75.0,431.8578,-32.8499,174.1352,549.1053,74.9524,58.416,48.68,-4.9275,-9.3914,0.4989,62.5,48.68,
sp400_load075,37.0,response,400.0,75.0,430.8713,-31.8578,174.1977,549.1726,74.9562,58.5148,48.7623,-4.7787,-9.4551,0.4961,62.5,48.7623,
sp400_load075,37.1,response,400.0,75.0,429.8906,-30.8713,174.2583,549.2386,74.9597,58.6148,48.8457,-4.6307,-9.5169,0.4932,62.5,48.8457,
sp400_load075,37.2,response,400.0,75.0,428.9158,-29.8906,174.3172,549.3033,74.9629,58.7161,48.9301,-4.4836,-9.5766,0.4903,62.5,48.9301,
sp400_load075,37.3,response,400.0,75.0,427.9469,-28.9158,174.3745,549.3668,74.9659,58.8187,49.0156,-4.3374,-9.6345,0.4874,62.5,49.0156,
sp400_load075,37.4,response,400.0,75.0,426.9842,-27.9469,174.43,549.429,74.9686,58.9224,49.102,-4.192,-9.6904,0.4844,62.5,49.102,
sp400_load075,37.5,response,400.0,75.0,426.0275,-26.9842,174.484,549.49,74.9711,59.0273,49.1894,-4.0476,-9.7443,0.4814,62.5,49.1894,
sp400_load075,37.6,response,400.0,75.0,425.0771,-26.0275,174.5364,549.5498,74.9735,59.1334,49.2778,-3.9041,-9.7964,0.4783,62.5,49.2778,
sp400_load075,37.7,response,400.0,75.0,424.133,-25.0771,174.5872,549.6085,74.9756,59.2405,49.3671,-3.7616,-9.8465,0.4752,62.5,49.3671,
sp400_load075,37.8,response,400.0,75.0,423.1953,-24.133,174.6366,549.666,74.9775,59.3488,49.4573,-3.62,-9.8948,0.4721,62.5,49.4573,
sp400_load075,37.9,response,400.0,75.0,422.264,-23.1953,174.6845,549.7224,74.9793,59.458,49.5484,-3.4793,-9.9412,0.4689,62.5,49.5484,
sp400_load075,38.0,response,400.0,75.0,421.3393,-22.264,174.7311,549.7777,74.981,59.5684,49.6403,-3.3396,-9.9857,0.4656,62.5,49.6403,
sp400_load075,38.1,response,400.0,75.0,420.4211,-21.3393,174.7762,549.8319,74.9825,59.6797,49.7331,-3.2009,-10.0284,0.4624,62.5,49.7331,
sp400_load075,38.2,response,400.0,75.0,419.5096,-20.4211,174.8201,549.885,74.9839,59.792,49.8267,-3.0632,-10.0692,0.4591,62.5,49.8267,
sp400_load075,38.3,response,400.0,75.0,418.6048,-19.5096,174.8627,549.9371,74.9852,59.9053,49.9211,-2.9264,-10.1083,0.4558,62.5,49.9211,
sp400_load075,38.4,response,400.0,75.0,417.7068,-18.6048,174.904,549.9882,74.9864,60.0194,50.0162,-2.7907,-10.1455,0.4524,62.5,50.0162,
sp400_load075,38.5,response,400.0,75.0,416.8156,-17.7068,174.9441,550.0383,74.9875,60.1345,50.1121,-2.656,-10.1809,0.449,62.5,50.1121,
sp400_load075,38.6,response,400.0,75.0,415.9313,-16.8156,174.983,550.0873,74.9885,60.2505,50.2087,-2.5223,-10.2145,0.4456,62.5,50.2087,
sp400_load075,38.7,response,400.0,75.0,415.054,-15.9313,175.0208,550.1354,74.9894,60.3673,50.3061,-2.3897,-10.2464,0.4421,62.5,50.3061,
sp400_load075,38.8,response,400.0,75.0,414.1837,-15.054,175.0574,550.1826,74.9902,60.4849,50.4041,-2.2581,-10.2765,0.4387,62.5,50.4041,
sp400_load075,38.9,response,400.0,75.0,413.3204,-14.1837,175.093,550.2288,74.991,60.6033,50.5028,-2.1275,-10.3049,0.4352,62.5,50.5028,
sp400_load075,39.0,response,400.0,75.0,412.4642,-13.3204,175.1275,550.2741,74.9917,60.7225,50.6021,-1.9981,-10.3315,0.4316,62.5,50.6021,
sp400_load075,39.1,response,400.0,75.0,411.6152,-12.4642,175.161,550.3185,74.9924,60.8424,50.702,-1.8696,-10.3564,0.4281,62.5,50.702,
sp400_load075,39.2,response,400.0,75.0,410.7734,-11.6152,175.1935,550.3621,74.993,60.9631,50.8026,-1.7423,-10.3797,0.4245,62.5,50.8026,
sp400_load075,39.3,response,400.0,75.0,409.9389,-10.7734,175.2251,550.4047,74.9936,61.0844,50.9037,-1.616,-10.4012,0.4209,62.5,50.9037,
sp400_load075,39.4,response,400.0,75.0,409.1116,-9.9389,175.2557,550.4465,74.9941,61.2064,51.0054,-1.4908,-10.4211,0.4173,62.5,51.0054,
sp400_load075,39.5,response,400.0,75.0,408.2917,-9.1116,175.2854,550.4875,74.9946,61.3291,51.1076,-1.3667,-10.4393,0.4136,62.5,51.1076,
sp400_load075,39.6,response,400.0,75.0,407.4792,-8.2917,175.3142,550.5277,74.995,61.4524,51.2103,-1.2438,-10.4559,0.41,62.5,51.2103,
sp400_load075,39.7,response,400.0,75.0,406.674,-7.4792,175.3422,550.5671,74.9954,61.5763,51.3136,-1.1219,-10.4708,0.4063,62.5,51.3136,
sp400_load075,39.8,response,400.0,75.0,405.8763,-6.674,175.3693,550.6057,74.9958,61.7007,51.4173,-1.0011,-10.4842,0.4026,62.5,51.4173,
sp400_load075,39.9,response,400.0,75.0,405.0861,-5.8763,175.3957,550.6435,74.9961,61.8257,51.5215,-0.8814,-10.4959,0.3989,62.5,51.5215,
sp400_load075,40.0,response,400.0,75.0,404.3034,-5.0861,175.4212,550.6806,74.9964,61.9513,51.6261,-0.7629,-10.5061,0.3951,62.5,51.6261,
sp400_load075,40.1,response,400.0,75.0,403.5282,-4.3034,175.446,550.717,74.9967,62.0773,51.7311,-0.6455,-10.5147,0.3914,62.5,51.7311,
sp400_load075,40.2,response,400.0,75.0,402.7606,-3.5282,175.4701,550.7526,74.997,62.2039,51.8366,-0.5292,-10.5218,0.3876,62.5,51.8366,
sp400_load075,40.3,response,400.0,75.0,402.0007,-2.7606,175.4934,550.7875,74.9972,62.3309,51.9424,-0.4141,-10.5273,0.3838,62.5,51.9424,
sp400_load075,40.4,response,400.0,75.0,401.2483,-2.0007,175.516,550.8217,74.9974,62.4583,52.0486,-0.3001,-10.5313,0.38,62.5,52.0486,
sp400_load075,40.5,response,400.0,75.0,400.5036,-1.2483,175.538,550.8552,74.9976,62.5862,52.1551,-0.1872,-10.5338,0.3762,62.5,52.1551,
sp400_load075,40.6,response,400.0,75.0,399.7666,-0.5036,175.5593,550.8881,74.9978,62.7144,52.262,-0.0755,-10.5348,0.3723,62.5,52.262,01LAL001
sp400_load075,40.7,response,400.0,75.0,399.0373,0.2334,175.58,550.9203,74.998,62.843,52.3692,0.035,-10.5343,0.3685,62.5,52.3692,01LAL001
sp400_load075,40.8,response,400.0,75.0,398.3157,0.9627,175.6,550.9519,74.9982,62.972,52.4766,0.1444,-10.5324,0.3646,62.5,52.4766,01LAL001
sp400_load075,40.9,response,400.0,75.0,397.6019,1.6843,175.6195,550.9828,74.9983,63.1013,52.5844,0.2526,-10.529,0.3608,62.5,52.5844,01LAL001
sp400_load075,41.0,response,400.0,75.0,396.8959,2.3981,175.6384,551.0131,74.9984,63.2308,52.6924,0.3597,-10.5243,0.3569,62.5,52.6924,01LAL001
sp400_load075,41.1,response,400.0,75.0,396.1976,3.1041,175.6567,551.0428,74.9986,63.3607,52.8006,0.4656,-10.518,0.353,62.5,52.8006,01LAL001
sp400_load075,41.2,response,400.0,75.0,395.5071,3.8024,175.6745,551.072,74.9987,63.4909,52.9091,0.5704,-10.5104,0.3491,62.5,52.9091,01LAL001
sp400_load075,41.3,response,400.0,75.0,394.8245,4.4929,175.6917,551.1005,74.9988,63.6213,53.0177,0.6739,-10.5015,0.3452,62.5,53.0177,01LAL001
sp400_load075,41.4,response,400.0,75.0,394.1496,5.1755,175.7084,551.1285,74.9989,63.7519,53.1266,0.7763,-10.4911,0.3413,62.5,53.1266,01LAL001
sp400_load075,41.5,response,400.0,75.0,393.4827,5.8504,175.7247,551.1559,74.999,63.8827,53.2356,0.8776,-10.4794,0.3374,62.5,53.2356,01LAL001
sp400_load075,41.6,response,400.0,75.0,392.8235,6.5173,175.7404,551.1828,74.9991,64.0137,53.3447,0.9776,-10.4664,0.3335,62.5,53.3447,01LAL001
sp400_load075,41.7,response,400.0,75.0,392.1723,7.1765,175.7557,551.2091,74.9991,64.1448,53.454,1.0765,-10.452,0.3296,62.5,53.454,01LAL001
sp400_load075,41.8,response,400.0,75.0,391.5289,7.8277,175.7705,551.2349,74.9992,64.2761,53.5634,1.1742,-10.4364,0.3256,62.5,53.5634,01LAL001
sp400_load075,41.9,response,400.0,75.0,390.8934,8.4711,175.7848,551.2602,74.9993,64.4075,53.6729,1.2707,-10.4194,0.3217,62.5,53.6729,01LAL001
sp400_load075,42.0,response,400.0,75.0,390.2658,9.1066,175.7988,551.285,74.9993,64.539,53.7825,1.366,-10.4012,0.3178,62.5,53.7825,01LAL001
sp400_load075,42.1,response,400.0,75.0,389.6461,9.7342,175.8123,551.3093,74.9994,64.6706,53.8922,1.4601,-10.3817,0.3138,62.5,53.8922,01LAL001
sp400_load075,42.2,response,400.0,75.0,389.0342,10.3539,175.8254,551.3331,74.9994,64.8023,54.0019,1.5531,-10.361,0.3099,62.5,54.0019,01LAL001
sp400_load075,42.3,response,400.0,75.0,388.4303,10.9658,175.8382,551.3564,74.9995,64.934,54.1117,1.6449,-10.3391,0.3059,62.5,54.1117,01LAL001
sp400_load075,42.4,response,400.0,75.0,387.8343,11.5697,175.8505,551.3793,74.9995,65.0658,54.2215,1.7355,-10.316,0.302,62.5,54.2215,01LAL001
sp400_load075,42.5,response,400.0,75.0,387.2462,12.1657,175.8625,551.4017,74.9996,65.1975,54.3312,1.8249,-10.2916,0.298,62.5,54.3312,01LAL001
sp400_load075,42.6,response,400.0,75.0,386.6659,12.7538,175.8741,551.4237,74.9996,65.3292,54.441,1.9131,-10.2661,0.2941,62.5,54.441,01LAL001
sp400_load075,42.7,response,400.0,75.0,386.0936,13.3341,175.8854,551.4452,74.9996,65.4609,54.5508,2.0001,-10.2394,0.2901,62.5,54.5508,01LAL001
sp400_load075,42.8,response,400.0,75.0,385.5292,13.9064,175.8963,551.4663,74.9997,65.5926,54.6605,2.086,-10.2116,0.2862,62.5,54.6605,01LAL001
sp400_load075,42.9,response,400.0,75.0,384.9727,14.4708,175.9069,551.4869,74.9997,65.7242,54.7701,2.1706,-10.1827,0.2822,62.5,54.7701,01LAL001
sp400_load075,43.0,response,400.0,75.0,384.424,15.0273,175.9172,551.5072,74.9997,65.8557,54.8797,2.2541,-10.1526,0.2783,62.5,54.8797,01LAL001
sp400_load075,43.1,response,400.0,75.0,383.8833,15.576,175.9272,551.527,74.9997,65.9871,54.9892,2.3364,-10.1215,0.2743,62.5,54.9892,01LAL001
sp400_load075,43.2,response,400.0,75.0,383.3504,16.1167,175.9368,551.5465,74.9998,66.1184,55.0986,2.4175,-10.0893,0.2704,62.5,55.0986,01LAL001
sp400_load075,43.3,response,400.0,75.0,382.8254,16.6496,175.9462,551.5656,74.9998,66.2495,55.2079,2.4974,-10.056,0.2664,62.5,55.2079,01LAL001
sp400_load075,43.4,response,400.0,75.0,382.3082,17.1746,175.9553,551.5843,74.9998,66.3805,55.3171,2.5762,-10.0216,0.2625,62.5,55.3171,01LAL001
sp400_load075,43.5,response,400.0,75.0,381.7989,17.6918,175.9642,551.6026,74.9998,66.5114,55.4261,2.6538,-9.9862,0.2586,62.5,55.4261,01LAL001
sp400_load075,43.6,response,400.0,75.0,381.2974,18.2011,175.9727,551.6205,74.9998,66.642,55.535,2.7302,-9.9498,0.2547,62.5,55.535,01LAL001
sp400_load075,43.7,response,400.0,75.0,380.8038,18.7026,175.9811,551.6381,74.9998,66.7724,55.6437,2.8054,-9.9124,0.2507,62.5,55.6437,01LAL001
sp400_load075,43.8,response,400.0,75.0,380.318,19.1962,175.9891,551.6553,74.9998,66.9027,55.7522,2.8794,-9.874,0.2468,62.5,55.7522,01LAL001
sp400_load075,43.9,response,400.0,75.0,379.8399,19.682,175.9969,551.6722,74.9999,67.0327,55.8606,2.9523,-9.8347,0.2429,62.5,55.8606,01LAL001
sp400_load075,44.0,response,400.0,75.0,379.3697,20.1601,176.0045,551.6888,74.9999,67.1624,55.9687,3.024,-9.7943,0.239,62.5,55.9687,01LAL001
sp400_load075,44.1,response,400.0,75.0,378.9072,20.6303,176.0119,551.705,74.9999,67.2919,56.0766,3.0945,-9.7531,0.2351,62.5,56.0766,01LAL001
sp400_load075,44.2,response,400.0,75.0,378.4525,21.0928,176.019,551.7209,74.9999,67.4211,56.1843,3.1639,-9.7109,0.2312,62.5,56.1843,01LAL001
sp400_load075,44.3,response,400.0,75.0,378.0055,21.5475,176.026,551.7365,74.9999,67.55,56.2917,3.2321,-9.6678,0.2274,62.5,56.2917,01LAL001
sp400_load075,44.4,response,400.0,75.0,377.5662,21.9945,176.0327,551.7518,74.9999,67.6786,56.3989,3.2992,-9.6238,0.2235,62.5,56.3989,01LAL001
sp400_load075,44.5,response,400.0,75.0,377.1346,22.4338,176.0392,551.7667,74.9999,67.8069,56.5058,3.3651,-9.5789,0.2196,62.5,56.5058,01LAL001
sp400_load075,44.6,response,400.0,75.0,376.7107,22.8654,176.0455,551.7814,74.9999,67.9349,56.6124,3.4298,-9.5332,0.2158,62.5,56.6124,01LAL001
sp400_load075,44.7,response,400.0,75.0,376.2945,23.2893,176.0517,551.7958,74.9999,68.0625,56.7187,3.4934,-9.4866,0.212,62.5,56.7187,01LAL001
sp400_load075,44.8,response,400.0,75.0,375.8859,23.7055,176.0576,551.8098,74.9999,68.1897,56.8247,3.5558,-9.4392,0.2081,62.5,56.8247,01LAL001
sp400_load075,44.9,response,400.0,75.0,375.4849,24.1141,176.0634,551.8236,74.9999,68.3165,56.9304,3.6171,-9.391,0.2043,62.5,56.9304,01LAL001
sp400_load075,45.0,response,400.0,75.0,375.0914,24.5151,176.069,551.8372,74.9999,68.443,57.0358,3.6773,-9.342,0.2005,62.5,57.0358,01LAL001
sp400_load075,45.1,response,400.0,75.0,374.7056,24.9086,176.0744,551.8504,74.9999,68.569,57.1409,3.7363,-9.2921,0.1967,62.5,57.1409,01LAL001
sp400_load075,45.2,response,400.0,75.0,374.3273,25.2944,176.0797,551.8634,75.0,68.6946,57.2455,3.7942,-9.2416,0.1929,62.5,57.2455,01LAL001
sp400_load075,45.3,response,400.0,75.0,373.9565,25.6727,176.0848,551.8761,75.0,68.8198,57.3499,3.8509,-9.1902,0.1892,62.5,57.3499,01LAL001
sp400_load075,45.4,response,400.0,75.0,373.5931,26.0435,176.0897,551.8886,75.0,68.9446,57.4538,3.9065,-9.1381,0.1854,62.5,57.4538,01LAL001
sp400_load075,45.5,response,400.0,75.0,373.2373,26.4069,176.0945,551.9008,75.0,69.0689,57.5574,3.961,-9.0853,0.1817,62.5,57.5574,01LAL001
sp400_load075,45.6,response,400.0,75.0,372.8888,26.7627,176.0992,551.9128,75.0,69.1927,57.6606,4.0144,-9.0318,0.1779,62.5,57.6606,01LAL001
sp400_load075,45.7,response,400.0,75.0,372.5478,27.1112,176.1037,551.9246,75.0,69.316,57.7633,4.0667,-8.9776,0.1742,62.5,57.7633,01LAL001
sp400_load075,45.8,response,400.0,75.0,372.2141,27.4522,176.1081,551.9361,75.0,69.4388,57.8657,4.1178,-8.9227,0.1705,62.5,57.8657,01LAL001
sp400_load075,45.9,response,400.0,75.0,371.8878,27.7859,176.1124,551.9474,75.0,69.5612,57.9676,4.1679,-8.8671,0.1668,62.5,57.9676,01LAL001
sp400_load075,46.0,response,400.0,75.0,371.5688,28.1122,176.1165,551.9584,75.0,69.683,58.0691,4.2168,-8.8109,0.1632,62.5,58.0691,01LAL001
sp400_load075,46.1,response,400.0,75.0,371.257,28.4312,176.1205,551.9692,75.0,69.8042,58.1702,4.2647,-8.754,0.1595,62.5,58.1702,01LAL001
sp400_load075,46.2,response,400.0,75.0,370.9525,28.743,176.1244,551.9799,75.0,69.925,58.2708,4.3114,-8.6965,0.1559,62.5,58.2708,01LAL001
sp400_load075,46.3,response,400.0,75.0,370.6552,29.0475,176.1282,551.9903,75.0,70.0451,58.371,4.3571,-8.6384,0.1523,62.5,58.371,01LAL001
sp400_load075,46.4,response,400.0,75.0,370.3651,29.3448,176.1318,552.0005,75.0,70.1648,58.4706,4.4017,-8.5797,0.1486,62.5,58.4706,01LAL001
sp400_load075,46.5,response,400.0,75.0,370.0821,29.6349,176.1354,552.0104,75.0,70.2838,58.5698,4.4452,-8.5205,0.1451,62.5,58.5698,01LAL001
sp400_load075,46.6,response,400.0,75.0,369.8063,29.9179,176.1388,552.0202,75.0,70.4023,58.6685,4.4877,-8.4606,0.1415,62.5,58.6685,01LAL001
sp400_load075,46.7,response,400.0,75.0,369.5375,30.1937,176.1421,552.0298,75.0,70.5201,58.7668,4.5291,-8.4002,0.1379,62.5,58.7668,01LAL001
sp400_load075,46.8,response,400.0,75.0,369.2757,30.4625,176.1454,552.0392,75.0,70.6374,58.8645,4.5694,-8.3393,0.1344,62.5,58.8645,01LAL001
sp400_load075,46.9,response,400.0,75.0,369.021,30.7243,176.1485,552.0484,75.0,70.754,58.9617,4.6086,-8.2779,0.1309,62.5,58.9617,01LAL001
sp400_load075,47.0,response,400.0,75.0,368.7732,30.979,176.1515,552.0575,75.0,70.87,59.0583,4.6469,-8.2159,0.1274,62.5,59.0583,01LAL001
sp400_load075,47.1,response,400.0,75.0,368.5323,31.2268,176.1545,552.0663,75.0,70.9854,59.1545,4.684,-8.1534,0.1239,62.5,59.1545,01LAL001
sp400_load075,47.2,response,400.0,75.0,368.2983,31.4677,176.1574,552.075,75.0,71.1001,59.2501,4.7202,-8.0905,0.1204,62.5,59.2501,01LAL001
sp400_load075,47.3,response,400.0,75.0,368.0712,31.7017,176.1601,552.0835,75.0,71.2142,59.3451,4.7553,-8.0271,0.117,62.5,59.3451,01LAL001
sp400_load075,47.4,response,400.0,75.0,367.8508,31.9288,176.1628,552.0918,75.0,71.3276,59.4396,4.7893,-7.9633,0.1136,62.5,59.4396,01LAL001
sp400_load075,47.5,response,400.0,75.0,367.6372,32.1492,176.1655,552.1,75.0,71.4403,59.5336,4.8224,-7.899,0.1102,62.5,59.5336,01LAL001
sp400_load075,47.6,response,400.0,75.0,367.4304,32.3628,176.168,552.108,75.0,71.5524,59.627,4.8544,-7.8342,0.1068,62.5,59.627,01LAL001
sp400_load075,47.7,response,400.0,75.0,367.2302,32.5696,176.1705,552.1158,75.0,71.6637,59.7198,4.8854,-7.7691,0.1034,62.5,59.7198,01LAL001
sp400_load075,47.8,response,400.0,75.0,367.0367,32.7698,176.1728,552.1235,75.0,71.7744,59.812,4.9155,-7.7035,0.1001,62.5,59.812,01LAL001
sp400_load075,47.9,response,400.0,75.0,366.8497,32.9633,176.1752,552.131,75.0,71.8844,59.9036,4.9445,-7.6376,0.0968,62.5,59.9036,01LAL001
sp400_load075,48.0,response,400.0,75.0,366.6693,33.1503,176.1774,552.1384,75.0,71.9936,59.9947,4.9725,-7.5713,0.0935,62.5,59.9947,01LAL001
sp400_load075,48.1,response,400.0,75.0,366.4955,33.3307,176.1796,552.1457,75.0,72.1022,60.0851,4.9996,-7.5047,0.0902,62.5,60.0851,01LAL001
sp400_load075,48.2,response,400.0,75.0,366.3281,33.5045,176.1817,552.1527,75.0,72.21,60.175,5.0257,-7.4377,0.0869,62.5,60.175,01LAL001
sp400_load075,48.3,response,400.0,75.0,366.1671,33.6719,176.1837,552.1597,75.0,72.317,60.2642,5.0508,-7.3703,0.0837,62.5,60.2642,01LAL001
sp400_load075,48.4,response,400.0,75.0,366.0125,33.8329,176.1857,552.1665,75.0,72.4233,60.3528,5.0749,-7.3026,0.0805,62.5,60.3528,01LAL001
sp400_load075,48.5,response,400.0,75.0,365.8642,33.9875,176.1877,552.1732,75.0,72.5289,60.4408,5.0981,-7.2347,0.0773,62.5,60.4408,01LAL001
sp400_load075,48.6,response,400.0,75.0,365.7223,34.1358,176.1895,552.1797,75.0,72.6337,60.5281,5.1204,-7.1664,0.0741,62.5,60.5281,01LAL001
sp400_load075,48.7,response,400.0,75.0,365.5865,34.2777,176.1913,552.1861,75.0,72.7378,60.6148,5.1417,-7.0978,0.071,62.5,60.6148,01LAL001
sp400_load075,48.8,response,400.0,75.0,365.457,34.4135,176.1931,552.1924,75.0,72.8411,60.7009,5.162,-7.029,0.0679,62.5,60.7009,01LAL001
sp400_load075,48.9,response,400.0,75.0,365.3336,34.543,176.1948,552.1985,75.0,72.9436,60.7863,5.1815,-6.9599,0.0648,62.5,60.7863,01LAL001
sp400_load075,49.0,response,400.0,75.0,365.2163,34.6664,176.1965,552.2046,75.0,73.0453,60.8711,5.2,-6.8906,0.0617,62.5,60.8711,01LAL001
sp400_load075,49.1,response,400.0,75.0,365.1051,34.7837,176.1981,552.2105,75.0,73.1462,60.9552,5.2176,-6.821,0.0586,62.5,60.9552,01LAL001
sp400_load075,49.2,response,400.0,75.0,364.9999,34.8949,176.1996,552.2163,75.0,73.2463,61.0386,5.2342,-6.7512,0.0556,62.5,61.0386,01LAL001
sp400_load075,49.3,response,400.0,75.0,364.9006,35.0001,176.2011,552.2219,75.0,73.3457,61.1214,5.25,-6.6812,0.0526,62.5,61.1214,01LAL001
sp400_load075,49.4,response,400.0,75.0,364.8073,35.0994,176.2026,552.2275,75.0,73.4442,61.2035,5.2649,-6.611,0.0496,62.5,61.2035,01LAL001
sp400_load075,49.5,response,400.0,75.0,364.7198,35.1927,176.204,552.233,75.0,73.5419,61.2849,5.2789,-6.5407,0.0467,62.5,61.2849,01LAL001
sp400_load075,49.6,response,400.0,75.0,364.6381,35.2802,176.2054,552.2383,75.0,73.6388,61.3657,5.292,-6.4701,0.0437,62.5,61.3657,01LAL001
sp400_load075,49.7,response,400.0,75.0,364.5622,35.3619,176.2067,552.2435,75.0,73.7349,61.4458,5.3043,-6.3994,0.0408,62.5,61.4458,01LAL001
sp400_load075,49.8,response,400.0,75.0,364.492,35.4378,176.208,552.2487,75.0,73.8302,61.5251,5.3157,-6.3285,0.038,62.5,61.5251,01LAL001
sp400_load075,49.9,response,400.0,75.0,364.4275,35.508,176.2093,552.2537,75.0,73.9246,61.6038,5.3262,-6.2575,0.0351,62.5,61.6038,01LAL001
sp400_load075,50.0,response,400.0,75.0,364.3686,35.5725,176.2105,552.2586,75.0,74.0182,61.6818,5.3359,-6.1863,0.0323,62.5,61.6818,01LAL001
sp400_load075,50.1,response,400.0,75.0,364.3152,35.6314,176.2117,552.2634,75.0,74.1109,61.7591,5.3447,-6.1151,0.0295,62.5,61.7591,01LAL001
sp400_load075,50.2,response,400.0,75.0,364.2674,35.6848,176.2129,552.2682,75.0,74.2028,61.8357,5.3527,-6.0437,0.0267,62.5,61.8357,01LAL001
sp400_load075,50.3,response,400.0,75.0,364.225,35.7326,176.214,552.2728,75.0,74.2939,61.9116,5.3599,-5.9722,0.0239,62.5,61.9116,01LAL001
sp400_load075,50.4,response,400.0,75.0,364.1881,35.775,176.215,552.2774,75.0,74.3841,61.9867,5.3662,-5.9007,0.0212,62.5,61.9867,01LAL001
sp400_load075,50.5,response,400.0,75.0,364.1565,35.8119,176.2161,552.2818,75.0,74.4734,62.0612,5.3718,-5.8291,0.0185,62.5,62.0612,01LAL001
sp400_load075,50.6,response,400.0,75.0,364.1302,35.8435,176.2171,552.2862,75.0,74.5619,62.135,5.3765,-5.7574,0.0158,62.5,62.135,01LAL001
sp400_load075,50.7,response,400.0,75.0,364.1092,35.8698,176.2181,552.2904,75.0,74.6496,62.208,5.3805,-5.6856,0.0131,62.5,62.208,01LAL001
sp400_load075,50.8,response,400.0,75.0,364.0934,35.8908,176.2191,552.2946,75.0,74.7363,62.2803,5.3836,-5.6139,0.0105,62.5,62.2803,01LAL001
sp400_load075,50.9,response,400.0,75.0,364.0827,35.9066,176.22,552.2987,75.0,74.8222,62.3519,5.386,-5.542,0.0079,62.5,62.3519,01LAL001
sp400_load075,51.0,response,400.0,75.0,364.0771,35.9173,176.2209,552.3028,75.0,74.9073,62.4227,5.3876,-5.4702,0.0053,62.5,62.4227,01LAL001
sp400_load075,51.1,response,400.0,75.0,364.0766,35.9229,176.2218,552.3067,75.0,74.9914,62.4929,5.3884,-5.3984,0.0028,62.5,62.4929,01LAL001
sp400_load075,51.2,response,400.0,75.0,364.0811,35.9234,176.2226,552.3106,75.0,75.0747,62.5623,5.3885,-5.3265,0.0003,62.5,62.5623,01LAL001
sp400_load075,51.3,response,400.0,75.0,364.0905,35.9189,176.2234,552.3144,75.0,75.1571,62.6309,5.3878,-5.2547,-0.0022,62.5,62.6309,01LAL001
sp400_load075,51.4,response,400.0,75.0,364.1048,35.9095,176.2242,552.3181,75.0,75.2386,62.6989,5.3864,-5.1829,-0.0047,62.5,62.6989,01LAL001
sp400_load075,51.5,response,400.0,75.0,364.124,35.8952,176.225,552.3217,75.0,75.3193,62.7661,5.3843,-5.1111,-0.0072,62.5,62.7661,01LAL001
sp400_load075,51.6,response,400.0,75.0,364.1479,35.876,176.2257,552.3253,75.0,75.399,62.8325,5.3814,-5.0393,-0.0096,62.5,62.8325,01LAL001
sp400_load075,51.7,response,400.0,75.0,364.1766,35.8521,176.2265,552.3288,75.0,75.4779,62.8982,5.3778,-4.9676,-0.012,62.5,62.8982,01LAL001
sp400_load075,51.8,response,400.0,75.0,364.21,35.8234,176.2272,552.3322,75.0,75.5559,62.9632,5.3735,-4.896,-0.0143,62.5,62.9632,01LAL001
sp400_load075,51.9,response,400.0,75.0,364.2479,35.79,176.2279,552.3356,75.0,75.6329,63.0275,5.3685,-4.8244,-0.0167,62.5,63.0275,01LAL001
sp400_load075,52.0,response,400.0,75.0,364.2905,35.7521,176.2285,552.3388,75.0,75.7091,63.0909,5.3628,-4.7529,-0.019,62.5,63.0909,01LAL001
sp400_load075,52.1,response,400.0,75.0,364.3375,35.7095,176.2292,552.3421,75.0,75.7844,63.1537,5.3564,-4.6815,-0.0213,62.5,63.1537,01LAL001
sp400_load075,52.2,response,400.0,75.0,364.3891,35.6625,176.2298,552.3452,75.0,75.8588,63.2157,5.3494,-4.6101,-0.0235,62.5,63.2157,01LAL001
sp400_load075,52.3,response,400.0,75.0,364.445,35.6109,176.2304,552.3483,75.0,75.9324,63.277,5.3416,-4.5389,-0.0258,62.5,63.277,01LAL001
sp400_load075,52.4,response,400.0,75.0,364.5053,35.555,176.231,552.3514,75.0,76.005,63.3375,5.3332,-4.4678,-0.028,62.5,63.3375,01LAL001
sp400_load075,52.5,response,400.0,75.0,364.5699,35.4947,176.2316,552.3543,75.0,76.0767,63.3972,5.3242,-4.3968,-0.0301,62.5,63.3972,01LAL001
sp400_load075,52.6,response,400.0,75.0,364.6388,35.4301,176.2321,552.3572,75.0,76.1475,63.4563,5.3145,-4.326,-0.0323,62.5,63.4563,01LAL001
sp400_load075,52.7,response,400.0,75.0,364.7118,35.3612,176.2327,552.3601,75.0,76.2174,63.5145,5.3042,-4.2552,-0.0344,62.5,63.5145,01LAL001
sp400_load075,52.8,response,400.0,75.0,364.789,35.2882,176.2332,552.3629,75.0,76.2865,63.5721,5.2932,-4.1847,-0.0365,62.5,63.5721,01LAL001
sp400_load075,52.9,response,400.0,75.0,364.8703,35.211,176.2337,552.3656,75.0,76.3546,63.6288,5.2816,-4.1142,-0.0386,62.5,63.6288,01LAL001
sp400_load075,53.0,response,400.0,75.0,364.9556,35.1297,176.2342,552.3683,75.0,76.4218,63.6848,5.2695,-4.044,-0.0406,62.5,63.6848,01LAL001
sp400_load075,53.1,response,400.0,75.0,365.0449,35.0444,176.2346,552.371,75.0,76.4881,63.7401,5.2567,-3.9739,-0.0427,62.5,63.7401,01LAL001
sp400_load075,53.2,response,400.0,75.0,365.1381,34.9551,176.2351,552.3735,75.0,76.5536,63.7947,5.2433,-3.904,-0.0446,62.5,63.7947,01LAL001
sp400_load075,53.3,response,400.0,75.0,365.2352,34.8619,176.2356,552.3761,75.0,76.6181,63.8484,5.2293,-3.8342,-0.0466,62.5,63.8484,01LAL001
sp400_load075,53.4,response,400.0,75.0,365.3361,34.7648,176.236,552.3785,75.0,76.6818,63.9015,5.2147,-3.7647,-0.0485,62.5,63.9015,01LAL001
sp400_load075,53.5,response,400.0,75.0,365.4408,34.6639,176.2364,552.381,75.0,76.7445,63.9537,5.1996,-3.6954,-0.0505,62.5,63.9537,01LAL001
sp400_load075,53.6,response,400.0,75.0,365.5491,34.5592,176.2368,552.3834,75.0,76.8063,64.0053,5.1839,-3.6263,-0.0523,62.5,64.0053,01LAL001
sp400_load075,53.7,response,400.0,75.0,365.6612,34.4509,176.2372,552.3857,75.0,76.8673,64.0561,5.1676,-3.5574,-0.0542,62.5,64.0561,01LAL001
sp400_load075,53.8,response,400.0,75.0,365.7768,34.3388,176.2376,552.388,75.0,76.9273,64.1061,5.1508,-3.4887,-0.056,62.5,64.1061,01LAL001
sp400_load075,53.9,response,400.0,75.0,365.896,34.2232,176.238,552.3902,75.0,76.9865,64.1554,5.1335,-3.4202,-0.0578,62.5,64.1554,01LAL001
sp400_load075,54.0,response,400.0,75.0,366.0187,34.104,176.2383,552.3924,75.0,77.0448,64.204,5.1156,-3.352,-0.0596,62.5,64.204,01LAL001
sp400_load075,54.1,response,400.0,75.0,366.1448,33.9813,176.2387,552.3946,75.0,77.1021,64.2518,5.0972,-3.2841,-0.0613,62.5,64.2518,01LAL001
sp400_load075,54.2,response,400.0,75.0,366.2743,33.8552,176.239,552.3967,75.0,77.1586,64.2988,5.0783,-3.2164,-0.0631,62.5,64.2988,01LAL001
sp400_load075,54.3,response,400.0,75.0,366.4072,33.7257,176.2393,552.3987,75.0,77.2142,64.3452,5.0589,-3.1489,-0.0648,62.5,64.3452,01LAL001
sp400_load075,54.4,response,400.0,75.0,366.5433,33.5928,176.2397,552.4008,75.0,77.2689,64.3908,5.0389,-3.0817,-0.0664,62.5,64.3908,01LAL001
sp400_load075,54.5,response,400.0,75.0,366.6827,33.4567,176.24,552.4027,75.0,77.3227,64.4356,5.0185,-3.0148,-0.0681,62.5,64.4356,01LAL001
sp400_load075,54.6,response,400.0,75.0,366.8252,33.3173,176.2403,552.4047,75.0,77.3757,64.4797,4.9976,-2.9482,-0.0697,62.5,64.4797,01LAL001
sp400_load075,54.7,response,400.0,75.0,366.9709,33.1748,176.2406,552.4066,75.0,77.4277,64.5231,4.9762,-2.8818,-0.0713,62.5,64.5231,01LAL001
sp400_load075,54.8,response,400.0,75.0,367.1196,33.0291,176.2408,552.4085,75.0,77.4789,64.5658,4.9544,-2.8158,-0.0728,62.5,64.5658,01LAL001
sp400_load075,54.9,response,400.0,75.0,367.2714,32.8804,176.2411,552.4103,75.0,77.5292,64.6077,4.9321,-2.75,-0.0744,62.5,64.6077,01LAL001
sp400_load075,55.0,response,400.0,75.0,367.4261,32.7286,176.2414,552.4121,75.0,77.5786,64.6489,4.9093,-2.6846,-0.0759,62.5,64.6489,01LAL001
sp400_load075,55.1,response,400.0,75.0,367.5837,32.5739,176.2416,552.4139,75.0,77.6272,64.6893,4.8861,-2.6194,-0.0774,62.5,64.6893,01LAL001
sp400_load075,55.2,response,400.0,75.0,367.7442,32.4163,176.2419,552.4156,75.0,77.6749,64.7291,4.8624,-2.5546,-0.0788,62.5,64.7291,01LAL001
sp400_load075,55.3,response,400.0,75.0,367.9075,32.2558,176.2421,552.4173,75.0,77.7217,64.7681,4.8384,-2.4901,-0.0802,62.5,64.7681,01LAL001
sp400_load075,55.4,response,400.0,75.0,368.0736,32.0925,176.2424,552.4189,75.0,77.7676,64.8063,4.8139,-2.4259,-0.0817,62.5,64.8063,01LAL001
sp400_load075,55.5,response,400.0,75.0,368.2423,31.9264,176.2426,552.4205,75.0,77.8127,64.8439,4.789,-2.362,-0.083,62.5,64.8439,01LAL001
sp400_load075,55.6,response,400.0,75.0,368.4137,31.7577,176.2428,552.4221,75.0,77.8569,64.8808,4.7636,-2.2985,-0.0844,62.5,64.8808,01LAL001
sp400_load075,55.7,response,400.0,75.0,368.5878,31.5863,176.243,552.4237,75.0,77.9003,64.9169,4.7379,-2.2353,-0.0857,62.5,64.9169,01LAL001
sp400_load075,55.8,response,400.0,75.0,368.7643,31.4122,176.2433,552.4252,75.0,77.9428,64.9523,4.7118,-2.1725,-0.087,62.5,64.9523,01LAL001
sp400_load075,55.9,response,400.0,75.0,368.9434,31.2357,176.2435,552.4267,75.0,77.9844,64.987,4.6854,-2.11,-0.0883,62.5,64.987,01LAL001
sp400_load075,56.0,response,400.0,75.0,369.1249,31.0566,176.2437,552.4282,75.0,78.0252,65.021,4.6585,-2.0479,-0.0895,62.5,65.021,01LAL001
sp400_load075,56.1,response,400.0,75.0,369.3088,30.8751,176.2438,552.4296,75.0,78.0652,65.0543,4.6313,-1.9862,-0.0908,62.5,65.0543,01LAL001
sp400_load075,56.2,response,400.0,75.0,369.4951,30.6912,176.244,552.431,75.0,78.1043,65.0869,4.6037,-1.9248,-0.092,62.5,65.0869,01LAL001
sp400_load075,56.3,response,400.0,75.0,369.6836,30.5049,176.2442,552.4324,75.0,78.1426,65.1188,4.5757,-1.8638,-0.0931,62.5,65.1188,01LAL001
sp400_load075,56.4,response,400.0,75.0,369.8744,30.3164,176.2444,552.4338,75.0,78.18,65.15,4.5475,-1.8032,-0.0943,62.5,65.15,01LAL001
sp400_load075,56.5,response,400.0,75.0,370.0674,30.1256,176.2445,552.4351,75.0,78.2166,65.1805,4.5188,-1.7429,-0.0954,62.5,65.1805,01LAL001
sp400_load075,56.6,response,400.0,75.0,370.2626,29.9326,176.2447,552.4364,75.0,78.2524,65.2103,4.4899,-1.683,-0.0965,62.5,65.2103,01LAL001
sp400_load075,56.7,response,400.0,75.0,370.4598,29.7374,176.2449,552.4376,75.0,78.2874,65.2395,4.4606,-1.6236,-0.0976,62.5,65.2395,01LAL001
sp400_load075,56.8,response,400.0,75.0,370.6591,29.5402,176.245,552.4389,75.0,78.3215,65.2679,4.431,-1.5645,-0.0986,62.5,65.2679,01LAL001
sp400_load075,56.9,response,400.0,75.0,370.8604,29.3409,176.2452,552.4401,75.0,78.3548,65.2957,4.4011,-1.5058,-0.0996,62.5,65.2957,01LAL001
sp400_load075,57.0,response,400.0,75.0,371.0636,29.1396,176.2453,552.4413,75.0,78.3873,65.3228,4.3709,-1.4475,-0.1006,62.5,65.3228,01LAL001
sp400_load075,57.1,response,400.0,75.0,371.2688,28.9364,176.2455,552.4425,75.0,78.419,65.3492,4.3405,-1.3896,-0.1016,62.5,65.3492,01LAL001
sp400_load075,57.2,response,400.0,75.0,371.4758,28.7312,176.2456,552.4436,75.0,78.4499,65.3749,4.3097,-1.3322,-0.1026,62.5,65.3749,01LAL001
sp400_load075,57.3,response,400.0,75.0,371.6846,28.5242,176.2457,552.4448,75.0,78.48,65.4,4.2786,-1.2751,-0.1035,62.5,65.4,01LAL001
sp400_load075,57.4,response,400.0,75.0,371.8951,28.3154,176.2459,552.4459,75.0,78.5093,65.4244,4.2473,-1.2185,-0.1044,62.5,65.4244,01LAL001
sp400_load075,57.5,response,400.0,75.0,372.1074,28.1049,176.246,552.447,75.0,78.5378,65.4482,4.2157,-1.1623,-0.1053,62.5,65.4482,01LAL001
sp400_load075,57.6,response,400.0,75.0,372.3213,27.8926,176.2461,552.448,75.0,78.5655,65.4712,4.1839,-1.1065,-0.1061,62.5,65.4712,01LAL001
sp400_load075,57.7,response,400.0,75.0,372.5369,27.6787,176.2462,552.4491,75.0,78.5924,65.4937,4.1518,-1.0512,-0.107,62.5,65.4937,01LAL001
sp400_load075,57.8,response,400.0,75.0,372.754,27.4631,176.2463,552.4501,75.0,78.6186,65.5155,4.1195,-0.9962,-0.1078,62.5,65.5155,01LAL001
sp400_load075,57.9,response,400.0,75.0,372.9726,27.246,176.2464,552.4511,75.0,78.6439,65.5366,4.0869,-0.9417,-0.1086,62.5,65.5366,01LAL001
sp400_load075,58.0,response,400.0,75.0,373.1927,27.0274,176.2465,552.452,75.0,78.6685,65.5571,4.0541,-0.8877,-0.1093,62.5,65.5571,01LAL001
sp400_load075,58.1,response,400.0,75.0,373.4143,26.8073,176.2467,552.453,75.0,78.6924,65.577,4.0211,-0.8341,-0.1101,62.5,65.577,01LAL001
sp400_load075,58.2,response,400.0,75.0,373.6372,26.5857,176.2468,552.4539,75.0,78.7154,65.5962,3.9879,-0.7809,-0.1108,62.5,65.5962,01LAL001
sp400_load075,58.3,response,400.0,75.0,373.8615,26.3628,176.2468,552.4549,75.0,78.7377,65.6148,3.9544,-0.7282,-0.1115,62.5,65.6148,01LAL001
sp400_load075,58.4,response,400.0,75.0,374.087,26.1385,176.2469,552.4558,75.0,78.7593,65.6328,3.9208,-0.6759,-0.1121,62.5,65.6328,01LAL001
sp400_load075,58.5,response,400.0,75.0,374.3138,25.913,176.247,552.4567,75.0,78.7801,65.6501,3.8869,-0.6241,-0.1128,62.5,65.6501,01LAL001
sp400_load075,58.6,response,400.0,75.0,374.5418,25.6862,176.2471,552.4575,75.0,78.8002,65.6668,3.8529,-0.5727,-0.1134,62.5,65.6668,01LAL001
sp400_load075,58.7,response,400.0,75.0,374.771,25.4582,176.2472,552.4584,75.0,78.8195,65.6829,3.8187,-0.5218,-0.114,62.5,65.6829,01LAL001
sp400_load075,58.8,response,400.0,75.0,375.0013,25.229,176.2473,552.4592,75.0,78.8381,65.6984,3.7843,-0.4713,-0.1146,62.5,65.6984,01LAL001
sp400_load075,58.9,response,400.0,75.0,375.2327,24.9987,176.2474,552.46,75.0,78.856,65.7133,3.7498,-0.4213,-0.1151,62.5,65.7133,01LAL001
sp400_load075,59.0,response,400.0,75.0,375.4651,24.7673,176.2475,552.4608,75.0,78.8732,65.7276,3.7151,-0.3718,-0.1157,62.5,65.7276,01LAL001
sp400_load075,59.1,response,400.0,75.0,375.6984,24.5349,176.2475,552.4616,75.0,78.8896,65.7413,3.6802,-0.3227,-0.1162,62.5,65.7413,01LAL001
sp400_load075,59.2,response,400.0,75.0,375.9328,24.3016,176.2476,552.4624,75.0,78.9053,65.7544,3.6452,-0.2741,-0.1167,62.5,65.7544,01LAL001
sp400_load075,59.3,response,400.0,75.0,376.168,24.0672,176.2477,552.4631,75.0,78.9203,65.7669,3.6101,-0.226,-0.1172,62.5,65.7669,01LAL001
sp400_load075,59.4,response,400.0,75.0,376.4041,23.832,176.2477,552.4639,75.0,78.9347,65.7789,3.5748,-0.1783,-0.1176,62.5,65.7789,01LAL001
sp400_load075,59.5,response,400.0,75.0,376.6409,23.5959,176.2478,552.4646,75.0,78.9483,65.7902,3.5394,-0.1311,-0.118,62.5,65.7902,01LAL001
sp400_load075,59.6,response,400.0,75.0,376.8786,23.3591,176.2479,552.4653,75.0,78.9612,65.801,3.5039,-0.0844,-0.1184,62.5,65.801,01LAL001
sp400_load075,59.7,response,400.0,75.0,377.117,23.1214,176.2479,552.466,75.0,78.9734,65.8112,3.4682,-0.0382,-0.1188,62.5,65.8112,01LAL001
sp400_load075,59.8,response,400.0,75.0,377.3561,22.883,176.248,552.4667,75.0,78.985,65.8208,3.4324,0.0076,-0.1192,62.5,65.8208,01LAL001
sp400_load075,59.9,response,400.0,75.0,377.5959,22.6439,176.2481,552.4673,75.0,78.9959,65.8299,3.3966,0.0529,-0.1196,62.5,65.8299,01LAL001
sp400_load075,60.0,response,400.0,75.0,377.8363,22.4041,176.2481,552.468,75.0,79.0061,65.8384,3.3606,0.0977,-0.1199,62.5,65.8384,01LAL001
sp400_load100,0.1,baseline,500.0,60.0,500.0,0.0,165.0,540.04,60.0,60.0,50.0,0.0,0.0,0.0,50.0,50.0,
sp400_load100,0.2,baseline,500.0,60.0,500.0,0.0,165.0,540.0792,60.0,60.0,50.0,0.0,0.0,0.0,50.0,50.0,
sp400_load100,0.3,baseline,500.0,60.0,500.0,0.0,165.0,540.1176,60.0,60.0,50.0,0.0,0.0,0.0,50.0,50.0,
sp400_load100,0.4,baseline,500.0,60.0,500.0,0.0,165.0,540.1553,60.0,60.0,50.0,0.0,0.0,0.0,50.0,50.0,
sp400_load100,0.5,baseline,500.0,60.0,500.0,0.0,165.0,540.1922,60.0,60.0,50.0,0.0,0.0,0.0,50.0,50.0,
sp400_load100,0.6,baseline,500.0,60.0,500.0,0.0,165.0,540.2283,60.0,60.0,50.0,0.0,0.0,0.0,50.0,50.0,
sp400_load100,0.7,baseline,500.0,60.0,500.0,0.0,165.0,540.2637,60.0,60.0,50.0,0.0,0.0,0.0,50.0,50.0,
sp400_load100,0.8,baseline,500.0,60.0,500.0,0.0,165.0,540.2985,60.0,60.0,50.0,0.0,0.0,0.0,50.0,50.0,
sp400_load100,0.9,baseline,500.0,60.0,500.0,0.0,165.0,540.3325,60.0,60.0,50.0,0.0,0.0,0.0,50.0,50.0,
sp400_load100,1.0,baseline,500.0,60.0,500.0,0.0,165.0,540.3659,60.0,60.0,50.0,0.0,0.0,0.0,50.0,50.0,
sp400_load100,1.1,baseline,500.0,60.0,500.0,0.0,165.0,540.3985,60.0,60.0,50.0,0.0,0.0,0.0,50.0,50.0,
sp400_load100,1.2,baseline,500.0,60.0,500.0,0.0,165.0,540.4306,60.0,60.0,50.0,0.0,0.0,0.0,50.0,50.0,
sp400_load100,1.3,baseline,500.0,60.0,500.0,0.0,165.0,540.462,60.0,60.0,50.0,0.0,0.0,0.0,50.0,50.0,
sp400_load100,1.4,baseline,500.0,60.0,500.0,0.0,165.0,540.4927,60.0,60.0,50.0,0.0,0.0,0.0,50.0,50.0,
sp400_load100,1.5,baseline,500.0,60.0,500.0,0.0,165.0,540.5229,60.0,60.0,50.0,0.0,0.0,0.0,50.0,50.0,
sp400_load100,1.6,baseline,500.0,60.0,500.0,0.0,165.0,540.5524,60.0,60.0,50.0,0.0,0.0,0.0,50.0,50.0,
sp400_load100,1.7,baseline,500.0,60.0,500.0,0.0,165.0,540.5814,60.0,60.0,50.0,0.0,0.0,0.0,50.0,50.0,
sp400_load100,1.8,baseline,500.0,60.0,500.0,0.0,165.0,540.6097,60.0,60.0,50.0,0.0,0.0,0.0,50.0,50.0,
sp400_load100,1.9,baseline,500.0,60.0,500.0,0.0,165.0,540.6375,60.0,60.0,50.0,0.0,0.0,0.0,50.0,50.0,
sp400_load100,2.0,baseline,500.0,60.0,500.0,0.0,165.0,540.6648,60.0,60.0,50.0,0.0,0.0,0.0,50.0,50.0,
sp400_load100,2.1,baseline,500.0,60.0,500.0,0.0,165.0,540.6915,60.0,60.0,50.0,0.0,0.0,0.0,50.0,50.0,
sp400_load100,2.2,baseline,500.0,60.0,500.0,0.0,165.0,540.7177,60.0,60.0,50.0,0.0,0.0,0.0,50.0,50.0,
sp400_load100,2.3,baseline,500.0,60.0,500.0,0.0,165.0,540.7433,60.0,60.0,50.0,0.0,0.0,0.0,50.0,50.0,
sp400_load100,2.4,baseline,500.0,60.0,500.0,0.0,165.0,540.7684,60.0,60.0,50.0,0.0,0.0,0.0,50.0,50.0,
sp400_load100,2.5,baseline,500.0,60.0,500.0,0.0,165.0,540.7931,60.0,60.0,50.0,0.0,0.0,0.0,50.0,50.0,
sp400_load100,2.6,baseline,500.0,60.0,500.0,0.0,165.0,540.8172,60.0,60.0,50.0,0.0,0.0,0.0,50.0,50.0,
sp400_load100,2.7,baseline,500.0,60.0,500.0,0.0,165.0,540.8409,60.0,60.0,50.0,0.0,0.0,0.0,50.0,50.0,
sp400_load100,2.8,baseline,500.0,60.0,500.0,0.0,165.0,540.864,60.0,60.0,50.0,0.0,0.0,0.0,50.0,50.0,
sp400_load100,2.9,baseline,500.0,60.0,500.0,0.0,165.0,540.8868,60.0,60.0,50.0,0.0,0.0,0.0,50.0,50.0,
sp400_load100,3.0,baseline,500.0,60.0,500.0,0.0,165.0,540.909,60.0,60.0,50.0,0.0,0.0,0.0,50.0,50.0,
sp400_load100,3.1,baseline,500.0,60.0,500.0,0.0,165.0,540.9309,60.0,60.0,50.0,0.0,0.0,0.0,50.0,50.0,
sp400_load100,3.2,baseline,500.0,60.0,500.0,0.0,165.0,540.9522,60.0,60.0,50.0,0.0,0.0,0.0,50.0,50.0,
sp400_load100,3.3,baseline,500.0,60.0,500.0,0.0,165.0,540.9732,60.0,60.0,50.0,0.0,0.0,0.0,50.0,50.0,
sp400_load100,3.4,baseline,500.0,60.0,500.0,0.0,165.0,540.9937,60.0,60.0,50.0,0.0,0.0,0.0,50.0,50.0,
sp400_load100,3.5,baseline,500.0,60.0,500.0,0.0,165.0,541.0139,60.0,60.0,50.0,0.0,0.0,0.0,50.0,50.0,
sp400_load100,3.6,baseline,500.0,60.0,500.0,0.0,165.0,541.0336,60.0,60.0,50.0,0.0,0.0,0.0,50.0,50.0,
sp400_load100,3.7,baseline,500.0,60.0,500.0,0.0,165.0,541.0529,60.0,60.0,50.0,0.0,0.0,0.0,50.0,50.0,
sp400_load100,3.8,baseline,500.0,60.0,500.0,0.0,165.0,541.0718,60.0,60.0,50.0,0.0,0.0,0.0,50.0,50.0,
sp400_load100,3.9,baseline,500.0,60.0,500.0,0.0,165.0,541.0904,60.0,60.0,50.0,0.0,0.0,0.0,50.0,50.0,
sp400_load100,4.0,baseline,500.0,60.0,500.0,0.0,165.0,541.1086,60.0,60.0,50.0,0.0,0.0,0.0,50.0,50.0,
sp400_load100,4.1,baseline,500.0,60.0,500.0,0.0,165.0,541.1264,60.0,60.0,50.0,0.0,0.0,0.0,50.0,50.0,
sp400_load100,4.2,baseline,500.0,60.0,500.0,0.0,165.0,541.1439,60.0,60.0,50.0,0.0,0.0,0.0,50.0,50.0,
sp400_load100,4.3,baseline,500.0,60.0,500.0,0.0,165.0,541.161,60.0,60.0,50.0,0.0,0.0,0.0,50.0,50.0,
sp400_load100,4.4,baseline,500.0,60.0,500.0,0.0,165.0,541.1778,60.0,60.0,50.0,0.0,0.0,0.0,50.0,50.0,
sp400_load100,4.5,baseline,500.0,60.0,500.0,0.0,165.0,541.1942,60.0,60.0,50.0,0.0,0.0,0.0,50.0,50.0,
sp400_load100,4.6,baseline,500.0,60.0,500.0,0.0,165.0,541.2104,60.0,60.0,50.0,0.0,0.0,0.0,50.0,50.0,
sp400_load100,4.7,baseline,500.0,60.0,500.0,0.0,165.0,541.2262,60.0,60.0,50.0,0.0,0.0,0.0,50.0,50.0,
sp400_load100,4.8,baseline,500.0,60.0,500.0,0.0,165.0,541.2416,60.0,60.0,50.0,0.0,0.0,0.0,50.0,50.0,
sp400_load100,4.9,baseline,500.0,60.0,500.0,0.0,165.0,541.2568,60.0,60.0,50.0,0.0,0.0,0.0,50.0,50.0,
sp400_load100,5.0,baseline,500.0,60.0,500.0,0.0,165.0,541.2717,60.0,60.0,50.0,0.0,0.0,0.0,50.0,50.0,
sp400_load100,5.1,baseline,500.0,60.0,500.0,0.0,165.0,541.2862,60.0,60.0,50.0,0.0,0.0,0.0,50.0,50.0,
sp400_load100,5.2,baseline,500.0,60.0,500.0,0.0,165.0,541.3005,60.0,60.0,50.0,0.0,0.0,0.0,50.0,50.0,
sp400_load100,5.3,baseline,500.0,60.0,500.0,0.0,165.0,541.3145,60.0,60.0,50.0,0.0,0.0,0.0,50.0,50.0,
sp400_load100,5.4,baseline,500.0,60.0,500.0,0.0,165.0,541.3282,60.0,60.0,50.0,0.0,0.0,0.0,50.0,50.0,
sp400_load100,5.5,baseline,500.0,60.0,500.0,0.0,165.0,541.3416,60.0,60.0,50.0,0.0,0.0,0.0,50.0,50.0,
sp400_load100,5.6,baseline,500.0,60.0,500.0,0.0,165.0,541.3548,60.0,60.0,50.0,0.0,0.0,0.0,50.0,50.0,
sp400_load100,5.7,baseline,500.0,60.0,500.0,0.0,165.0,541.3677,60.0,60.0,50.0,0.0,0.0,0.0,50.0,50.0,
sp400_load100,5.8,baseline,500.0,60.0,500.0,0.0,165.0,541.3804,60.0,60.0,50.0,0.0,0.0,0.0,50.0,50.0,
sp400_load100,5.9,baseline,500.0,60.0,500.0,0.0,165.0,541.3927,60.0,60.0,50.0,0.0,0.0,0.0,50.0,50.0,
sp400_load100,6.0,baseline,500.0,60.0,500.0,0.0,165.0,541.4049,60.0,60.0,50.0,0.0,0.0,0.0,50.0,50.0,
sp400_load100,6.1,baseline,500.0,60.0,500.0,0.0,165.0,541.4168,60.0,60.0,50.0,0.0,0.0,0.0,50.0,50.0,
sp400_load100,6.2,baseline,500.0,60.0,500.0,0.0,165.0,541.4285,60.0,60.0,50.0,0.0,0.0,0.0,50.0,50.0,
sp400_load100,6.3,baseline,500.0,60.0,500.0,0.0,165.0,541.4399,60.0,60.0,50.0,0.0,0.0,0.0,50.0,50.0,
sp400_load100,6.4,baseline,500.0,60.0,500.0,0.0,165.0,541.4511,60.0,60.0,50.0,0.0,0.0,0.0,50.0,50.0,
sp400_load100,6.5,baseline,500.0,60.0,500.0,0.0,165.0,541.4621,60.0,60.0,50.0,0.0,0.0,0.0,50.0,50.0,
sp400_load100,6.6,baseline,500.0,60.0,500.0,0.0,165.0,541.4728,60.0,60.0,50.0,0.0,0.0,0.0,50.0,50.0,
sp400_load100,6.7,baseline,500.0,60.0,500.0,0.0,165.0,541.4834,60.0,60.0,50.0,0.0,0.0,0.0,50.0,50.0,
sp400_load100,6.8,baseline,500.0,60.0,500.0,0.0,165.0,541.4937,60.0,60.0,50.0,0.0,0.0,0.0,50.0,50.0,
sp400_load100,6.9,baseline,500.0,60.0,500.0,0.0,165.0,541.5038,60.0,60.0,50.0,0.0,0.0,0.0,50.0,50.0,
sp400_load100,7.0,baseline,500.0,60.0,500.0,0.0,165.0,541.5138,60.0,60.0,50.0,0.0,0.0,0.0,50.0,50.0,
sp400_load100,7.1,baseline,500.0,60.0,500.0,0.0,165.0,541.5235,60.0,60.0,50.0,0.0,0.0,0.0,50.0,50.0,
sp400_load100,7.2,baseline,500.0,60.0,500.0,0.0,165.0,541.533,60.0,60.0,50.0,0.0,0.0,0.0,50.0,50.0,
sp400_load100,7.3,baseline,500.0,60.0,500.0,0.0,165.0,541.5423,60.0,60.0,50.0,0.0,0.0,0.0,50.0,50.0,
sp400_load100,7.4,baseline,500.0,60.0,500.0,0.0,165.0,541.5515,60.0,60.0,50.0,0.0,0.0,0.0,50.0,50.0,
sp400_load100,7.5,baseline,500.0,60.0,500.0,0.0,165.0,541.5605,60.0,60.0,50.0,0.0,0.0,0.0,50.0,50.0,
sp400_load100,7.6,baseline,500.0,60.0,500.0,0.0,165.0,541.5693,60.0,60.0,50.0,0.0,0.0,0.0,50.0,50.0,
sp400_load100,7.7,baseline,500.0,60.0,500.0,0.0,165.0,541.5779,60.0,60.0,50.0,0.0,0.0,0.0,50.0,50.0,
sp400_load100,7.8,baseline,500.0,60.0,500.0,0.0,165.0,541.5863,60.0,60.0,50.0,0.0,0.0,0.0,50.0,50.0,
sp400_load100,7.9,baseline,500.0,60.0,500.0,0.0,165.0,541.5946,60.0,60.0,50.0,0.0,0.0,0.0,50.0,50.0,
sp400_load100,8.0,baseline,500.0,60.0,500.0,0.0,165.0,541.6027,60.0,60.0,50.0,0.0,0.0,0.0,50.0,50.0,
sp400_load100,8.1,baseline,500.0,60.0,500.0,0.0,165.0,541.6106,60.0,60.0,50.0,0.0,0.0,0.0,50.0,50.0,
sp400_load100,8.2,baseline,500.0,60.0,500.0,0.0,165.0,541.6184,60.0,60.0,50.0,0.0,0.0,0.0,50.0,50.0,
sp400_load100,8.3,baseline,500.0,60.0,500.0,0.0,165.0,541.6261,60.0,60.0,50.0,0.0,0.0,0.0,50.0,50.0,
sp400_load100,8.4,baseline,500.0,60.0,500.0,0.0,165.0,541.6335,60.0,60.0,50.0,0.0,0.0,0.0,50.0,50.0,
sp400_load100,8.5,baseline,500.0,60.0,500.0,0.0,165.0,541.6409,60.0,60.0,50.0,0.0,0.0,0.0,50.0,50.0,
sp400_load100,8.6,baseline,500.0,60.0,500.0,0.0,165.0,541.6481,60.0,60.0,50.0,0.0,0.0,0.0,50.0,50.0,
sp400_load100,8.7,baseline,500.0,60.0,500.0,0.0,165.0,541.6551,60.0,60.0,50.0,0.0,0.0,0.0,50.0,50.0,
sp400_load100,8.8,baseline,500.0,60.0,500.0,0.0,165.0,541.662,60.0,60.0,50.0,0.0,0.0,0.0,50.0,50.0,
sp400_load100,8.9,baseline,500.0,60.0,500.0,0.0,165.0,541.6688,60.0,60.0,50.0,0.0,0.0,0.0,50.0,50.0,
sp400_load100,9.0,baseline,500.0,60.0,500.0,0.0,165.0,541.6754,60.0,60.0,50.0,0.0,0.0,0.0,50.0,50.0,
sp400_load100,9.1,baseline,500.0,60.0,500.0,0.0,165.0,541.6819,60.0,60.0,50.0,0.0,0.0,0.0,50.0,50.0,
sp400_load100,9.2,baseline,500.0,60.0,500.0,0.0,165.0,541.6882,60.0,60.0,50.0,0.0,0.0,0.0,50.0,50.0,
sp400_load100,9.3,baseline,500.0,60.0,500.0,0.0,165.0,541.6945,60.0,60.0,50.0,0.0,0.0,0.0,50.0,50.0,
sp400_load100,9.4,baseline,500.0,60.0,500.0,0.0,165.0,541.7006,60.0,60.0,50.0,0.0,0.0,0.0,50.0,50.0,
sp400_load100,9.5,baseline,500.0,60.0,500.0,0.0,165.0,541.7066,60.0,60.0,50.0,0.0,0.0,0.0,50.0,50.0,
sp400_load100,9.6,baseline,500.0,60.0,500.0,0.0,165.0,541.7124,60.0,60.0,50.0,0.0,0.0,0.0,50.0,50.0,
sp400_load100,9.7,baseline,500.0,60.0,500.0,0.0,165.0,541.7182,60.0,60.0,50.0,0.0,0.0,0.0,50.0,50.0,
sp400_load100,9.8,baseline,500.0,60.0,500.0,0.0,165.0,541.7238,60.0,60.0,50.0,0.0,0.0,0.0,50.0,50.0,
sp400_load100,9.9,baseline,500.0,60.0,500.0,0.0,165.0,541.7293,60.0,60.0,50.0,0.0,0.0,0.0,50.0,50.0,
sp400_load100,10.0,baseline,500.0,60.0,500.0,0.0,165.0,541.7348,60.0,60.0,50.0,0.0,0.0,0.0,50.0,50.0,
sp400_load100,10.1,baseline,500.0,60.0,500.0,0.0,165.0,541.7401,60.0,60.0,50.0,0.0,0.0,0.0,50.0,50.0,
sp400_load100,10.2,baseline,500.0,60.0,500.0,0.0,165.0,541.7453,60.0,60.0,50.0,0.0,0.0,0.0,50.0,50.0,
sp400_load100,10.3,baseline,500.0,60.0,500.0,0.0,165.0,541.7504,60.0,60.0,50.0,0.0,0.0,0.0,50.0,50.0,
sp400_load100,10.4,baseline,500.0,60.0,500.0,0.0,165.0,541.7554,60.0,60.0,50.0,0.0,0.0,0.0,50.0,50.0,
sp400_load100,10.5,baseline,500.0,60.0,500.0,0.0,165.0,541.7602,60.0,60.0,50.0,0.0,0.0,0.0,50.0,50.0,
sp400_load100,10.6,baseline,500.0,60.0,500.0,0.0,165.0,541.765,60.0,60.0,50.0,0.0,0.0,0.0,50.0,50.0,
sp400_load100,10.7,baseline,500.0,60.0,500.0,0.0,165.0,541.7697,60.0,60.0,50.0,0.0,0.0,0.0,50.0,50.0,
sp400_load100,10.8,baseline,500.0,60.0,500.0,0.0,165.0,541.7743,60.0,60.0,50.0,0.0,0.0,0.0,50.0,50.0,
sp400_load100,10.9,baseline,500.0,60.0,500.0,0.0,165.0,541.7789,60.0,60.0,50.0,0.0,0.0,0.0,50.0,50.0,
sp400_load100,11.0,baseline,500.0,60.0,500.0,0.0,165.0,541.7833,60.0,60.0,50.0,0.0,0.0,0.0,50.0,50.0,
sp400_load100,11.1,baseline,500.0,60.0,500.0,0.0,165.0,541.7876,60.0,60.0,50.0,0.0,0.0,0.0,50.0,50.0,
sp400_load100,11.2,baseline,500.0,60.0,500.0,0.0,165.0,541.7919,60.0,60.0,50.0,0.0,0.0,0.0,50.0,50.0,
sp400_load100,11.3,baseline,500.0,60.0,500.0,0.0,165.0,541.796,60.0,60.0,50.0,0.0,0.0,0.0,50.0,50.0,
sp400_load100,11.4,baseline,500.0,60.0,500.0,0.0,165.0,541.8001,60.0,60.0,50.0,0.0,0.0,0.0,50.0,50.0,
sp400_load100,11.5,baseline,500.0,60.0,500.0,0.0,165.0,541.8041,60.0,60.0,50.0,0.0,0.0,0.0,50.0,50.0,
sp400_load100,11.6,baseline,500.0,60.0,500.0,0.0,165.0,541.808,60.0,60.0,50.0,0.0,0.0,0.0,50.0,50.0,
sp400_load100,11.7,baseline,500.0,60.0,500.0,0.0,165.0,541.8119,60.0,60.0,50.0,0.0,0.0,0.0,50.0,50.0,
sp400_load100,11.8,baseline,500.0,60.0,500.0,0.0,165.0,541.8156,60.0,60.0,50.0,0.0,0.0,0.0,50.0,50.0,
sp400_load100,11.9,baseline,500.0,60.0,500.0,0.0,165.0,541.8193,60.0,60.0,50.0,0.0,0.0,0.0,50.0,50.0,
sp400_load100,12.0,baseline,500.0,60.0,500.0,0.0,165.0,541.8229,60.0,60.0,50.0,0.0,0.0,0.0,50.0,50.0,
sp400_load100,12.1,baseline,500.0,60.0,500.0,0.0,165.0,541.8265,60.0,60.0,50.0,0.0,0.0,0.0,50.0,50.0,
sp400_load100,12.2,baseline,500.0,60.0,500.0,0.0,165.0,541.8299,60.0,60.0,50.0,0.0,0.0,0.0,50.0,50.0,
sp400_load100,12.3,baseline,500.0,60.0,500.0,0.0,165.0,541.8333,60.0,60.0,50.0,0.0,0.0,0.0,50.0,50.0,
sp400_load100,12.4,baseline,500.0,60.0,500.0,0.0,165.0,541.8367,60.0,60.0,50.0,0.0,0.0,0.0,50.0,50.0,
sp400_load100,12.5,baseline,500.0,60.0,500.0,0.0,165.0,541.8399,60.0,60.0,50.0,0.0,0.0,0.0,50.0,50.0,
sp400_load100,12.6,baseline,500.0,60.0,500.0,0.0,165.0,541.8431,60.0,60.0,50.0,0.0,0.0,0.0,50.0,50.0,
sp400_load100,12.7,baseline,500.0,60.0,500.0,0.0,165.0,541.8463,60.0,60.0,50.0,0.0,0.0,0.0,50.0,50.0,
sp400_load100,12.8,baseline,500.0,60.0,500.0,0.0,165.0,541.8494,60.0,60.0,50.0,0.0,0.0,0.0,50.0,50.0,
sp400_load100,12.9,baseline,500.0,60.0,500.0,0.0,165.0,541.8524,60.0,60.0,50.0,0.0,0.0,0.0,50.0,50.0,
sp400_load100,13.0,baseline,500.0,60.0,500.0,0.0,165.0,541.8553,60.0,60.0,50.0,0.0,0.0,0.0,50.0,50.0,
sp400_load100,13.1,baseline,500.0,60.0,500.0,0.0,165.0,541.8582,60.0,60.0,50.0,0.0,0.0,0.0,50.0,50.0,
sp400_load100,13.2,baseline,500.0,60.0,500.0,0.0,165.0,541.861,60.0,60.0,50.0,0.0,0.0,0.0,50.0,50.0,
sp400_load100,13.3,baseline,500.0,60.0,500.0,0.0,165.0,541.8638,60.0,60.0,50.0,0.0,0.0,0.0,50.0,50.0,
sp400_load100,13.4,baseline,500.0,60.0,500.0,0.0,165.0,541.8665,60.0,60.0,50.0,0.0,0.0,0.0,50.0,50.0,
sp400_load100,13.5,baseline,500.0,60.0,500.0,0.0,165.0,541.8692,60.0,60.0,50.0,0.0,0.0,0.0,50.0,50.0,
sp400_load100,13.6,baseline,500.0,60.0,500.0,0.0,165.0,541.8718,60.0,60.0,50.0,0.0,0.0,0.0,50.0,50.0,
sp400_load100,13.7,baseline,500.0,60.0,500.0,0.0,165.0,541.8744,60.0,60.0,50.0,0.0,0.0,0.0,50.0,50.0,
sp400_load100,13.8,baseline,500.0,60.0,500.0,0.0,165.0,541.8769,60.0,60.0,50.0,0.0,0.0,0.0,50.0,50.0,
sp400_load100,13.9,baseline,500.0,60.0,500.0,0.0,165.0,541.8794,60.0,60.0,50.0,0.0,0.0,0.0,50.0,50.0,
sp400_load100,14.0,baseline,500.0,60.0,500.0,0.0,165.0,541.8818,60.0,60.0,50.0,0.0,0.0,0.0,50.0,50.0,
sp400_load100,14.1,baseline,500.0,60.0,500.0,0.0,165.0,541.8841,60.0,60.0,50.0,0.0,0.0,0.0,50.0,50.0,
sp400_load100,14.2,baseline,500.0,60.0,500.0,0.0,165.0,541.8865,60.0,60.0,50.0,0.0,0.0,0.0,50.0,50.0,
sp400_load100,14.3,baseline,500.0,60.0,500.0,0.0,165.0,541.8887,60.0,60.0,50.0,0.0,0.0,0.0,50.0,50.0,
sp400_load100,14.4,baseline,500.0,60.0,500.0,0.0,165.0,541.891,60.0,60.0,50.0,0.0,0.0,0.0,50.0,50.0,
sp400_load100,14.5,baseline,500.0,60.0,500.0,0.0,165.0,541.8931,60.0,60.0,50.0,0.0,0.0,0.0,50.0,50.0,
sp400_load100,14.6,baseline,500.0,60.0,500.0,0.0,165.0,541.8953,60.0,60.0,50.0,0.0,0.0,0.0,50.0,50.0,
sp400_load100,14.7,baseline,500.0,60.0,500.0,0.0,165.0,541.8974,60.0,60.0,50.0,0.0,0.0,0.0,50.0,50.0,
sp400_load100,14.8,baseline,500.0,60.0,500.0,0.0,165.0,541.8994,60.0,60.0,50.0,0.0,0.0,0.0,50.0,50.0,
sp400_load100,14.9,baseline,500.0,60.0,500.0,0.0,165.0,541.9014,60.0,60.0,50.0,0.0,0.0,0.0,50.0,50.0,
sp400_load100,15.0,baseline,500.0,60.0,500.0,0.0,165.0,541.9034,60.0,60.0,50.0,0.0,0.0,0.0,50.0,50.0,
sp400_load100,15.1,baseline,500.0,60.0,500.0,0.0,165.0,541.9053,60.0,60.0,50.0,0.0,0.0,0.0,50.0,50.0,
sp400_load100,15.2,baseline,500.0,60.0,500.0,0.0,165.0,541.9072,60.0,60.0,50.0,0.0,0.0,0.0,50.0,50.0,
sp400_load100,15.3,baseline,500.0,60.0,500.0,0.0,165.0,541.9091,60.0,60.0,50.0,0.0,0.0,0.0,50.0,50.0,
sp400_load100,15.4,baseline,500.0,60.0,500.0,0.0,165.0,541.9109,60.0,60.0,50.0,0.0,0.0,0.0,50.0,50.0,
sp400_load100,15.5,baseline,500.0,60.0,500.0,0.0,165.0,541.9127,60.0,60.0,50.0,0.0,0.0,0.0,50.0,50.0,
sp400_load100,15.6,baseline,500.0,60.0,500.0,0.0,165.0,541.9144,60.0,60.0,50.0,0.0,0.0,0.0,50.0,50.0,
sp400_load100,15.7,baseline,500.0,60.0,500.0,0.0,165.0,541.9161,60.0,60.0,50.0,0.0,0.0,0.0,50.0,50.0,
sp400_load100,15.8,baseline,500.0,60.0,500.0,0.0,165.0,541.9178,60.0,60.0,50.0,0.0,0.0,0.0,50.0,50.0,
sp400_load100,15.9,baseline,500.0,60.0,500.0,0.0,165.0,541.9195,60.0,60.0,50.0,0.0,0.0,0.0,50.0,50.0,
sp400_load100,16.0,baseline,500.0,60.0,500.0,0.0,165.0,541.9211,60.0,60.0,50.0,0.0,0.0,0.0,50.0,50.0,
sp400_load100,16.1,baseline,500.0,60.0,500.0,0.0,165.0,541.9227,60.0,60.0,50.0,0.0,0.0,0.0,50.0,50.0,
sp400_load100,16.2,baseline,500.0,60.0,500.0,0.0,165.0,541.9242,60.0,60.0,50.0,0.0,0.0,0.0,50.0,50.0,
sp400_load100,16.3,baseline,500.0,60.0,500.0,0.0,165.0,541.9257,60.0,60.0,50.0,0.0,0.0,0.0,50.0,50.0,
sp400_load100,16.4,baseline,500.0,60.0,500.0,0.0,165.0,541.9272,60.0,60.0,50.0,0.0,0.0,0.0,50.0,50.0,
sp400_load100,16.5,baseline,500.0,60.0,500.0,0.0,165.0,541.9287,60.0,60.0,50.0,0.0,0.0,0.0,50.0,50.0,
sp400_load100,16.6,baseline,500.0,60.0,500.0,0.0,165.0,541.9301,60.0,60.0,50.0,0.0,0.0,0.0,50.0,50.0,
sp400_load100,16.7,baseline,500.0,60.0,500.0,0.0,165.0,541.9315,60.0,60.0,50.0,0.0,0.0,0.0,50.0,50.0,
sp400_load100,16.8,baseline,500.0,60.0,500.0,0.0,165.0,541.9329,60.0,60.0,50.0,0.0,0.0,0.0,50.0,50.0,
sp400_load100,16.9,baseline,500.0,60.0,500.0,0.0,165.0,541.9342,60.0,60.0,50.0,0.0,0.0,0.0,50.0,50.0,
sp400_load100,17.0,baseline,500.0,60.0,500.0,0.0,165.0,541.9355,60.0,60.0,50.0,0.0,0.0,0.0,50.0,50.0,
sp400_load100,17.1,baseline,500.0,60.0,500.0,0.0,165.0,541.9368,60.0,60.0,50.0,0.0,0.0,0.0,50.0,50.0,
sp400_load100,17.2,baseline,500.0,60.0,500.0,0.0,165.0,541.9381,60.0,60.0,50.0,0.0,0.0,0.0,50.0,50.0,
sp400_load100,17.3,baseline,500.0,60.0,500.0,0.0,165.0,541.9393,60.0,60.0,50.0,0.0,0.0,0.0,50.0,50.0,
sp400_load100,17.4,baseline,500.0,60.0,500.0,0.0,165.0,541.9405,60.0,60.0,50.0,0.0,0.0,0.0,50.0,50.0,
sp400_load100,17.5,baseline,500.0,60.0,500.0,0.0,165.0,541.9417,60.0,60.0,50.0,0.0,0.0,0.0,50.0,50.0,
sp400_load100,17.6,baseline,500.0,60.0,500.0,0.0,165.0,541.9429,60.0,60.0,50.0,0.0,0.0,0.0,50.0,50.0,
sp400_load100,17.7,baseline,500.0,60.0,500.0,0.0,165.0,541.944,60.0,60.0,50.0,0.0,0.0,0.0,50.0,50.0,
sp400_load100,17.8,baseline,500.0,60.0,500.0,0.0,165.0,541.9451,60.0,60.0,50.0,0.0,0.0,0.0,50.0,50.0,
sp400_load100,17.9,baseline,500.0,60.0,500.0,0.0,165.0,541.9462,60.0,60.0,50.0,0.0,0.0,0.0,50.0,50.0,
sp400_load100,18.0,baseline,500.0,60.0,500.0,0.0,165.0,541.9473,60.0,60.0,50.0,0.0,0.0,0.0,50.0,50.0,
sp400_load100,18.1,baseline,500.0,60.0,500.0,0.0,165.0,541.9484,60.0,60.0,50.0,0.0,0.0,0.0,50.0,50.0,
sp400_load100,18.2,baseline,500.0,60.0,500.0,0.0,165.0,541.9494,60.0,60.0,50.0,0.0,0.0,0.0,50.0,50.0,
sp400_load100,18.3,baseline,500.0,60.0,500.0,0.0,165.0,541.9504,60.0,60.0,50.0,0.0,0.0,0.0,50.0,50.0,
sp400_load100,18.4,baseline,500.0,60.0,500.0,0.0,165.0,541.9514,60.0,60.0,50.0,0.0,0.0,0.0,50.0,50.0,
sp400_load100,18.5,baseline,500.0,60.0,500.0,0.0,165.0,541.9524,60.0,60.0,50.0,0.0,0.0,0.0,50.0,50.0,
sp400_load100,18.6,baseline,500.0,60.0,500.0,0.0,165.0,541.9533,60.0,60.0,50.0,0.0,0.0,0.0,50.0,50.0,
sp400_load100,18.7,baseline,500.0,60.0,500.0,0.0,165.0,541.9543,60.0,60.0,50.0,0.0,0.0,0.0,50.0,50.0,
sp400_load100,18.8,baseline,500.0,60.0,500.0,0.0,165.0,541.9552,60.0,60.0,50.0,0.0,0.0,0.0,50.0,50.0,
sp400_load100,18.9,baseline,500.0,60.0,500.0,0.0,165.0,541.9561,60.0,60.0,50.0,0.0,0.0,0.0,50.0,50.0,
sp400_load100,19.0,baseline,500.0,60.0,500.0,0.0,165.0,541.9569,60.0,60.0,50.0,0.0,0.0,0.0,50.0,50.0,
sp400_load100,19.1,baseline,500.0,60.0,500.0,0.0,165.0,541.9578,60.0,60.0,50.0,0.0,0.0,0.0,50.0,50.0,
sp400_load100,19.2,baseline,500.0,60.0,500.0,0.0,165.0,541.9587,60.0,60.0,50.0,0.0,0.0,0.0,50.0,50.0,
sp400_load100,19.3,baseline,500.0,60.0,500.0,0.0,165.0,541.9595,60.0,60.0,50.0,0.0,0.0,0.0,50.0,50.0,
sp400_load100,19.4,baseline,500.0,60.0,500.0,0.0,165.0,541.9603,60.0,60.0,50.0,0.0,0.0,0.0,50.0,50.0,
sp400_load100,19.5,baseline,500.0,60.0,500.0,0.0,165.0,541.9611,60.0,60.0,50.0,0.0,0.0,0.0,50.0,50.0,
sp400_load100,19.6,baseline,500.0,60.0,500.0,0.0,165.0,541.9619,60.0,60.0,50.0,0.0,0.0,0.0,50.0,50.0,
sp400_load100,19.7,baseline,500.0,60.0,500.0,0.0,165.0,541.9626,60.0,60.0,50.0,0.0,0.0,0.0,50.0,50.0,
sp400_load100,19.8,baseline,500.0,60.0,500.0,0.0,165.0,541.9634,60.0,60.0,50.0,0.0,0.0,0.0,50.0,50.0,
sp400_load100,19.9,baseline,500.0,60.0,500.0,0.0,165.0,541.9641,60.0,60.0,50.0,0.0,0.0,0.0,50.0,50.0,
sp400_load100,20.0,baseline,500.0,60.0,500.0,0.0,165.0,541.9648,60.0,60.0,50.0,0.0,0.0,0.0,50.0,50.0,
sp400_load100,20.1,baseline,500.0,60.0,500.0,0.0,165.0,541.9655,60.0,60.0,50.0,0.0,0.0,0.0,50.0,50.0,
sp400_load100,20.2,baseline,500.0,60.0,500.0,0.0,165.0,541.9662,60.0,60.0,50.0,0.0,0.0,0.0,50.0,50.0,
sp400_load100,20.3,baseline,500.0,60.0,500.0,0.0,165.0,541.9669,60.0,60.0,50.0,0.0,0.0,0.0,50.0,50.0,
sp400_load100,20.4,baseline,500.0,60.0,500.0,0.0,165.0,541.9676,60.0,60.0,50.0,0.0,0.0,0.0,50.0,50.0,
sp400_load100,20.5,baseline,500.0,60.0,500.0,0.0,165.0,541.9682,60.0,60.0,50.0,0.0,0.0,0.0,50.0,50.0,
sp400_load100,20.6,baseline,500.0,60.0,500.0,0.0,165.0,541.9688,60.0,60.0,50.0,0.0,0.0,0.0,50.0,50.0,
sp400_load100,20.7,baseline,500.0,60.0,500.0,0.0,165.0,541.9695,60.0,60.0,50.0,0.0,0.0,0.0,50.0,50.0,
sp400_load100,20.8,baseline,500.0,60.0,500.0,0.0,165.0,541.9701,60.0,60.0,50.0,0.0,0.0,0.0,50.0,50.0,
sp400_load100,20.9,baseline,500.0,60.0,500.0,0.0,165.0,541.9707,60.0,60.0,50.0,0.0,0.0,0.0,50.0,50.0,
sp400_load100,21.0,baseline,500.0,60.0,500.0,0.0,165.0,541.9713,60.0,60.0,50.0,0.0,0.0,0.0,50.0,50.0,
sp400_load100,21.1,baseline,500.0,60.0,500.0,0.0,165.0,541.9718,60.0,60.0,50.0,0.0,0.0,0.0,50.0,50.0,
sp400_load100,21.2,baseline,500.0,60.0,500.0,0.0,165.0,541.9724,60.0,60.0,50.0,0.0,0.0,0.0,50.0,50.0,
sp400_load100,21.3,baseline,500.0,60.0,500.0,0.0,165.0,541.9729,60.0,60.0,50.0,0.0,0.0,0.0,50.0,50.0,
sp400_load100,21.4,baseline,500.0,60.0,500.0,0.0,165.0,541.9735,60.0,60.0,50.0,0.0,0.0,0.0,50.0,50.0,
sp400_load100,21.5,baseline,500.0,60.0,500.0,0.0,165.0,541.974,60.0,60.0,50.0,0.0,0.0,0.0,50.0,50.0,
sp400_load100,21.6,baseline,500.0,60.0,500.0,0.0,165.0,541.9745,60.0,60.0,50.0,0.0,0.0,0.0,50.0,50.0,
sp400_load100,21.7,baseline,500.0,60.0,500.0,0.0,165.0,541.975,60.0,60.0,50.0,0.0,0.0,0.0,50.0,50.0,
sp400_load100,21.8,baseline,500.0,60.0,500.0,0.0,165.0,541.9755,60.0,60.0,50.0,0.0,0.0,0.0,50.0,50.0,
sp400_load100,21.9,baseline,500.0,60.0,500.0,0.0,165.0,541.976,60.0,60.0,50.0,0.0,0.0,0.0,50.0,50.0,
sp400_load100,22.0,baseline,500.0,60.0,500.0,0.0,165.0,541.9765,60.0,60.0,50.0,0.0,0.0,0.0,50.0,50.0,
sp400_load100,22.1,baseline,500.0,60.0,500.0,0.0,165.0,541.977,60.0,60.0,50.0,0.0,0.0,0.0,50.0,50.0,
sp400_load100,22.2,baseline,500.0,60.0,500.0,0.0,165.0,541.9774,60.0,60.0,50.0,0.0,0.0,0.0,50.0,50.0,
sp400_load100,22.3,baseline,500.0,60.0,500.0,0.0,165.0,541.9779,60.0,60.0,50.0,0.0,0.0,0.0,50.0,50.0,
sp400_load100,22.4,baseline,500.0,60.0,500.0,0.0,165.0,541.9783,60.0,60.0,50.0,0.0,0.0,0.0,50.0,50.0,
sp400_load100,22.5,baseline,500.0,60.0,500.0,0.0,165.0,541.9788,60.0,60.0,50.0,0.0,0.0,0.0,50.0,50.0,
sp400_load100,22.6,baseline,500.0,60.0,500.0,0.0,165.0,541.9792,60.0,60.0,50.0,0.0,0.0,0.0,50.0,50.0,
sp400_load100,22.7,baseline,500.0,60.0,500.0,0.0,165.0,541.9796,60.0,60.0,50.0,0.0,0.0,0.0,50.0,50.0,
sp400_load100,22.8,baseline,500.0,60.0,500.0,0.0,165.0,541.98,60.0,60.0,50.0,0.0,0.0,0.0,50.0,50.0,
sp400_load100,22.9,baseline,500.0,60.0,500.0,0.0,165.0,541.9804,60.0,60.0,50.0,0.0,0.0,0.0,50.0,50.0,
sp400_load100,23.0,baseline,500.0,60.0,500.0,0.0,165.0,541.9808,60.0,60.0,50.0,0.0,0.0,0.0,50.0,50.0,
sp400_load100,23.1,baseline,500.0,60.0,500.0,0.0,165.0,541.9812,60.0,60.0,50.0,0.0,0.0,0.0,50.0,50.0,
sp400_load100,23.2,baseline,500.0,60.0,500.0,0.0,165.0,541.9816,60.0,60.0,50.0,0.0,0.0,0.0,50.0,50.0,
sp400_load100,23.3,baseline,500.0,60.0,500.0,0.0,165.0,541.9819,60.0,60.0,50.0,0.0,0.0,0.0,50.0,50.0,
sp400_load100,23.4,baseline,500.0,60.0,500.0,0.0,165.0,541.9823,60.0,60.0,50.0,0.0,0.0,0.0,50.0,50.0,
sp400_load100,23.5,baseline,500.0,60.0,500.0,0.0,165.0,541.9827,60.0,60.0,50.0,0.0,0.0,0.0,50.0,50.0,
sp400_load100,23.6,baseline,500.0,60.0,500.0,0.0,165.0,541.983,60.0,60.0,50.0,0.0,0.0,0.0,50.0,50.0,
sp400_load100,23.7,baseline,500.0,60.0,500.0,0.0,165.0,541.9833,60.0,60.0,50.0,0.0,0.0,0.0,50.0,50.0,
sp400_load100,23.8,baseline,500.0,60.0,500.0,0.0,165.0,541.9837,60.0,60.0,50.0,0.0,0.0,0.0,50.0,50.0,
sp400_load100,23.9,baseline,500.0,60.0,500.0,0.0,165.0,541.984,60.0,60.0,50.0,0.0,0.0,0.0,50.0,50.0,
sp400_load100,24.0,baseline,500.0,60.0,500.0,0.0,165.0,541.9843,60.0,60.0,50.0,0.0,0.0,0.0,50.0,50.0,
sp400_load100,24.1,baseline,500.0,60.0,500.0,0.0,165.0,541.9846,60.0,60.0,50.0,0.0,0.0,0.0,50.0,50.0,
sp400_load100,24.2,baseline,500.0,60.0,500.0,0.0,165.0,541.9849,60.0,60.0,50.0,0.0,0.0,0.0,50.0,50.0,
sp400_load100,24.3,baseline,500.0,60.0,500.0,0.0,165.0,541.9852,60.0,60.0,50.0,0.0,0.0,0.0,50.0,50.0,
sp400_load100,24.4,baseline,500.0,60.0,500.0,0.0,165.0,541.9855,60.0,60.0,50.0,0.0,0.0,0.0,50.0,50.0,
sp400_load100,24.5,baseline,500.0,60.0,500.0,0.0,165.0,541.9858,60.0,60.0,50.0,0.0,0.0,0.0,50.0,50.0,
sp400_load100,24.6,baseline,500.0,60.0,500.0,0.0,165.0,541.9861,60.0,60.0,50.0,0.0,0.0,0.0,50.0,50.0,
sp400_load100,24.7,baseline,500.0,60.0,500.0,0.0,165.0,541.9864,60.0,60.0,50.0,0.0,0.0,0.0,50.0,50.0,
sp400_load100,24.8,baseline,500.0,60.0,500.0,0.0,165.0,541.9867,60.0,60.0,50.0,0.0,0.0,0.0,50.0,50.0,
sp400_load100,24.9,baseline,500.0,60.0,500.0,0.0,165.0,541.9869,60.0,60.0,50.0,0.0,0.0,0.0,50.0,50.0,
sp400_load100,25.0,baseline,500.0,60.0,500.0,0.0,165.0,541.9872,60.0,60.0,50.0,0.0,0.0,0.0,50.0,50.0,
sp400_load100,25.1,baseline,500.0,60.0,500.0,0.0,165.0,541.9874,60.0,60.0,50.0,0.0,0.0,0.0,50.0,50.0,
sp400_load100,25.2,baseline,500.0,60.0,500.0,0.0,165.0,541.9877,60.0,60.0,50.0,0.0,0.0,0.0,50.0,50.0,
sp400_load100,25.3,baseline,500.0,60.0,500.0,0.0,165.0,541.9879,60.0,60.0,50.0,0.0,0.0,0.0,50.0,50.0,
sp400_load100,25.4,baseline,500.0,60.0,500.0,0.0,165.0,541.9882,60.0,60.0,50.0,0.0,0.0,0.0,50.0,50.0,
sp400_load100,25.5,baseline,500.0,60.0,500.0,0.0,165.0,541.9884,60.0,60.0,50.0,0.0,0.0,0.0,50.0,50.0,
sp400_load100,25.6,baseline,500.0,60.0,500.0,0.0,165.0,541.9887,60.0,60.0,50.0,0.0,0.0,0.0,50.0,50.0,
sp400_load100,25.7,baseline,500.0,60.0,500.0,0.0,165.0,541.9889,60.0,60.0,50.0,0.0,0.0,0.0,50.0,50.0,
sp400_load100,25.8,baseline,500.0,60.0,500.0,0.0,165.0,541.9891,60.0,60.0,50.0,0.0,0.0,0.0,50.0,50.0,
sp400_load100,25.9,baseline,500.0,60.0,500.0,0.0,165.0,541.9893,60.0,60.0,50.0,0.0,0.0,0.0,50.0,50.0,
sp400_load100,26.0,baseline,500.0,60.0,500.0,0.0,165.0,541.9895,60.0,60.0,50.0,0.0,0.0,0.0,50.0,50.0,
sp400_load100,26.1,baseline,500.0,60.0,500.0,0.0,165.0,541.9897,60.0,60.0,50.0,0.0,0.0,0.0,50.0,50.0,
sp400_load100,26.2,baseline,500.0,60.0,500.0,0.0,165.0,541.9899,60.0,60.0,50.0,0.0,0.0,0.0,50.0,50.0,
sp400_load100,26.3,baseline,500.0,60.0,500.0,0.0,165.0,541.9901,60.0,60.0,50.0,0.0,0.0,0.0,50.0,50.0,
sp400_load100,26.4,baseline,500.0,60.0,500.0,0.0,165.0,541.9903,60.0,60.0,50.0,0.0,0.0,0.0,50.0,50.0,
sp400_load100,26.5,baseline,500.0,60.0,500.0,0.0,165.0,541.9905,60.0,60.0,50.0,0.0,0.0,0.0,50.0,50.0,
sp400_load100,26.6,baseline,500.0,60.0,500.0,0.0,165.0,541.9907,60.0,60.0,50.0,0.0,0.0,0.0,50.0,50.0,
sp400_load100,26.7,baseline,500.0,60.0,500.0,0.0,165.0,541.9909,60.0,60.0,50.0,0.0,0.0,0.0,50.0,50.0,
sp400_load100,26.8,baseline,500.0,60.0,500.0,0.0,165.0,541.9911,60.0,60.0,50.0,0.0,0.0,0.0,50.0,50.0,
sp400_load100,26.9,baseline,500.0,60.0,500.0,0.0,165.0,541.9913,60.0,60.0,50.0,0.0,0.0,0.0,50.0,50.0,
sp400_load100,27.0,baseline,500.0,60.0,500.0,0.0,165.0,541.9914,60.0,60.0,50.0,0.0,0.0,0.0,50.0,50.0,
sp400_load100,27.1,baseline,500.0,60.0,500.0,0.0,165.0,541.9916,60.0,60.0,50.0,0.0,0.0,0.0,50.0,50.0,
sp400_load100,27.2,baseline,500.0,60.0,500.0,0.0,165.0,541.9918,60.0,60.0,50.0,0.0,0.0,0.0,50.0,50.0,
sp400_load100,27.3,baseline,500.0,60.0,500.0,0.0,165.0,541.992,60.0,60.0,50.0,0.0,0.0,0.0,50.0,50.0,
sp400_load100,27.4,baseline,500.0,60.0,500.0,0.0,165.0,541.9921,60.0,60.0,50.0,0.0,0.0,0.0,50.0,50.0,
sp400_load100,27.5,baseline,500.0,60.0,500.0,0.0,165.0,541.9923,60.0,60.0,50.0,0.0,0.0,0.0,50.0,50.0,
sp400_load100,27.6,baseline,500.0,60.0,500.0,0.0,165.0,541.9924,60.0,60.0,50.0,0.0,0.0,0.0,50.0,50.0,
sp400_load100,27.7,baseline,500.0,60.0,500.0,0.0,165.0,541.9926,60.0,60.0,50.0,0.0,0.0,0.0,50.0,50.0,
sp400_load100,27.8,baseline,500.0,60.0,500.0,0.0,165.0,541.9927,60.0,60.0,50.0,0.0,0.0,0.0,50.0,50.0,
sp400_load100,27.9,baseline,500.0,60.0,500.0,0.0,165.0,541.9929,60.0,60.0,50.0,0.0,0.0,0.0,50.0,50.0,
sp400_load100,28.0,baseline,500.0,60.0,500.0,0.0,165.0,541.993,60.0,60.0,50.0,0.0,0.0,0.0,50.0,50.0,
sp400_load100,28.1,baseline,500.0,60.0,500.0,0.0,165.0,541.9932,60.0,60.0,50.0,0.0,0.0,0.0,50.0,50.0,
sp400_load100,28.2,baseline,500.0,60.0,500.0,0.0,165.0,541.9933,60.0,60.0,50.0,0.0,0.0,0.0,50.0,50.0,
sp400_load100,28.3,baseline,500.0,60.0,500.0,0.0,165.0,541.9934,60.0,60.0,50.0,0.0,0.0,0.0,50.0,50.0,
sp400_load100,28.4,baseline,500.0,60.0,500.0,0.0,165.0,541.9936,60.0,60.0,50.0,0.0,0.0,0.0,50.0,50.0,
sp400_load100,28.5,baseline,500.0,60.0,500.0,0.0,165.0,541.9937,60.0,60.0,50.0,0.0,0.0,0.0,50.0,50.0,
sp400_load100,28.6,baseline,500.0,60.0,500.0,0.0,165.0,541.9938,60.0,60.0,50.0,0.0,0.0,0.0,50.0,50.0,
sp400_load100,28.7,baseline,500.0,60.0,500.0,0.0,165.0,541.9939,60.0,60.0,50.0,0.0,0.0,0.0,50.0,50.0,
sp400_load100,28.8,baseline,500.0,60.0,500.0,0.0,165.0,541.9941,60.0,60.0,50.0,0.0,0.0,0.0,50.0,50.0,
sp400_load100,28.9,baseline,500.0,60.0,500.0,0.0,165.0,541.9942,60.0,60.0,50.0,0.0,0.0,0.0,50.0,50.0,
sp400_load100,29.0,baseline,500.0,60.0,500.0,0.0,165.0,541.9943,60.0,60.0,50.0,0.0,0.0,0.0,50.0,50.0,
sp400_load100,29.1,baseline,500.0,60.0,500.0,0.0,165.0,541.9944,60.0,60.0,50.0,0.0,0.0,0.0,50.0,50.0,
sp400_load100,29.2,baseline,500.0,60.0,500.0,0.0,165.0,541.9945,60.0,60.0,50.0,0.0,0.0,0.0,50.0,50.0,
sp400_load100,29.3,baseline,500.0,60.0,500.0,0.0,165.0,541.9946,60.0,60.0,50.0,0.0,0.0,0.0,50.0,50.0,
sp400_load100,29.4,baseline,500.0,60.0,500.0,0.0,165.0,541.9947,60.0,60.0,50.0,0.0,0.0,0.0,50.0,50.0,
sp400_load100,29.5,baseline,500.0,60.0,500.0,0.0,165.0,541.9948,60.0,60.0,50.0,0.0,0.0,0.0,50.0,50.0,
sp400_load100,29.6,baseline,500.0,60.0,500.0,0.0,165.0,541.9949,60.0,60.0,50.0,0.0,0.0,0.0,50.0,50.0,
sp400_load100,29.7,baseline,500.0,60.0,500.0,0.0,165.0,541.995,60.0,60.0,50.0,0.0,0.0,0.0,50.0,50.0,
sp400_load100,29.8,baseline,500.0,60.0,500.0,0.0,165.0,541.9951,60.0,60.0,50.0,0.0,0.0,0.0,50.0,50.0,
sp400_load100,29.9,baseline,500.0,60.0,500.0,0.0,165.0,541.9952,60.0,60.0,50.0,0.0,0.0,0.0,50.0,50.0,
sp400_load100,30.0,baseline,500.0,60.0,500.0,0.0,165.0,541.9953,60.0,60.0,50.0,0.0,0.0,0.0,50.0,50.0,
sp400_load100,30.1,response,400.0,100.0,498.608,-100.0,165.072,542.0402,63.2,40.0,33.3333,-15.0,-0.2,-50.0,83.3333,33.3333,
sp400_load100,30.2,response,400.0,100.0,499.5959,-98.608,165.2081,542.1254,66.144,82.6091,68.8409,-14.7912,-0.3972,0.696,83.3333,68.8409,
sp400_load100,30.3,response,400.0,100.0,500.3106,-99.5959,165.401,542.2469,68.8525,80.7643,67.3036,-14.9394,-0.5964,-0.494,83.3333,67.3036,
sp400_load100,30.4,response,400.0,100.0,500.8635,-100.3106,165.6442,542.4007,71.3443,80.5588,67.1324,-15.0466,-0.797,-0.3574,83.3333,67.1324,
sp400_load100,30.5,response,400.0,100.0,501.2641,-100.8635,165.9317,542.5836,73.6367,80.3143,66.9286,-15.1295,-0.9988,-0.2764,83.3333,66.9286,
sp400_load100,30.6,response,400.0,100.0,501.5248,-101.2641,166.2581,542.7924,75.7458,80.0905,66.7421,-15.1896,-1.2013,-0.2003,83.3333,66.7421,
sp400_load100,30.7,response,400.0,100.0,501.6567,-101.5248,166.6183,543.0242,77.6861,79.8839,66.5699,-15.2287,-1.4043,-0.1303,83.3333,66.5699,
sp400_load100,30.8,response,400.0,100.0,501.67,-101.6567,167.0078,543.2763,79.4712,79.6935,66.4112,-15.2485,-1.6076,-0.0659,83.3333,66.4112,
sp400_load100,30.9,response,400.0,100.0,501.5743,-101.67,167.4226,543.5464,81.1135,79.5182,66.2652,-15.2505,-1.811,-0.0067,83.3333,66.2652,
sp400_load100,31.0,response,400.0,100.0,501.3783,-101.5743,167.859,543.8322,82.6245,79.3571,66.1309,-15.2361,-2.0141,0.0479,83.3333,66.1309,
sp400_load100,31.1,response,400.0,100.0,501.09,-101.3783,168.3136,544.1317,84.0145,79.2093,66.0077,-15.2067,-2.2169,0.098,83.3333,66.0077,
sp400_load100,31.2,response,400.0,100.0,500.7168,-101.09,168.7833,544.4432,85.2933,79.0739,65.8949,-15.1635,-2.4191,0.1442,83.3333,65.8949,
sp400_load100,31.3,response,400.0,100.0,500.2656,-100.7168,169.2653,544.7649,86.4699,78.9503,65.7919,-15.1075,-2.6205,0.1866,83.3333,65.7919,
sp400_load100,31.4,response,400.0,100.0,499.7427,-100.2656,169.7573,545.0953,87.5523,78.8377,65.698,-15.0398,-2.821,0.2256,83.3333,65.698,
sp400_load100,31.5,response,400.0,100.0,499.154,-99.7427,170.2569,545.4331,88.5481,78.7354,65.6128,-14.9614,-3.0205,0.2614,83.3333,65.6128,
sp400_load100,31.6,response,400.0,100.0,498.5047,-99.154,170.7621,545.777,89.4643,78.6429,65.5358,-14.8731,-3.2188,0.2944,83.3333,65.5358,
sp400_load100,31.7,response,400.0,100.0,497.7998,-98.5047,171.2712,546.1257,90.3071,78.5597,65.4664,-14.7757,-3.4158,0.3246,83.3333,65.4664,
sp400_load100,31.8,response,400.0,100.0,497.044,-97.7998,171.7824,546.4784,91.0825,78.4852,65.4043,-14.67,-3.6114,0.3524,83.3333,65.4043,
sp400_load100,31.9,response,400.0,100.0,496.2414,-97.044,172.2944,546.8339,91.7959,78.4189,65.3491,-14.5566,-3.8055,0.3779,83.3333,65.3491,
sp400_load100,32.0,response,400.0,100.0,495.3959,-96.2414,172.8057,547.1916,92.4523,78.3605,65.3004,-14.4362,-3.998,0.4013,83.3333,65.3004,
sp400_load100,32.1,response,400.0,100.0,494.5111,-95.3959,173.3153,547.5505,93.0561,78.3095,65.2579,-14.3094,-4.1888,0.4228,83.3333,65.2579,
sp400_load100,32.2,response,400.0,100.0,493.5903,-94.5111,173.8221,547.9101,93.6116,78.2655,65.2212,-14.1767,-4.3778,0.4424,83.3333,65.2212,
sp400_load100,32.3,response,400.0,100.0,492.6367,-93.5903,174.3252,548.2696,94.1227,78.2282,65.1902,-14.0385,-4.565,0.4604,83.3333,65.1902,
sp400_load100,32.4,response,400.0,100.0,491.6529,-92.6367,174.8238,548.6285,94.5929,78.1973,65.1644,-13.8955,-4.7503,0.4768,83.3333,65.1644,
sp400_load100,32.5,response,400.0,100.0,490.6417,-91.6529,175.3171,548.9863,95.0254,78.1724,65.1437,-13.7479,-4.9336,0.4919,83.3333,65.1437,
sp400_load100,32.6,response,400.0,100.0,489.6055,-90.6417,175.8046,549.3425,95.4234,78.1534,65.1278,-13.5963,-5.1149,0.5056,83.3333,65.1278,
sp400_load100,32.7,response,400.0,100.0,488.5466,-89.6055,176.2858,549.6967,95.7895,78.1398,65.1165,-13.4408,-5.2941,0.5181,83.3333,65.1165,
sp400_load100,32.8,response,400.0,100.0,487.4669,-88.5466,176.76,550.0485,96.1264,78.1316,65.1097,-13.282,-5.4712,0.5295,83.3333,65.1097,
sp400_load100,32.9,response,400.0,100.0,486.3684,-87.4669,177.2271,550.3977,96.4363,78.1284,65.107,-13.12,-5.6461,0.5398,83.3333,65.107,
sp400_load100,33.0,response,400.0,100.0,485.2529,-86.3684,177.6865,550.7438,96.7214,78.1302,65.1085,-12.9553,-5.8188,0.5492,83.3333,65.1085,
sp400_load100,33.1,response,400.0,100.0,484.1221,-85.2529,178.138,551.0867,96.9836,78.1365,65.1138,-12.7879,-5.9893,0.5577,83.3333,65.1138,
sp400_load100,33.2,response,400.0,100.0,482.9774,-84.1221,178.5814,551.4261,97.225,78.1474,65.1228,-12.6183,-6.1576,0.5654,83.3333,65.1228,
sp400_load100,33.3,response,400.0,100.0,481.8204,-82.9774,179.0165,551.7619,97.447,78.1626,65.1355,-12.4466,-6.3235,0.5723,83.3333,65.1355,
sp400_load100,33.4,response,400.0,100.0,480.6522,-81.8204,179.4432,552.0937,97.6512,78.1819,65.1516,-12.2731,-6.4872,0.5785,83.3333,65.1516,
sp400_load100,33.5,response,400.0,100.0,479.4742,-80.6522,179.8613,552.4216,97.8391,78.2053,65.1711,-12.0978,-6.6485,0.5841,83.3333,65.1711,
sp400_load100,33.6,response,400.0,100.0,478.2874,-79.4742,180.2707,552.7454,98.012,78.2325,65.1938,-11.9211,-6.8074,0.589,83.3333,65.1938,
sp400_load100,33.7,response,400.0,100.0,477.093,-78.2874,180.6714,553.0648,98.171,78.2635,65.2196,-11.7431,-6.964,0.5934,83.3333,65.2196,
sp400_load100,33.8,response,400.0,100.0,475.8918,-77.093,181.0634,553.38,98.3173,78.2981,65.2484,-11.5639,-7.1182,0.5972,83.3333,65.2484,
sp400_load100,33.9,response,400.0,100.0,474.6849,-75.8918,181.4467,553.6907,98.4519,78.3362,65.2802,-11.3838,-7.27,0.6006,83.3333,65.2802,
sp400_load100,34.0,response,400.0,100.0,473.473,-74.6849,181.8213,553.997,98.5758,78.3777,65.3147,-11.2027,-7.4194,0.6035,83.3333,65.3147,
sp400_load100,34.1,response,400.0,100.0,472.257,-73.473,182.1871,554.2987,98.6897,78.4224,65.352,-11.0209,-7.5663,0.6059,83.3333,65.352,
sp400_load100,34.2,response,400.0,100.0,471.0375,-72.257,182.5444,554.5958,98.7946,78.4704,65.392,-10.8385,-7.7108,0.608,83.3333,65.392,
sp400_load100,34.3,response,400.0,100.0,469.8153,-71.0375,182.8931,554.8884,98.891,78.5214,65.4345,-10.6556,-7.8529,0.6097,83.3333,65.4345,
sp400_load100,34.4,response,400.0,100.0,468.5911,-69.8153,183.2334,555.1763,98.9797,78.5755,65.4796,-10.4723,-7.9925,0.6111,83.3333,65.4796,
sp400_load100,34.5,response,400.0,100.0,467.3654,-68.5911,183.5652,555.4597,99.0613,78.6325,65.5271,-10.2887,-8.1297,0.6121,83.3333,65.5271,
sp400_load100,34.6,response,400.0,100.0,466.1387,-67.3654,183.8889,555.7384,99.1364,78.6924,65.577,-10.1048,-8.2644,0.6129,83.3333,65.577,
sp400_load100,34.7,response,400.0,100.0,464.9117,-66.1387,184.2043,556.0125,99.2055,78.755,65.6291,-9.9208,-8.3967,0.6133,83.3333,65.6291,
sp400_load100,34.8,response,400.0,100.0,463.6848,-64.9117,184.5117,556.282,99.2691,78.8203,65.6836,-9.7368,-8.5265,0.6135,83.3333,65.6836,
sp400_load100,34.9,response,400.0,100.0,462.4584,-63.6848,184.8113,556.547,99.3275,78.8882,65.7402,-9.5527,-8.6539,0.6135,83.3333,65.7402,
sp400_load100,35.0,response,400.0,100.0,461.233,-62.4584,185.103,556.8074,99.3813,78.9587,65.7989,-9.3688,-8.7788,0.6132,83.3333,65.7989,
sp400_load100,35.1,response,400.0,100.0,460.0091,-61.233,185.3871,557.0632,99.4308,79.0317,65.8598,-9.185,-8.9013,0.6127,83.3333,65.8598,
sp400_load100,35.2,response,400.0,100.0,458.7869,-60.0091,185.6637,557.3146,99.4764,79.1072,65.9226,-9.0014,-9.0213,0.612,83.3333,65.9226,
sp400_load100,35.3,response,400.0,100.0,457.5669,-58.7869,185.933,557.5616,99.5183,79.185,65.9875,-8.818,-9.1389,0.6111,83.3333,65.9875,
sp400_load100,35.4,response,400.0,100.0,456.3494,-57.5669,186.195,557.8042,99.5568,79.2651,66.0543,-8.635,-9.254,0.61,83.3333,66.0543,
sp400_load100,35.5,response,400.0,100.0,455.1348,-56.3494,186.45,558.0424,99.5923,79.3475,66.123,-8.4524,-9.3667,0.6087,83.3333,66.123,
sp400_load100,35.6,response,400.0,100.0,453.9232,-55.1348,186.698,558.2763,99.6249,79.4322,66.1935,-8.2702,-9.477,0.6073,83.3333,66.1935,
sp400_load100,35.7,response,400.0,100.0,452.715,-53.9232,186.9393,558.5059,99.6549,79.519,66.2658,-8.0885,-9.5848,0.6058,83.3333,66.2658,
sp400_load100,35.8,response,400.0,100.0,451.5106,-52.715,187.174,558.7314,99.6825,79.6079,66.3399,-7.9073,-9.6903,0.6041,83.3333,66.3399,
sp400_load100,35.9,response,400.0,100.0,450.31,-51.5106,187.4022,558.9526,99.7079,79.6989,66.4157,-7.7266,-9.7933,0.6022,83.3333,66.4157,
sp400_load100,36.0,response,400.0,100.0,449.1137,-50.31,187.6241,559.1698,99.7313,79.7918,66.4932,-7.5465,-9.8939,0.6003,83.3333,66.4932,
sp400_load100,36.1,response,400.0,100.0,447.9217,-49.1137,187.8398,559.383,99.7528,79.8868,66.5723,-7.367,-9.9921,0.5982,83.3333,66.5723,
sp400_load100,36.2,response,400.0,100.0,446.7344,-47.9217,188.0495,559.5921,99.7725,79.9837,66.6531,-7.1883,-10.088,0.596,83.3333,66.6531,
sp400_load100,36.3,response,400.0,100.0,445.5519,-46.7344,188.2533,559.7973,99.7907,80.0825,66.7354,-7.0102,-10.1814,0.5937,83.3333,66.7354,
sp400_load100,36.4,response,400.0,100.0,444.3744,-45.5519,188.4514,559.9987,99.8075,80.1831,66.8193,-6.8328,-10.2725,0.5912,83.3333,66.8193,
sp400_load100,36.5,response,400.0,100.0,443.2022,-44.3744,188.6439,560.1963,99.8229,80.2855,66.9046,-6.6562,-10.3613,0.5887,83.3333,66.9046,
sp400_load100,36.6,response,400.0,100.0,442.0353,-43.2022,188.8309,560.39,99.837,80.3897,66.9914,-6.4803,-10.4477,0.5861,83.3333,66.9914,
sp400_load100,36.7,response,400.0,100.0,440.8741,-42.0353,189.0126,560.5801,99.8501,80.4956,67.0797,-6.3053,-10.5318,0.5834,83.3333,67.0797,
sp400_load100,36.8,response,400.0,100.0,439.7185,-40.8741,189.1891,560.7666,99.8621,80.6032,67.1693,-6.1311,-10.6135,0.5806,83.3333,67.1693,
sp400_load100,36.9,response,400.0,100.0,438.5689,-39.7185,189.3606,560.9495,99.8731,80.7124,67.2604,-5.9578,-10.693,0.5778,83.3333,67.2604,
sp400_load100,37.0,response,400.0,100.0,437.4253,-38.5689,189.5271,561.1289,99.8833,80.8233,67.3527,-5.7853,-10.7701,0.5748,83.3333,67.3527,
sp400_load100,37.1,response,400.0,100.0,436.2879,-37.4253,189.6889,561.3048,99.8926,80.9357,67.4464,-5.6138,-10.8449,0.5718,83.3333,67.4464,
sp400_load100,37.2,response,400.0,100.0,435.1568,-36.2879,189.846,561.4773,99.9012,81.0496,67.5413,-5.4432,-10.9175,0.5687,83.3333,67.5413,
sp400_load100,37.3,response,400.0,100.0,434.0321,-35.1568,189.9986,561.6465,99.9091,81.165,67.6375,-5.2735,-10.9878,0.5655,83.3333,67.6375,
sp400_load100,37.4,response,400.0,100.0,432.9141,-34.0321,190.1467,561.8124,99.9164,81.2819,67.7349,-5.1048,-11.0559,0.5623,83.3333,67.7349,
sp400_load100,37.5,response,400.0,100.0,431.8027,-32.9141,190.2906,561.9751,99.9231,81.4002,67.8335,-4.9371,-11.1217,0.559,83.3333,67.8335,
sp400_load100,37.6,response,400.0,100.0,430.6981,-31.8027,190.4303,562.1346,99.9292,81.5199,67.9333,-4.7704,-11.1853,0.5557,83.3333,67.9333,
sp400_load100,37.7,response,400.0,100.0,429.6005,-30.6981,190.5659,562.291,99.9349,81.641,68.0342,-4.6047,-11.2467,0.5523,83.3333,68.0342,
sp400_load100,37.8,response,400.0,100.0,428.5099,-29.6005,190.6976,562.4443,99.9401,81.7634,68.1361,-4.4401,-11.3059,0.5488,83.3333,68.1361,
sp400_load100,37.9,response,400.0,100.0,427.4264,-28.5099,190.8254,562.5947,99.9449,81.887,68.2392,-4.2765,-11.3629,0.5453,83.3333,68.2392,
sp400_load100,38.0,response,400.0,100.0,426.3502,-27.4264,190.9495,562.7421,99.9493,82.012,68.3433,-4.114,-11.4178,0.5417,83.3333,68.3433,
sp400_load100,38.1,response,400.0,100.0,425.2813,-26.3502,191.07,562.8866,99.9533,82.1381,68.4484,-3.9525,-11.4705,0.5381,83.3333,68.4484,
sp400_load100,38.2,response,400.0,100.0,424.2198,-25.2813,191.1869,563.0282,99.9571,82.2654,68.5545,-3.7922,-11.5211,0.5345,83.3333,68.5545,
sp400_load100,38.3,response,400.0,100.0,423.1658,-24.2198,191.3004,563.1671,99.9605,82.3939,68.6616,-3.633,-11.5695,0.5307,83.3333,68.6616,
sp400_load100,38.4,response,400.0,100.0,422.1194,-23.1658,191.4106,563.3033,99.9637,82.5236,68.7696,-3.4749,-11.6158,0.527,83.3333,68.7696,
sp400_load100,38.5,response,400.0,100.0,421.0806,-22.1194,191.5175,563.4367,99.9666,82.6543,68.8786,-3.3179,-11.6601,0.5232,83.3333,68.8786,
sp400_load100,38.6,response,400.0,100.0,420.0497,-21.0806,191.6213,563.5676,99.9693,82.786,68.9884,-3.1621,-11.7022,0.5194,83.3333,68.9884,
sp400_load100,38.7,response,400.0,100.0,419.0265,-20.0497,191.722,563.6958,99.9717,82.9189,69.0991,-3.0074,-11.7423,0.5155,83.3333,69.0991,
sp400_load100,38.8,response,400.0,100.0,418.0112,-19.0265,191.8198,563.8215,99.974,83.0527,69.2106,-2.854,-11.7804,0.5116,83.3333,69.2106,
sp400_load100,38.9,response,400.0,100.0,417.0039,-18.0112,191.9147,563.9448,99.9761,83.1875,69.3229,-2.7017,-11.8164,0.5076,83.3333,69.3229,
sp400_load100,39.0,response,400.0,100.0,416.0046,-17.0039,192.0067,564.0656,99.978,83.3232,69.436,-2.5506,-11.8504,0.5037,83.3333,69.436,
sp400_load100,39.1,response,400.0,100.0,415.0134,-16.0046,192.0961,564.184,99.9797,83.4598,69.5499,-2.4007,-11.8824,0.4996,83.3333,69.5499,
sp400_load100,39.2,response,400.0,100.0,414.0304,-15.0134,192.1828,564.3,99.9814,83.5974,69.6645,-2.252,-11.9124,0.4956,83.3333,69.6645,
sp400_load100,39.3,response,400.0,100.0,413.0555,-14.0304,192.2669,564.4138,99.9828,83.7357,69.7798,-2.1046,-11.9405,0.4915,83.3333,69.7798,
sp400_load100,39.4,response,400.0,100.0,412.089,-13.0555,192.3485,564.5253,99.9842,83.875,69.8958,-1.9583,-11.9666,0.4874,83.3333,69.8958,
sp400_load100,39.5,response,400.0,100.0,411.1308,-12.089,192.4277,564.6346,99.9855,84.015,70.0125,-1.8133,-11.9908,0.4833,83.3333,70.0125,
sp400_load100,39.6,response,400.0,100.0,410.1809,-11.1308,192.5046,564.7417,99.9866,84.1557,70.1298,-1.6696,-12.0131,0.4791,83.3333,70.1298,
sp400_load100,39.7,response,400.0,100.0,409.2395,-10.1809,192.5792,564.8467,99.9877,84.2972,70.2477,-1.5271,-12.0334,0.4749,83.3333,70.2477,
sp400_load100,39.8,response,400.0,100.0,408.3065,-9.2395,192.6516,564.9496,99.9887,84.4395,70.3662,-1.3859,-12.0519,0.4707,83.3333,70.3662,
sp400_load100,39.9,response,400.0,100.0,407.3821,-8.3065,192.7218,565.0505,99.9896,84.5824,70.4853,-1.246,-12.0685,0.4665,83.3333,70.4853,
sp400_load100,40.0,response,400.0,100.0,406.4662,-7.3821,192.7899,565.1493,99.9904,84.7259,70.605,-1.1073,-12.0833,0.4622,83.3333,70.605,
sp400_load100,40.1,response,400.0,100.0,405.559,-6.4662,192.856,565.2462,99.9912,84.8701,70.7251,-0.9699,-12.0962,0.4579,83.3333,70.7251,
sp400_load100,40.2,response,400.0,100.0,404.6603,-5.559,192.9202,565.3412,99.9919,85.015,70.8458,-0.8338,-12.1073,0.4536,83.3333,70.8458,
sp400_load100,40.3,response,400.0,100.0,403.7704,-4.6603,192.9824,565.4343,99.9925,85.1603,70.9669,-0.6991,-12.1166,0.4493,83.3333,70.9669,
sp400_load100,40.4,response,400.0,100.0,402.8892,-3.7704,193.0428,565.5255,99.9931,85.3063,71.0885,-0.5656,-12.1242,0.445,83.3333,71.0885,
sp400_load100,40.5,response,400.0,100.0,402.0167,-2.8892,193.1013,565.6149,99.9937,85.4527,71.2106,-0.4334,-12.13,0.4406,83.3333,71.2106,
sp400_load100,40.6,response,400.0,100.0,401.1531,-2.0167,193.1582,565.7025,99.9942,85.5997,71.3331,-0.3025,-12.134,0.4362,83.3333,71.3331,
sp400_load100,40.7,response,400.0,100.0,400.2982,-1.1531,193.2133,565.7884,99.9947,85.7471,71.4559,-0.173,-12.1363,0.4318,83.3333,71.4559,
sp400_load100,40.8,response,400.0,100.0,399.4522,-0.2982,193.2668,565.8725,99.9951,85.8949,71.5791,-0.0447,-12.1369,0.4274,83.3333,71.5791,01LAL001
sp400_load100,40.9,response,400.0,100.0,398.6151,0.5478,193.3187,565.955,99.9955,86.0432,71.7027,0.0822,-12.1358,0.423,83.3333,71.7027,01LAL001
sp400_load100,41.0,response,400.0,100.0,397.7868,1.3849,193.369,566.0359,99.9958,86.1919,71.8266,0.2077,-12.133,0.4186,83.3333,71.8266,01LAL001
sp400_load100,41.1,response,400.0,100.0,396.9675,2.2132,193.4179,566.1151,99.9962,86.341,71.9508,0.332,-12.1286,0.4141,83.3333,71.9508,01LAL001
sp400_load100,41.2,response,400.0,100.0,396.1572,3.0325,193.4653,566.1927,99.9965,86.4904,72.0753,0.4549,-12.1225,0.4097,83.3333,72.0753,01LAL001
sp400_load100,41.3,response,400.0,100.0,395.3558,3.8428,193.5112,566.2688,99.9968,86.6401,72.2001,0.5764,-12.1149,0.4052,83.3333,72.2001,01LAL001
sp400_load100,41.4,response,400.0,100.0,394.5633,4.6442,193.5558,566.3434,99.997,86.7901,72.3251,0.6966,-12.1056,0.4007,83.3333,72.3251,01LAL001
sp400_load100,41.5,response,400.0,100.0,393.7799,5.4367,193.5991,566.4165,99.9973,86.9404,72.4503,0.8155,-12.0947,0.3962,83.3333,72.4503,01LAL001
sp400_load100,41.6,response,400.0,100.0,393.0055,6.2201,193.6411,566.4881,99.9975,87.0909,72.5758,0.933,-12.0823,0.3917,83.3333,72.5758,01LAL001
sp400_load100,41.7,response,400.0,100.0,392.2402,6.9945,193.6818,566.5584,99.9977,87.2417,72.7014,1.0492,-12.0683,0.3872,83.3333,72.7014,01LAL001
sp400_load100,41.8,response,400.0,100.0,391.4839,7.7598,193.7213,566.6272,99.9979,87.3927,72.8272,1.164,-12.0528,0.3827,83.3333,72.8272,01LAL001
sp400_load100,41.9,response,400.0,100.0,390.7366,8.5161,193.7596,566.6946,99.998,87.5438,72.9532,1.2774,-12.0357,0.3782,83.3333,72.9532,01LAL001
sp400_load100,42.0,response,400.0,100.0,389.9984,9.2634,193.7968,566.7607,99.9982,87.6951,73.0793,1.3895,-12.0172,0.3736,83.3333,73.0793,01LAL001
sp400_load100,42.1,response,400.0,100.0,389.2693,10.0016,193.8328,566.8254,99.9983,87.8466,73.2055,1.5002,-11.9972,0.3691,83.3333,73.2055,01LAL001
sp400_load100,42.2,response,400.0,100.0,388.5493,10.7307,193.8678,566.8889,99.9985,87.9981,73.3318,1.6096,-11.9757,0.3646,83.3333,73.3318,01LAL001
sp400_load100,42.3,response,400.0,100.0,387.8384,11.4507,193.9017,566.9511,99.9986,88.1497,73.4581,1.7176,-11.9528,0.36,83.3333,73.4581,01LAL001
sp400_load100,42.4,response,400.0,100.0,387.1365,12.1616,193.9347,567.0121,99.9987,88.3014,73.5845,1.8242,-11.9285,0.3555,83.3333,73.5845,01LAL001
sp400_load100,42.5,response,400.0,100.0,386.4438,12.8635,193.9666,567.0718,99.9988,88.4532,73.711,1.9295,-11.9028,0.3509,83.3333,73.711,01LAL001
sp400_load100,42.6,response,400.0,100.0,385.7602,13.5562,193.9976,567.1304,99.9989,88.605,73.8375,2.0334,-11.8757,0.3464,83.3333,73.8375,01LAL001
sp400_load100,42.7,response,400.0,100.0,385.0856,14.2398,194.0276,567.1877,99.999,88.7567,73.9639,2.136,-11.8472,0.3418,83.3333,73.9639,01LAL001
sp400_load100,42.8,response,400.0,100.0,384.4202,14.9144,194.0568,567.244,99.9991,88.9085,74.0904,2.2372,-11.8174,0.3373,83.3333,74.0904,01LAL001
sp400_load100,42.9,response,400.0,100.0,383.7639,15.5798,194.085,567.2991,99.9991,89.0602,74.2168,2.337,-11.7862,0.3327,83.3333,74.2168,01LAL001
sp400_load100,43.0,response,400.0,100.0,383.1166,16.2361,194.1125,567.3531,99.9992,89.2118,74.3432,2.4354,-11.7537,0.3282,83.3333,74.3432,01LAL001
sp400_load100,43.1,response,400.0,100.0,382.4785,16.8834,194.1391,567.406,99.9993,89.3634,74.4695,2.5325,-11.72,0.3236,83.3333,74.4695,01LAL001
sp400_load100,43.2,response,400.0,100.0,381.8494,17.5215,194.1649,567.4579,99.9993,89.5149,74.5957,2.6282,-11.6849,0.3191,83.3333,74.5957,01LAL001
sp400_load100,43.3,response,400.0,100.0,381.2294,18.1506,194.1899,567.5087,99.9994,89.6662,74.7218,2.7226,-11.6486,0.3145,83.3333,74.7218,01LAL001
sp400_load100,43.4,response,400.0,100.0,380.6185,18.7706,194.2142,567.5585,99.9994,89.8174,74.8478,2.8156,-11.6111,0.31,83.3333,74.8478,01LAL001
sp400_load100,43.5,response,400.0,100.0,380.0166,19.3815,194.2378,567.6074,99.9995,89.9685,74.9737,2.9072,-11.5723,0.3055,83.3333,74.9737,01LAL001
sp400_load100,43.6,response,400.0,100.0,379.4238,19.9834,194.2606,567.6552,99.9995,90.1193,75.0994,2.9975,-11.5323,0.3009,83.3333,75.0994,01LAL001
sp400_load100,43.7,response,400.0,100.0,378.84,20.5762,194.2828,567.7021,99.9996,90.27,75.225,3.0864,-11.4912,0.2964,83.3333,75.225,01LAL001
sp400_load100,43.8,response,400.0,100.0,378.2653,21.16,194.3043,567.748,99.9996,90.4204,75.3503,3.174,-11.4489,0.2919,83.3333,75.3503,01LAL001
sp400_load100,43.9,response,400.0,100.0,377.6995,21.7347,194.3252,567.7931,99.9996,90.5706,75.4755,3.2602,-11.4054,0.2874,83.3333,75.4755,01LAL001
sp400_load100,44.0,response,400.0,100.0,377.1428,22.3005,194.3454,567.8372,99.9997,90.7206,75.6005,3.3451,-11.3608,0.2829,83.3333,75.6005,01LAL001
sp400_load100,44.1,response,400.0,100.0,376.595,22.8572,194.3651,567.8805,99.9997,90.8702,75.7252,3.4286,-11.3151,0.2784,83.3333,75.7252,01LAL001
sp400_load100,44.2,response,400.0,100.0,376.0562,23.405,194.3841,567.9228,99.9997,91.0196,75.8497,3.5107,-11.2683,0.2739,83.3333,75.8497,01LAL001
sp400_load100,44.3,response,400.0,100.0,375.5264,23.9438,194.4026,567.9644,99.9997,91.1687,75.9739,3.5916,-11.2204,0.2694,83.3333,75.9739,01LAL001
sp400_load100,44.4,response,400.0,100.0,375.0054,24.4736,194.4205,568.0051,99.9998,91.3174,76.0979,3.671,-11.1714,0.2649,83.3333,76.0979,01LAL001
sp400_load100,44.5,response,400.0,100.0,374.4934,24.9946,194.4379,568.045,99.9998,91.4658,76.2215,3.7492,-11.1215,0.2605,83.3333,76.2215,01LAL001
sp400_load100,44.6,response,400.0,100.0,373.9902,25.5066,194.4547,568.0841,99.9998,91.6139,76.3449,3.826,-11.0704,0.256,83.3333,76.3449,01LAL001
sp400_load100,44.7,response,400.0,100.0,373.4959,26.0098,194.4711,568.1224,99.9998,91.7616,76.468,3.9015,-11.0184,0.2516,83.3333,76.468,01LAL001
sp400_load100,44.8,response,400.0,100.0,373.0105,26.5041,194.4869,568.16,99.9998,91.9088,76.5907,3.9756,-10.9654,0.2471,83.3333,76.5907,01LAL001
sp400_load100,44.9,response,400.0,100.0,372.5338,26.9895,194.5023,568.1968,99.9998,92.0557,76.7131,4.0484,-10.9114,0.2427,83.3333,76.7131,01LAL001
sp400_load100,45.0,response,400.0,100.0,372.066,27.4662,194.5173,568.2328,99.9999,92.2021,76.8351,4.1199,-10.8565,0.2383,83.3333,76.8351,01LAL001
sp400_load100,45.1,response,400.0,100.0,371.6069,27.934,194.5317,568.2682,99.9999,92.3481,76.9567,4.1901,-10.8006,0.2339,83.3333,76.9567,01LAL001
sp400_load100,45.2,response,400.0,100.0,371.1565,28.3931,194.5458,568.3028,99.9999,92.4936,77.078,4.259,-10.7438,0.2296,83.3333,77.078,01LAL001
sp400_load100,45.3,response,400.0,100.0,370.7148,28.8435,194.5594,568.3367,99.9999,92.6387,77.1989,4.3265,-10.6862,0.2252,83.3333,77.1989,01LAL001
sp400_load100,45.4,response,400.0,100.0,370.2818,29.2852,194.5726,568.37,99.9999,92.7832,77.3194,4.3928,-10.6276,0.2208,83.3333,77.3194,01LAL001
sp400_load100,45.5,response,400.0,100.0,369.8574,29.7182,194.5854,568.4026,99.9999,92.9273,77.4394,4.4577,-10.5682,0.2165,83.3333,77.4394,01LAL001
sp400_load100,45.6,response,400.0,100.0,369.4417,30.1426,194.5979,568.4345,99.9999,93.0708,77.559,4.5214,-10.5079,0.2122,83.3333,77.559,01LAL001
sp400_load100,45.7,response,400.0,100.0,369.0345,30.5583,194.6099,568.4659,99.9999,93.2138,77.6782,4.5837,-10.4467,0.2079,83.3333,77.6782,01LAL001
sp400_load100,45.8,response,400.0,100.0,368.6359,30.9655,194.6216,568.4965,99.9999,93.3563,77.7969,4.6448,-10.3848,0.2036,83.3333,77.7969,01LAL001
sp400_load100,45.9,response,400.0,100.0,368.2458,31.3641,194.633,568.5266,99.9999,93.4982,77.9152,4.7046,-10.3221,0.1993,83.3333,77.9152,01LAL001
sp400_load100,46.0,response,400.0,100.0,367.8642,31.7542,194.644,568.5561,99.9999,93.6395,78.0329,4.7631,-10.2586,0.1951,83.3333,78.0329,01LAL001
sp400_load100,46.1,response,400.0,100.0,367.491,32.1358,194.6547,568.5849,99.9999,93.7802,78.1502,4.8204,-10.1943,0.1908,83.3333,78.1502,01LAL001
sp400_load100,46.2,response,400.0,100.0,367.1262,32.509,194.665,568.6132,99.9999,93.9204,78.267,4.8763,-10.1293,0.1866,83.3333,78.267,01LAL001
sp400_load100,46.3,response,400.0,100.0,366.7698,32.8738,194.6751,568.641,99.9999,94.0599,78.3832,4.9311,-10.0635,0.1824,83.3333,78.3832,01LAL001
sp400_load100,46.4,response,400.0,100.0,366.4218,33.2302,194.6848,568.6682,100.0,94.1988,78.499,4.9845,-9.9971,0.1782,83.3333,78.499,01LAL001
sp400_load100,46.5,response,400.0,100.0,366.082,33.5782,194.6943,568.6948,100.0,94.337,78.6142,5.0367,-9.9299,0.174,83.3333,78.6142,01LAL001
sp400_load100,46.6,response,400.0,100.0,365.7505,33.918,194.7035,568.7209,100.0,94.4746,78.7288,5.0877,-9.8621,0.1699,83.3333,78.7288,01LAL001
sp400_load100,46.7,response,400.0,100.0,365.4272,34.2495,194.7123,568.7465,100.0,94.6115,78.8429,5.1374,-9.7936,0.1658,83.3333,78.8429,01LAL001
sp400_load100,46.8,response,400.0,100.0,365.112,34.5728,194.721,568.7716,100.0,94.7478,78.9565,5.1859,-9.7244,0.1617,83.3333,78.9565,01LAL001
sp400_load100,46.9,response,400.0,100.0,364.805,34.888,194.7293,568.7961,100.0,94.8833,79.0694,5.2332,-9.6547,0.1576,83.3333,79.0694,01LAL001
sp400_load100,47.0,response,400.0,100.0,364.5061,35.195,194.7375,568.8202,100.0,95.0182,79.1818,5.2792,-9.5843,0.1535,83.3333,79.1818,01LAL001
sp400_load100,47.1,response,400.0,100.0,364.2153,35.4939,194.7453,568.8438,100.0,95.1523,79.2936,5.3241,-9.5133,0.1495,83.3333,79.2936,01LAL001
sp400_load100,47.2,response,400.0,100.0,363.9324,35.7847,194.753,568.8669,100.0,95.2857,79.4048,5.3677,-9.4417,0.1454,83.3333,79.4048,01LAL001
sp400_load100,47.3,response,400.0,100.0,363.6575,36.0676,194.7604,568.8896,100.0,95.4184,79.5153,5.4101,-9.3696,0.1414,83.3333,79.5153,01LAL001
sp400_load100,47.4,response,400.0,100.0,363.3905,36.3425,194.7676,568.9118,100.0,95.5503,79.6253,5.4514,-9.2969,0.1374,83.3333,79.6253,01LAL001
sp400_load100,47.5,response,400.0,100.0,363.1314,36.6095,194.7745,568.9336,100.0,95.6815,79.7346,5.4914,-9.2237,0.1335,83.3333,79.7346,01LAL001
sp400_load100,47.6,response,400.0,100.0,362.8801,36.8686,194.7813,568.9549,100.0,95.8119,79.8432,5.5303,-9.1499,0.1296,83.3333,79.8432,01LAL001
sp400_load100,47.7,response,400.0,100.0,362.6366,37.1199,194.7879,568.9758,100.0,95.9415,79.9513,5.568,-9.0757,0.1256,83.3333,79.9513,01LAL001
sp400_load100,47.8,response,400.0,100.0,362.4008,37.3634,194.7942,568.9963,100.0,96.0703,80.0586,5.6045,-9.001,0.1218,83.3333,80.0586,01LAL001
sp400_load100,47.9,response,400.0,100.0,362.1727,37.5992,194.8004,569.0163,100.0,96.1984,80.1653,5.6399,-8.9258,0.1179,83.3333,80.1653,01LAL001
sp400_load100,48.0,response,400.0,100.0,361.9523,37.8273,194.8064,569.036,100.0,96.3256,80.2713,5.6741,-8.8501,0.114,83.3333,80.2713,01LAL001
sp400_load100,48.1,response,400.0,100.0,361.7394,38.0477,194.8122,569.0553,100.0,96.452,80.3767,5.7072,-8.774,0.1102,83.3333,80.3767,01LAL001
sp400_load100,48.2,response,400.0,100.0,361.5341,38.2606,194.8178,569.0742,100.0,96.5776,80.4814,5.7391,-8.6975,0.1064,83.3333,80.4814,01LAL001
sp400_load100,48.3,response,400.0,100.0,361.3362,38.4659,194.8233,569.0927,100.0,96.7024,80.5853,5.7699,-8.6206,0.1027,83.3333,80.5853,01LAL001
sp400_load100,48.4,response,400.0,100.0,361.1458,38.6638,194.8286,569.1108,100.0,96.8263,80.6886,5.7996,-8.5433,0.0989,83.3333,80.6886,01LAL001
sp400_load100,48.5,response,400.0,100.0,360.9627,38.8542,194.8337,569.1286,100.0,96.9494,80.7911,5.8281,-8.4655,0.0952,83.3333,80.7911,01LAL001
sp400_load100,48.6,response,400.0,100.0,360.787,39.0373,194.8387,569.1461,100.0,97.0716,80.893,5.8556,-8.3875,0.0915,83.3333,80.893,01LAL001
sp400_load100,48.7,response,400.0,100.0,360.6186,39.213,194.8436,569.1631,100.0,97.1929,80.9941,5.8819,-8.309,0.0879,83.3333,80.9941,01LAL001
sp400_load100,48.8,response,400.0,100.0,360.4574,39.3814,194.8483,569.1799,100.0,97.3134,81.0945,5.9072,-8.2303,0.0842,83.3333,81.0945,01LAL001
sp400_load100,48.9,response,400.0,100.0,360.3034,39.5426,194.8528,569.1963,100.0,97.433,81.1941,5.9314,-8.1512,0.0806,83.3333,81.1941,01LAL001
sp400_load100,49.0,response,400.0,100.0,360.1565,39.6966,194.8572,569.2124,100.0,97.5516,81.293,5.9545,-8.0718,0.077,83.3333,81.293,01LAL001
sp400_load100,49.1,response,400.0,100.0,360.0167,39.8435,194.8615,569.2281,100.0,97.6694,81.3912,5.9765,-7.9921,0.0735,83.3333,81.3912,01LAL001
sp400_load100,49.2,response,400.0,100.0,359.8838,39.9833,194.8657,569.2435,100.0,97.7863,81.4886,5.9975,-7.9121,0.0699,83.3333,81.4886,01LAL001
sp400_load100,49.3,response,400.0,100.0,359.758,40.1162,194.8697,569.2587,100.0,97.9023,81.5853,6.0174,-7.8319,0.0664,83.3333,81.5853,01LAL001
sp400_load100,49.4,response,400.0,100.0,359.639,40.242,194.8736,569.2735,100.0,98.0174,81.6811,6.0363,-7.7514,0.0629,83.3333,81.6811,01LAL001
sp400_load100,49.5,response,400.0,100.0,359.5269,40.361,194.8774,569.288,100.0,98.1315,81.7763,6.0541,-7.6707,0.0595,83.3333,81.7763,01LAL001
sp400_load100,49.6,response,400.0,100.0,359.4216,40.4731,194.8811,569.3023,100.0,98.2447,81.8706,6.071,-7.5898,0.0561,83.3333,81.8706,01LAL001
sp400_load100,49.7,response,400.0,100.0,359.323,40.5784,194.8846,569.3162,100.0,98.357,81.9641,6.0868,-7.5086,0.0527,83.3333,81.9641,01LAL001
sp400_load100,49.8,response,400.0,100.0,359.2311,40.677,194.8881,569.3299,100.0,98.4683,82.0569,6.1015,-7.4273,0.0493,83.3333,82.0569,01LAL001
sp400_load100,49.9,response,400.0,100.0,359.1458,40.7689,194.8915,569.3433,100.0,98.5787,82.1489,6.1153,-7.3457,0.046,83.3333,82.1489,01LAL001
sp400_load100,50.0,response,400.0,100.0,359.0671,40.8542,194.8947,569.3564,100.0,98.6881,82.2401,6.1281,-7.264,0.0426,83.3333,82.2401,01LAL001
sp400_load100,50.1,response,400.0,100.0,358.9949,40.9329,194.8979,569.3693,100.0,98.7966,82.3305,6.1399,-7.1821,0.0394,83.3333,82.3305,01LAL001
sp400_load100,50.2,response,400.0,100.0,358.9292,41.0051,194.9009,569.3819,100.0,98.9041,82.4201,6.1508,-7.1001,0.0361,83.3333,82.4201,01LAL001
sp400_load100,50.3,response,400.0,100.0,358.8698,41.0708,194.9039,569.3943,100.0,99.0106,82.5088,6.1606,-7.018,0.0329,83.3333,82.5088,01LAL001
sp400_load100,50.4,response,400.0,100.0,358.8168,41.1302,194.9068,569.4064,100.0,99.1162,82.5968,6.1695,-6.9357,0.0297,83.3333,82.5968,01LAL001
sp400_load100,50.5,response,400.0,100.0,358.77,41.1832,194.9096,569.4183,100.0,99.2208,82.684,6.1775,-6.8534,0.0265,83.3333,82.684,01LAL001
sp400_load100,50.6,response,400.0,100.0,358.7295,41.23,194.9123,569.4299,100.0,99.3244,82.7703,6.1845,-6.7709,0.0234,83.3333,82.7703,01LAL001
sp400_load100,50.7,response,400.0,100.0,358.6951,41.2705,194.9149,569.4413,100.0,99.427,82.8558,6.1906,-6.6884,0.0203,83.3333,82.8558,01LAL001
sp400_load100,50.8,response,400.0,100.0,358.6668,41.3049,194.9175,569.4525,100.0,99.5286,82.9405,6.1957,-6.6058,0.0172,83.3333,82.9405,01LAL001
sp400_load100,50.9,response,400.0,100.0,358.6446,41.3332,194.92,569.4634,100.0,99.6292,83.0244,6.2,-6.5231,0.0141,83.3333,83.0244,01LAL001
sp400_load100,51.0,response,400.0,100.0,358.6283,41.3554,194.9224,569.4742,100.0,99.7289,83.1074,6.2033,-6.4404,0.0111,83.3333,83.1074,01LAL001
sp400_load100,51.1,response,400.0,100.0,358.6179,41.3717,194.9247,569.4847,100.0,99.8275,83.1896,6.2058,-6.3576,0.0081,83.3333,83.1896,01LAL001
sp400_load100,51.2,response,400.0,100.0,358.6135,41.3821,194.927,569.495,100.0,99.9251,83.271,6.2073,-6.2749,0.0052,83.3333,83.271,01LAL001
sp400_load100,51.3,response,400.0,100.0,358.6148,41.3865,194.9291,569.5051,100.0,100.0218,83.3515,6.208,-6.1921,0.0022,83.3333,83.3515,01LAL001
sp400_load100,51.4,response,400.0,100.0,358.6218,41.3852,194.9313,569.515,100.0,100.1174,83.4311,6.2078,-6.1093,-0.0007,83.3333,83.4311,01LAL001
sp400_load100,51.5,response,400.0,100.0,358.6345,41.3782,194.9333,569.5247,100.0,100.212,83.51,6.2067,-6.0266,-0.0035,83.3333,83.51,01LAL001
sp400_load100,51.6,response,400.0,100.0,358.6529,41.3655,194.9353,569.5342,100.0,100.3056,83.588,6.2048,-5.9438,-0.0064,83.3333,83.588,01LAL001
sp400_load100,51.7,response,400.0,100.0,358.6767,41.3471,194.9373,569.5435,100.0,100.3981,83.6651,6.2021,-5.8611,-0.0092,83.3333,83.6651,01LAL001
sp400_load100,51.8,response,400.0,100.0,358.7061,41.3233,194.9392,569.5526,100.0,100.4897,83.7414,6.1985,-5.7785,-0.0119,83.3333,83.7414,01LAL001
sp400_load100,51.9,response,400.0,100.0,358.7409,41.2939,194.941,569.5616,100.0,100.5802,83.8168,6.1941,-5.6959,-0.0147,83.3333,83.8168,01LAL001
sp400_load100,52.0,response,400.0,100.0,358.7811,41.2591,194.9427,569.5704,100.0,100.6697,83.8914,6.1889,-5.6134,-0.0174,83.3333,83.8914,01LAL001
sp400_load100,52.1,response,400.0,100.0,358.8266,41.2189,194.9445,569.5789,100.0,100.7582,83.9651,6.1828,-5.531,-0.0201,83.3333,83.9651,01LAL001
sp400_load100,52.2,response,400.0,100.0,358.8773,41.1734,194.9461,569.5874,100.0,100.8456,84.038,6.176,-5.4486,-0.0227,83.3333,84.038,01LAL001
sp400_load100,52.3,response,400.0,100.0,358.9333,41.1227,194.9477,569.5956,100.0,100.932,84.11,6.1684,-5.3664,-0.0254,83.3333,84.11,01LAL001
sp400_load100,52.4,response,400.0,100.0,358.9943,41.0667,194.9493,569.6037,100.0,101.0174,84.1812,6.16,-5.2842,-0.028,83.3333,84.1812,01LAL001
sp400_load100,52.5,response,400.0,100.0,359.0604,41.0057,194.9508,569.6116,100.0,101.1017,84.2515,6.1509,-5.2022,-0.0305,83.3333,84.2515,01LAL001
sp400_load100,52.6,response,400.0,100.0,359.1315,40.9396,194.9523,569.6194,100.0,101.1851,84.3209,6.1409,-5.1203,-0.0331,83.3333,84.3209,01LAL001
sp400_load100,52.7,response,400.0,100.0,359.2076,40.8685,194.9537,569.627,100.0,101.2673,84.3895,6.1303,-5.0386,-0.0356,83.3333,84.3895,01LAL001
sp400_load100,52.8,response,400.0,100.0,359.2885,40.7924,194.9551,569.6345,100.0,101.3486,84.4572,6.1189,-4.957,-0.038,83.3333,84.4572,01LAL001
sp400_load100,52.9,response,400.0,100.0,359.3742,40.7115,194.9565,569.6418,100.0,101.4288,84.524,6.1067,-4.8756,-0.0405,83.3333,84.524,01LAL001
sp400_load100,53.0,response,400.0,100.0,359.4647,40.6258,194.9578,569.6489,100.0,101.508,84.59,6.0939,-4.7943,-0.0429,83.3333,84.59,01LAL001
sp400_load100,53.1,response,400.0,100.0,359.5598,40.5353,194.959,569.656,100.0,101.5861,84.6551,6.0803,-4.7133,-0.0452,83.3333,84.6551,01LAL001
sp400_load100,53.2,response,400.0,100.0,359.6596,40.4402,194.9603,569.6628,100.0,101.6633,84.7194,6.066,-4.6324,-0.0476,83.3333,84.7194,01LAL001
sp400_load100,53.3,response,400.0,100.0,359.764,40.3404,194.9615,569.6696,100.0,101.7393,84.7828,6.0511,-4.5517,-0.0499,83.3333,84.7828,01LAL001
sp400_load100,53.4,response,400.0,100.0,359.8729,40.236,194.9626,569.6762,100.0,101.8144,84.8453,6.0354,-4.4712,-0.0522,83.3333,84.8453,01LAL001
sp400_load100,53.5,response,400.0,100.0,359.9862,40.1271,194.9637,569.6827,100.0,101.8884,84.907,6.0191,-4.391,-0.0544,83.3333,84.907,01LAL001
sp400_load100,53.6,response,400.0,100.0,360.1038,40.0138,194.9648,569.689,100.0,101.9614,84.9678,6.0021,-4.311,-0.0567,83.3333,84.9678,01LAL001
sp400_load100,53.7,response,400.0,100.0,360.2258,39.8962,194.9659,569.6952,100.0,102.0333,85.0278,5.9844,-4.2312,-0.0588,83.3333,85.0278,01LAL001
sp400_load100,53.8,response,400.0,100.0,360.3521,39.7742,194.9669,569.7013,100.0,102.1042,85.0868,5.9661,-4.1516,-0.061,83.3333,85.0868,01LAL001
sp400_load100,53.9,response,400.0,100.0,360.4825,39.6479,194.9679,569.7073,100.0,102.1741,85.1451,5.9472,-4.0723,-0.0631,83.3333,85.1451,01LAL001
sp400_load100,54.0,response,400.0,100.0,360.6171,39.5175,194.9689,569.7132,100.0,102.2429,85.2024,5.9276,-3.9933,-0.0652,83.3333,85.2024,01LAL001
sp400_load100,54.1,response,400.0,100.0,360.7558,39.3829,194.9698,569.7189,100.0,102.3108,85.259,5.9074,-3.9145,-0.0673,83.3333,85.259,01LAL001
sp400_load100,54.2,response,400.0,100.0,360.8984,39.2442,194.9707,569.7245,100.0,102.3775,85.3146,5.8866,-3.836,-0.0693,83.3333,85.3146,01LAL001
sp400_load100,54.3,response,400.0,100.0,361.045,39.1016,194.9716,569.73,100.0,102.4433,85.3694,5.8652,-3.7578,-0.0713,83.3333,85.3694,01LAL001
sp400_load100,54.4,response,400.0,100.0,361.1955,38.955,194.9724,569.7354,100.0,102.508,85.4234,5.8432,-3.6799,-0.0733,83.3333,85.4234,01LAL001
sp400_load100,54.5,response,400.0,100.0,361.3498,38.8045,194.9733,569.7407,100.0,102.5718,85.4765,5.8207,-3.6023,-0.0752,83.3333,85.4765,01LAL001
sp400_load100,54.6,response,400.0,100.0,361.5079,38.6502,194.9741,569.7459,100.0,102.6344,85.5287,5.7975,-3.525,-0.0772,83.3333,85.5287,01LAL001
sp400_load100,54.7,response,400.0,100.0,361.6696,38.4921,194.9748,569.751,100.0,102.6961,85.5801,5.7738,-3.448,-0.079,83.3333,85.5801,01LAL001
sp400_load100,54.8,response,400.0,100.0,361.835,38.3304,194.9756,569.756,100.0,102.7568,85.6306,5.7496,-3.3714,-0.0809,83.3333,85.6306,01LAL001
sp400_load100,54.9,response,400.0,100.0,362.004,38.165,194.9763,569.7608,100.0,102.8164,85.6803,5.7247,-3.295,-0.0827,83.3333,85.6803,01LAL001
sp400_load100,55.0,response,400.0,100.0,362.1765,37.996,194.977,569.7656,100.0,102.875,85.7292,5.6994,-3.219,-0.0845,83.3333,85.7292,01LAL001
sp400_load100,55.1,response,400.0,100.0,362.3525,37.8235,194.9777,569.7703,100.0,102.9327,85.7772,5.6735,-3.1434,-0.0863,83.3333,85.7772,01LAL001
sp400_load100,55.2,response,400.0,100.0,362.5318,37.6475,194.9784,569.7749,100.0,102.9893,85.8244,5.6471,-3.0681,-0.088,83.3333,85.8244,01LAL001
sp400_load100,55.3,response,400.0,100.0,362.7145,37.4682,194.979,569.7794,100.0,103.0449,85.8707,5.6202,-2.9932,-0.0897,83.3333,85.8707,01LAL001
sp400_load100,55.4,response,400.0,100.0,362.9005,37.2855,194.9797,569.7838,100.0,103.0995,85.9162,5.5928,-2.9186,-0.0913,83.3333,85.9162,01LAL001
sp400_load100,55.5,response,400.0,100.0,363.0897,37.0995,194.9803,569.7882,100.0,103.1531,85.9609,5.5649,-2.8444,-0.093,83.3333,85.9609,01LAL001
sp400_load100,55.6,response,400.0,100.0,363.282,36.9103,194.9809,569.7924,100.0,103.2057,86.0047,5.5365,-2.7706,-0.0946,83.3333,86.0047,01LAL001
sp400_load100,55.7,response,400.0,100.0,363.4775,36.718,194.9814,569.7965,100.0,103.2573,86.0477,5.5077,-2.6971,-0.0962,83.3333,86.0477,01LAL001
sp400_load100,55.8,response,400.0,100.0,363.6759,36.5225,194.982,569.8006,100.0,103.3079,86.0899,5.4784,-2.6241,-0.0977,83.3333,86.0899,01LAL001
sp400_load100,55.9,response,400.0,100.0,363.8774,36.3241,194.9825,569.8046,100.0,103.3575,86.1313,5.4486,-2.5514,-0.0992,83.3333,86.1313,01LAL001
sp400_load100,56.0,response,400.0,100.0,364.0818,36.1226,194.9831,569.8085,100.0,103.4062,86.1718,5.4184,-2.4792,-0.1007,83.3333,86.1718,01LAL001
sp400_load100,56.1,response,400.0,100.0,364.289,35.9182,194.9836,569.8123,100.0,103.4538,86.2115,5.3877,-2.4074,-0.1022,83.3333,86.2115,01LAL001
sp400_load100,56.2,response,400.0,100.0,364.499,35.711,194.9841,569.8161,100.0,103.5005,86.2504,5.3567,-2.3359,-0.1036,83.3333,86.2504,01LAL001
sp400_load100,56.3,response,400.0,100.0,364.7118,35.501,194.9845,569.8198,100.0,103.5462,86.2885,5.3251,-2.2649,-0.105,83.3333,86.2885,01LAL001
sp400_load100,56.4,response,400.0,100.0,364.9273,35.2882,194.985,569.8234,100.0,103.591,86.3258,5.2932,-2.1944,-0.1064,83.3333,86.3258,01LAL001
sp400_load100,56.5,response,400.0,100.0,365.1453,35.0727,194.9855,569.8269,100.0,103.6348,86.3623,5.2609,-2.1242,-0.1077,83.3333,86.3623,01LAL001
sp400_load100,56.6,response,400.0,100.0,365.366,34.8547,194.9859,569.8304,100.0,103.6776,86.398,5.2282,-2.0545,-0.109,83.3333,86.398,01LAL001
sp400_load100,56.7,response,400.0,100.0,365.5892,34.634,194.9863,569.8338,100.0,103.7194,86.4329,5.1951,-1.9852,-0.1103,83.3333,86.4329,01LAL001
sp400_load100,56.8,response,400.0,100.0,365.8148,34.4108,194.9867,569.8371,100.0,103.7604,86.467,5.1616,-1.9164,-0.1116,83.3333,86.467,01LAL001
sp400_load100,56.9,response,400.0,100.0,366.0428,34.1852,194.9871,569.8403,100.0,103.8003,86.5003,5.1278,-1.848,-0.1128,83.3333,86.5003,01LAL001
sp400_load100,57.0,response,400.0,100.0,366.2732,33.9572,194.9875,569.8435,100.0,103.8393,86.5328,5.0936,-1.7801,-0.114,83.3333,86.5328,01LAL001
sp400_load100,57.1,response,400.0,100.0,366.5058,33.7268,194.9879,569.8467,100.0,103.8774,86.5645,5.059,-1.7127,-0.1152,83.3333,86.5645,01LAL001
sp400_load100,57.2,response,400.0,100.0,366.7407,33.4942,194.9883,569.8497,100.0,103.9145,86.5955,5.0241,-1.6457,-0.1163,83.3333,86.5955,01LAL001
sp400_load100,57.3,response,400.0,100.0,366.9777,33.2593,194.9886,569.8527,100.0,103.9508,86.6256,4.9889,-1.5792,-0.1174,83.3333,86.6256,01LAL001
sp400_load100,57.4,response,400.0,100.0,367.2169,33.0223,194.9889,569.8557,100.0,103.986,86.655,4.9533,-1.5131,-0.1185,83.3333,86.655,01LAL001
sp400_load100,57.5,response,400.0,100.0,367.4581,32.7831,194.9893,569.8586,100.0,104.0204,86.6837,4.9175,-1.4476,-0.1196,83.3333,86.6837,01LAL001
sp400_load100,57.6,response,400.0,100.0,367.7013,32.5419,194.9896,569.8614,100.0,104.0538,86.7115,4.8813,-1.3825,-0.1206,83.3333,86.7115,01LAL001
sp400_load100,57.7,response,400.0,100.0,367.9465,32.2987,194.9899,569.8642,100.0,104.0864,86.7386,4.8448,-1.3179,-0.1216,83.3333,86.7386,01LAL001
sp400_load100,57.8,response,400.0,100.0,368.1936,32.0535,194.9902,569.8669,100.0,104.118,86.765,4.808,-1.2538,-0.1226,83.3333,86.765,01LAL001
sp400_load100,57.9,response,400.0,100.0,368.4425,31.8064,194.9905,569.8695,100.0,104.1487,86.7906,4.771,-1.1902,-0.1235,83.3333,86.7906,01LAL001
sp400_load100,58.0,response,400.0,100.0,368.6932,31.5575,194.9908,569.8722,100.0,104.1785,86.8155,4.7336,-1.127,-0.1245,83.3333,86.8155,01LAL001
sp400_load100,58.1,response,400.0,100.0,368.9457,31.3068,194.9911,569.8747,100.0,104.2075,86.8396,4.696,-1.0644,-0.1254,83.3333,86.8396,01LAL001
sp400_load100,58.2,response,400.0,100.0,369.1998,31.0543,194.9913,569.8772,100.0,104.2355,86.8629,4.6581,-1.0023,-0.1262,83.3333,86.8629,01LAL001
sp400_load100,58.3,response,400.0,100.0,369.4556,30.8002,194.9916,569.8797,100.0,104.2627,86.8856,4.62,-0.9407,-0.1271,83.3333,86.8856,01LAL001
sp400_load100,58.4,response,400.0,100.0,369.7129,30.5444,194.9918,569.8821,100.0,104.289,86.9075,4.5817,-0.8796,-0.1279,83.3333,86.9075,01LAL001
sp400_load100,58.5,response,400.0,100.0,369.9718,30.2871,194.9921,569.8844,100.0,104.3144,86.9287,4.5431,-0.8191,-0.1287,83.3333,86.9287,01LAL001
sp400_load100,58.6,response,400.0,100.0,370.2321,30.0282,194.9923,569.8868,100.0,104.339,86.9491,4.5042,-0.759,-0.1294,83.3333,86.9491,01LAL001
sp400_load100,58.7,response,400.0,100.0,370.4939,29.7679,194.9926,569.889,100.0,104.3627,86.9689,4.4652,-0.6995,-0.1302,83.3333,86.9689,01LAL001
sp400_load100,58.8,response,400.0,100.0,370.757,29.5061,194.9928,569.8912,100.0,104.3855,86.9879,4.4259,-0.6405,-0.1309,83.3333,86.9879,01LAL001
sp400_load100,58.9,response,400.0,100.0,371.0215,29.243,194.993,569.8934,100.0,104.4075,87.0063,4.3864,-0.582,-0.1316,83.3333,87.0063,01LAL001
sp400_load100,59.0,response,400.0,100.0,371.2872,28.9785,194.9932,569.8955,100.0,104.4287,87.0239,4.3468,-0.524,-0.1322,83.3333,87.0239,01LAL001
sp400_load100,59.1,response,400.0,100.0,371.5541,28.7128,194.9934,569.8976,100.0,104.449,87.0408,4.3069,-0.4666,-0.1329,83.3333,87.0408,01LAL001
sp400_load100,59.2,response,400.0,100.0,371.8222,28.4459,194.9936,569.8997,100.0,104.4685,87.0571,4.2669,-0.4097,-0.1335,83.3333,87.0571,01LAL001
sp400_load100,59.3,response,400.0,100.0,372.0915,28.1778,194.9938,569.9017,100.0,104.4871,87.0726,4.2267,-0.3533,-0.1341,83.3333,87.0726,01LAL001
sp400_load100,59.4,response,400.0,100.0,372.3618,27.9085,194.994,569.9037,100.0,104.505,87.0875,4.1863,-0.2975,-0.1346,83.3333,87.0875,01LAL001
sp400_load100,59.5,response,400.0,100.0,372.6331,27.6382,194.9942,569.9056,100.0,104.522,87.1017,4.1457,-0.2422,-0.1351,83.3333,87.1017,01LAL001
sp400_load100,59.6,response,400.0,100.0,372.9054,27.3669,194.9943,569.9075,100.0,104.5382,87.1152,4.105,-0.1875,-0.1357,83.3333,87.1152,01LAL001
sp400_load100,59.7,response,400.0,100.0,373.1786,27.0946,194.9945,569.9093,100.0,104.5537,87.1281,4.0642,-0.1333,-0.1361,83.3333,87.1281,01LAL001
sp400_load100,59.8,response,400.0,100.0,373.4527,26.8214,194.9947,569.9111,100.0,104.5683,87.1403,4.0232,-0.0797,-0.1366,83.3333,87.1403,01LAL001
sp400_load100,59.9,response,400.0,100.0,373.7276,26.5473,194.9948,569.9129,100.0,104.5822,87.1518,3.9821,-0.0266,-0.137,83.3333,87.1518,01LAL001
sp400_load100,60.0,response,400.0,100.0,374.0033,26.2724,194.995,569.9147,100.0,104.5952,87.1627,3.9409,0.026,-0.1375,83.3333,87.1627,01LAL001
sp500_load025,0.1,baseline,500.0,60.0,500.0,0.0,165.0,540.04,60.0,60.0,50.0,0.0,0.0,0.0,50.0,50.0,
sp500_load025,0.2,baseline,500.0,60.0,500.0,0.0,165.0,540.0792,60.0,60.0,50.0,0.0,0.0,0.0,50.0,50.0,
sp500_load025,0.3,baseline,500.0,60.0,500.0,0.0,165.0,540.1176,60.0,60.0,50.0,0.0,0.0,0.0,50.0,50.0,
sp500_load025,0.4,baseline,500.0,60.0,500.0,0.0,165.0,540.1553,60.0,60.0,50.0,0.0,0.0,0.0,50.0,50.0,
sp500_load025,0.5,baseline,500.0,60.0,500.0,0.0,165.0,540.1922,60.0,60.0,50.0,0.0,0.0,0.0,50.0,50.0,
sp500_load025,0.6,baseline,500.0,60.0,500.0,0.0,165.0,540.2283,60.0,60.0,50.0,0.0,0.0,0.0,50.0,50.0,
sp500_load025,0.7,baseline,500.0,60.0,500.0,0.0,165.0,540.2637,60.0,60.0,50.0,0.0,0.0,0.0,50.0,50.0,
sp500_load025,0.8,baseline,500.0,60.0,500.0,0.0,165.0,540.2985,60.0,60.0,50.0,0.0,0.0,0.0,50.0,50.0,
sp500_load025,0.9,baseline,500.0,60.0,500.0,0.0,165.0,540.3325,60.0,60.0,50.0,0.0,0.0,0.0,50.0,50.0,
sp500_load025,1.0,baseline,500.0,60.0,500.0,0.0,165.0,540.3659,60.0,60.0,50.0,0.0,0.0,0.0,50.0,50.0,
sp500_load025,1.1,baseline,500.0,60.0,500.0,0.0,165.0,540.3985,60.0,60.0,50.0,0.0,0.0,0.0,50.0,50.0,
sp500_load025,1.2,baseline,500.0,60.0,500.0,0.0,165.0,540.4306,60.0,60.0,50.0,0.0,0.0,0.0,50.0,50.0,
sp500_load025,1.3,baseline,500.0,60.0,500.0,0.0,165.0,540.462,60.0,60.0,50.0,0.0,0.0,0.0,50.0,50.0,
sp500_load025,1.4,baseline,500.0,60.0,500.0,0.0,165.0,540.4927,60.0,60.0,50.0,0.0,0.0,0.0,50.0,50.0,
sp500_load025,1.5,baseline,500.0,60.0,500.0,0.0,165.0,540.5229,60.0,60.0,50.0,0.0,0.0,0.0,50.0,50.0,
sp500_load025,1.6,baseline,500.0,60.0,500.0,0.0,165.0,540.5524,60.0,60.0,50.0,0.0,0.0,0.0,50.0,50.0,
sp500_load025,1.7,baseline,500.0,60.0,500.0,0.0,165.0,540.5814,60.0,60.0,50.0,0.0,0.0,0.0,50.0,50.0,
sp500_load025,1.8,baseline,500.0,60.0,500.0,0.0,165.0,540.6097,60.0,60.0,50.0,0.0,0.0,0.0,50.0,50.0,
sp500_load025,1.9,baseline,500.0,60.0,500.0,0.0,165.0,540.6375,60.0,60.0,50.0,0.0,0.0,0.0,50.0,50.0,
sp500_load025,2.0,baseline,500.0,60.0,500.0,0.0,165.0,540.6648,60.0,60.0,50.0,0.0,0.0,0.0,50.0,50.0,
sp500_load025,2.1,baseline,500.0,60.0,500.0,0.0,165.0,540.6915,60.0,60.0,50.0,0.0,0.0,0.0,50.0,50.0,
sp500_load025,2.2,baseline,500.0,60.0,500.0,0.0,165.0,540.7177,60.0,60.0,50.0,0.0,0.0,0.0,50.0,50.0,
sp500_load025,2.3,baseline,500.0,60.0,500.0,0.0,165.0,540.7433,60.0,60.0,50.0,0.0,0.0,0.0,50.0,50.0,
sp500_load025,2.4,baseline,500.0,60.0,500.0,0.0,165.0,540.7684,60.0,60.0,50.0,0.0,0.0,0.0,50.0,50.0,
sp500_load025,2.5,baseline,500.0,60.0,500.0,0.0,165.0,540.7931,60.0,60.0,50.0,0.0,0.0,0.0,50.0,50.0,
sp500_load025,2.6,baseline,500.0,60.0,500.0,0.0,165.0,540.8172,60.0,60.0,50.0,0.0,0.0,0.0,50.0,50.0,
sp500_load025,2.7,baseline,500.0,60.0,500.0,0.0,165.0,540.8409,60.0,60.0,50.0,0.0,0.0,0.0,50.0,50.0,
sp500_load025,2.8,baseline,500.0,60.0,500.0,0.0,165.0,540.864,60.0,60.0,50.0,0.0,0.0,0.0,50.0,50.0,
sp500_load025,2.9,baseline,500.0,60.0,500.0,0.0,165.0,540.8868,60.0,60.0,50.0,0.0,0.0,0.0,50.0,50.0,
sp500_load025,3.0,baseline,500.0,60.0,500.0,0.0,165.0,540.909,60.0,60.0,50.0,0.0,0.0,0.0,50.0,50.0,
sp500_load025,3.1,baseline,500.0,60.0,500.0,0.0,165.0,540.9309,60.0,60.0,50.0,0.0,0.0,0.0,50.0,50.0,
sp500_load025,3.2,baseline,500.0,60.0,500.0,0.0,165.0,540.9522,60.0,60.0,50.0,0.0,0.0,0.0,50.0,50.0,
sp500_load025,3.3,baseline,500.0,60.0,500.0,0.0,165.0,540.9732,60.0,60.0,50.0,0.0,0.0,0.0,50.0,50.0,
sp500_load025,3.4,baseline,500.0,60.0,500.0,0.0,165.0,540.9937,60.0,60.0,50.0,0.0,0.0,0.0,50.0,50.0,
sp500_load025,3.5,baseline,500.0,60.0,500.0,0.0,165.0,541.0139,60.0,60.0,50.0,0.0,0.0,0.0,50.0,50.0,
sp500_load025,3.6,baseline,500.0,60.0,500.0,0.0,165.0,541.0336,60.0,60.0,50.0,0.0,0.0,0.0,50.0,50.0,
sp500_load025,3.7,baseline,500.0,60.0,500.0,0.0,165.0,541.0529,60.0,60.0,50.0,0.0,0.0,0.0,50.0,50.0,
sp500_load025,3.8,baseline,500.0,60.0,500.0,0.0,165.0,541.0718,60.0,60.0,50.0,0.0,0.0,0.0,50.0,50.0,
sp500_load025,3.9,baseline,500.0,60.0,500.0,0.0,165.0,541.0904,60.0,60.0,50.0,0.0,0.0,0.0,50.0,50.0,
sp500_load025,4.0,baseline,500.0,60.0,500.0,0.0,165.0,541.1086,60.0,60.0,50.0,0.0,0.0,0.0,50.0,50.0,
sp500_load025,4.1,baseline,500.0,60.0,500.0,0.0,165.0,541.1264,60.0,60.0,50.0,0.0,0.0,0.0,50.0,50.0,
sp500_load025,4.2,baseline,500.0,60.0,500.0,0.0,165.0,541.1439,60.0,60.0,50.0,0.0,0.0,0.0,50.0,50.0,
sp500_load025,4.3,baseline,500.0,60.0,500.0,0.0,165.0,541.161,60.0,60.0,50.0,0.0,0.0,0.0,50.0,50.0,
sp500_load025,4.4,baseline,500.0,60.0,500.0,0.0,165.0,541.1778,60.0,60.0,50.0,0.0,0.0,0.0,50.0,50.0,
sp500_load025,4.5,baseline,500.0,60.0,500.0,0.0,165.0,541.1942,60.0,60.0,50.0,0.0,0.0,0.0,50.0,50.0,
sp500_load025,4.6,baseline,500.0,60.0,500.0,0.0,165.0,541.2104,60.0,60.0,50.0,0.0,0.0,0.0,50.0,50.0,
sp500_load025,4.7,baseline,500.0,60.0,500.0,0.0,165.0,541.2262,60.0,60.0,50.0,0.0,0.0,0.0,50.0,50.0,
sp500_load025,4.8,baseline,500.0,60.0,500.0,0.0,165.0,541.2416,60.0,60.0,50.0,0.0,0.0,0.0,50.0,50.0,
sp500_load025,4.9,baseline,500.0,60.0,500.0,0.0,165.0,541.2568,60.0,60.0,50.0,0.0,0.0,0.0,50.0,50.0,
sp500_load025,5.0,baseline,500.0,60.0,500.0,0.0,165.0,541.2717,60.0,60.0,50.0,0.0,0.0,0.0,50.0,50.0,
sp500_load025,5.1,baseline,500.0,60.0,500.0,0.0,165.0,541.2862,60.0,60.0,50.0,0.0,0.0,0.0,50.0,50.0,
sp500_load025,5.2,baseline,500.0,60.0,500.0,0.0,165.0,541.3005,60.0,60.0,50.0,0.0,0.0,0.0,50.0,50.0,
sp500_load025,5.3,baseline,500.0,60.0,500.0,0.0,165.0,541.3145,60.0,60.0,50.0,0.0,0.0,0.0,50.0,50.0,
sp500_load025,5.4,baseline,500.0,60.0,500.0,0.0,165.0,541.3282,60.0,60.0,50.0,0.0,0.0,0.0,50.0,50.0,
sp500_load025,5.5,baseline,500.0,60.0,500.0,0.0,165.0,541.3416,60.0,60.0,50.0,0.0,0.0,0.0,50.0,50.0,
sp500_load025,5.6,baseline,500.0,60.0,500.0,0.0,165.0,541.3548,60.0,60.0,50.0,0.0,0.0,0.0,50.0,50.0,
sp500_load025,5.7,baseline,500.0,60.0,500.0,0.0,165.0,541.3677,60.0,60.0,50.0,0.0,0.0,0.0,50.0,50.0,
sp500_load025,5.8,baseline,500.0,60.0,500.0,0.0,165.0,541.3804,60.0,60.0,50.0,0.0,0.0,0.0,50.0,50.0,
sp500_load025,5.9,baseline,500.0,60.0,500.0,0.0,165.0,541.3927,60.0,60.0,50.0,0.0,0.0,0.0,50.0,50.0,
sp500_load025,6.0,baseline,500.0,60.0,500.0,0.0,165.0,541.4049,60.0,60.0,50.0,0.0,0.0,0.0,50.0,50.0,
sp500_load025,6.1,baseline,500.0,60.0,500.0,0.0,165.0,541.4168,60.0,60.0,50.0,0.0,0.0,0.0,50.0,50.0,
sp500_load025,6.2,baseline,500.0,60.0,500.0,0.0,165.0,541.4285,60.0,60.0,50.0,0.0,0.0,0.0,50.0,50.0,
sp500_load025,6.3,baseline,500.0,60.0,500.0,0.0,165.0,541.4399,60.0,60.0,50.0,0.0,0.0,0.0,50.0,50.0,
sp500_load025,6.4,baseline,500.0,60.0,500.0,0.0,165.0,541.4511,60.0,60.0,50.0,0.0,0.0,0.0,50.0,50.0,
sp500_load025,6.5,baseline,500.0,60.0,500.0,0.0,165.0,541.4621,60.0,60.0,50.0,0.0,0.0,0.0,50.0,50.0,
sp500_load025,6.6,baseline,500.0,60.0,500.0,0.0,165.0,541.4728,60.0,60.0,50.0,0.0,0.0,0.0,50.0,50.0,
sp500_load025,6.7,baseline,500.0,60.0,500.0,0.0,165.0,541.4834,60.0,60.0,50.0,0.0,0.0,0.0,50.0,50.0,
sp500_load025,6.8,baseline,500.0,60.0,500.0,0.0,165.0,541.4937,60.0,60.0,50.0,0.0,0.0,0.0,50.0,50.0,
sp500_load025,6.9,baseline,500.0,60.0,500.0,0.0,165.0,541.5038,60.0,60.0,50.0,0.0,0.0,0.0,50.0,50.0,
sp500_load025,7.0,baseline,500.0,60.0,500.0,0.0,165.0,541.5138,60.0,60.0,50.0,0.0,0.0,0.0,50.0,50.0,
sp500_load025,7.1,baseline,500.0,60.0,500.0,0.0,165.0,541.5235,60.0,60.0,50.0,0.0,0.0,0.0,50.0,50.0,
sp500_load025,7.2,baseline,500.0,60.0,500.0,0.0,165.0,541.533,60.0,60.0,50.0,0.0,0.0,0.0,50.0,50.0,
sp500_load025,7.3,baseline,500.0,60.0,500.0,0.0,165.0,541.5423,60.0,60.0,50.0,0.0,0.0,0.0,50.0,50.0,
sp500_load025,7.4,baseline,500.0,60.0,500.0,0.0,165.0,541.5515,60.0,60.0,50.0,0.0,0.0,0.0,50.0,50.0,
sp500_load025,7.5,baseline,500.0,60.0,500.0,0.0,165.0,541.5605,60.0,60.0,50.0,0.0,0.0,0.0,50.0,50.0,
sp500_load025,7.6,baseline,500.0,60.0,500.0,0.0,165.0,541.5693,60.0,60.0,50.0,0.0,0.0,0.0,50.0,50.0,
sp500_load025,7.7,baseline,500.0,60.0,500.0,0.0,165.0,541.5779,60.0,60.0,50.0,0.0,0.0,0.0,50.0,50.0,
sp500_load025,7.8,baseline,500.0,60.0,500.0,0.0,165.0,541.5863,60.0,60.0,50.0,0.0,0.0,0.0,50.0,50.0,
sp500_load025,7.9,baseline,500.0,60.0,500.0,0.0,165.0,541.5946,60.0,60.0,50.0,0.0,0.0,0.0,50.0,50.0,
sp500_load025,8.0,baseline,500.0,60.0,500.0,0.0,165.0,541.6027,60.0,60.0,50.0,0.0,0.0,0.0,50.0,50.0,
sp500_load025,8.1,baseline,500.0,60.0,500.0,0.0,165.0,541.6106,60.0,60.0,50.0,0.0,0.0,0.0,50.0,50.0,
sp500_load025,8.2,baseline,500.0,60.0,500.0,0.0,165.0,541.6184,60.0,60.0,50.0,0.0,0.0,0.0,50.0,50.0,
sp500_load025,8.3,baseline,500.0,60.0,500.0,0.0,165.0,541.6261,60.0,60.0,50.0,0.0,0.0,0.0,50.0,50.0,
sp500_load025,8.4,baseline,500.0,60.0,500.0,0.0,165.0,541.6335,60.0,60.0,50.0,0.0,0.0,0.0,50.0,50.0,
sp500_load025,8.5,baseline,500.0,60.0,500.0,0.0,165.0,541.6409,60.0,60.0,50.0,0.0,0.0,0.0,50.0,50.0,
sp500_load025,8.6,baseline,500.0,60.0,500.0,0.0,165.0,541.6481,60.0,60.0,50.0,0.0,0.0,0.0,50.0,50.0,
sp500_load025,8.7,baseline,500.0,60.0,500.0,0.0,165.0,541.6551,60.0,60.0,50.0,0.0,0.0,0.0,50.0,50.0,
sp500_load025,8.8,baseline,500.0,60.0,500.0,0.0,165.0,541.662,60.0,60.0,50.0,0.0,0.0,0.0,50.0,50.0,
sp500_load025,8.9,baseline,500.0,60.0,500.0,0.0,165.0,541.6688,60.0,60.0,50.0,0.0,0.0,0.0,50.0,50.0,
sp500_load025,9.0,baseline,500.0,60.0,500.0,0.0,165.0,541.6754,60.0,60.0,50.0,0.0,0.0,0.0,50.0,50.0,
sp500_load025,9.1,baseline,500.0,60.0,500.0,0.0,165.0,541.6819,60.0,60.0,50.0,0.0,0.0,0.0,50.0,50.0,
sp500_load025,9.2,baseline,500.0,60.0,500.0,0.0,165.0,541.6882,60.0,60.0,50.0,0.0,0.0,0.0,50.0,50.0,
sp500_load025,9.3,baseline,500.0,60.0,500.0,0.0,165.0,541.6945,60.0,60.0,50.0,0.0,0.0,0.0,50.0,50.0,
sp500_load025,9.4,baseline,500.0,60.0,500.0,0.0,165.0,541.7006,60.0,60.0,50.0,0.0,0.0,0.0,50.0,50.0,
sp500_load025,9.5,baseline,500.0,60.0,500.0,0.0,165.0,541.7066,60.0,60.0,50.0,0.0,0.0,0.0,50.0,50.0,
sp500_load025,9.6,baseline,500.0,60.0,500.0,0.0,165.0,541.7124,60.0,60.0,50.0,0.0,0.0,0.0,50.0,50.0,
sp500_load025,9.7,baseline,500.0,60.0,500.0,0.0,165.0,541.7182,60.0,60.0,50.0,0.0,0.0,0.0,50.0,50.0,
sp500_load025,9.8,baseline,500.0,60.0,500.0,0.0,165.0,541.7238,60.0,60.0,50.0,0.0,0.0,0.0,50.0,50.0,
sp500_load025,9.9,baseline,500.0,60.0,500.0,0.0,165.0,541.7293,60.0,60.0,50.0,0.0,0.0,0.0,50.0,50.0,
sp500_load025,10.0,baseline,500.0,60.0,500.0,0.0,165.0,541.7348,60.0,60.0,50.0,0.0,0.0,0.0,50.0,50.0,
sp500_load025,10.1,baseline,500.0,60.0,500.0,0.0,165.0,541.7401,60.0,60.0,50.0,0.0,0.0,0.0,50.0,50.0,
sp500_load025,10.2,baseline,500.0,60.0,500.0,0.0,165.0,541.7453,60.0,60.0,50.0,0.0,0.0,0.0,50.0,50.0,
sp500_load025,10.3,baseline,500.0,60.0,500.0,0.0,165.0,541.7504,60.0,60.0,50.0,0.0,0.0,0.0,50.0,50.0,
sp500_load025,10.4,baseline,500.0,60.0,500.0,0.0,165.0,541.7554,60.0,60.0,50.0,0.0,0.0,0.0,50.0,50.0,
sp500_load025,10.5,baseline,500.0,60.0,500.0,0.0,165.0,541.7602,60.0,60.0,50.0,0.0,0.0,0.0,50.0,50.0,
sp500_load025,10.6,baseline,500.0,60.0,500.0,0.0,165.0,541.765,60.0,60.0,50.0,0.0,0.0,0.0,50.0,50.0,
sp500_load025,10.7,baseline,500.0,60.0,500.0,0.0,165.0,541.7697,60.0,60.0,50.0,0.0,0.0,0.0,50.0,50.0,
sp500_load025,10.8,baseline,500.0,60.0,500.0,0.0,165.0,541.7743,60.0,60.0,50.0,0.0,0.0,0.0,50.0,50.0,
sp500_load025,10.9,baseline,500.0,60.0,500.0,0.0,165.0,541.7789,60.0,60.0,50.0,0.0,0.0,0.0,50.0,50.0,
sp500_load025,11.0,baseline,500.0,60.0,500.0,0.0,165.0,541.7833,60.0,60.0,50.0,0.0,0.0,0.0,50.0,50.0,
sp500_load025,11.1,baseline,500.0,60.0,500.0,0.0,165.0,541.7876,60.0,60.0,50.0,0.0,0.0,0.0,50.0,50.0,
sp500_load025,11.2,baseline,500.0,60.0,500.0,0.0,165.0,541.7919,60.0,60.0,50.0,0.0,0.0,0.0,50.0,50.0,
sp500_load025,11.3,baseline,500.0,60.0,500.0,0.0,165.0,541.796,60.0,60.0,50.0,0.0,0.0,0.0,50.0,50.0,
sp500_load025,11.4,baseline,500.0,60.0,500.0,0.0,165.0,541.8001,60.0,60.0,50.0,0.0,0.0,0.0,50.0,50.0,
sp500_load025,11.5,baseline,500.0,60.0,500.0,0.0,165.0,541.8041,60.0,60.0,50.0,0.0,0.0,0.0,50.0,50.0,
sp500_load025,11.6,baseline,500.0,60.0,500.0,0.0,165.0,541.808,60.0,60.0,50.0,0.0,0.0,0.0,50.0,50.0,
sp500_load025,11.7,baseline,500.0,60.0,500.0,0.0,165.0,541.8119,60.0,60.0,50.0,0.0,0.0,0.0,50.0,50.0,
sp500_load025,11.8,baseline,500.0,60.0,500.0,0.0,165.0,541.8156,60.0,60.0,50.0,0.0,0.0,0.0,50.0,50.0,
sp500_load025,11.9,baseline,500.0,60.0,500.0,0.0,165.0,541.8193,60.0,60.0,50.0,0.0,0.0,0.0,50.0,50.0,
sp500_load025,12.0,baseline,500.0,60.0,500.0,0.0,165.0,541.8229,60.0,60.0,50.0,0.0,0.0,0.0,50.0,50.0,
sp500_load025,12.1,baseline,500.0,60.0,500.0,0.0,165.0,541.8265,60.0,60.0,50.0,0.0,0.0,0.0,50.0,50.0,
sp500_load025,12.2,baseline,500.0,60.0,500.0,0.0,165.0,541.8299,60.0,60.0,50.0,0.0,0.0,0.0,50.0,50.0,
sp500_load025,12.3,baseline,500.0,60.0,500.0,0.0,165.0,541.8333,60.0,60.0,50.0,0.0,0.0,0.0,50.0,50.0,
sp500_load025,12.4,baseline,500.0,60.0,500.0,0.0,165.0,541.8367,60.0,60.0,50.0,0.0,0.0,0.0,50.0,50.0,
sp500_load025,12.5,baseline,500.0,60.0,500.0,0.0,165.0,541.8399,60.0,60.0,50.0,0.0,0.0,0.0,50.0,50.0,
sp500_load025,12.6,baseline,500.0,60.0,500.0,0.0,165.0,541.8431,60.0,60.0,50.0,0.0,0.0,0.0,50.0,50.0,
sp500_load025,12.7,baseline,500.0,60.0,500.0,0.0,165.0,541.8463,60.0,60.0,50.0,0.0,0.0,0.0,50.0,50.0,
sp500_load025,12.8,baseline,500.0,60.0,500.0,0.0,165.0,541.8494,60.0,60.0,50.0,0.0,0.0,0.0,50.0,50.0,
sp500_load025,12.9,baseline,500.0,60.0,500.0,0.0,165.0,541.8524,60.0,60.0,50.0,0.0,0.0,0.0,50.0,50.0,
sp500_load025,13.0,baseline,500.0,60.0,500.0,0.0,165.0,541.8553,60.0,60.0,50.0,0.0,0.0,0.0,50.0,50.0,
sp500_load025,13.1,baseline,500.0,60.0,500.0,0.0,165.0,541.8582,60.0,60.0,50.0,0.0,0.0,0.0,50.0,50.0,
sp500_load025,13.2,baseline,500.0,60.0,500.0,0.0,165.0,541.861,60.0,60.0,50.0,0.0,0.0,0.0,50.0,50.0,
sp500_load025,13.3,baseline,500.0,60.0,500.0,0.0,165.0,541.8638,60.0,60.0,50.0,0.0,0.0,0.0,50.0,50.0,
sp500_load025,13.4,baseline,500.0,60.0,500.0,0.0,165.0,541.8665,60.0,60.0,50.0,0.0,0.0,0.0,50.0,50.0,
sp500_load025,13.5,baseline,500.0,60.0,500.0,0.0,165.0,541.8692,60.0,60.0,50.0,0.0,0.0,0.0,50.0,50.0,
sp500_load025,13.6,baseline,500.0,60.0,500.0,0.0,165.0,541.8718,60.0,60.0,50.0,0.0,0.0,0.0,50.0,50.0,
sp500_load025,13.7,baseline,500.0,60.0,500.0,0.0,165.0,541.8744,60.0,60.0,50.0,0.0,0.0,0.0,50.0,50.0,
sp500_load025,13.8,baseline,500.0,60.0,500.0,0.0,165.0,541.8769,60.0,60.0,50.0,0.0,0.0,0.0,50.0,50.0,
sp500_load025,13.9,baseline,500.0,60.0,500.0,0.0,165.0,541.8794,60.0,60.0,50.0,0.0,0.0,0.0,50.0,50.0,
sp500_load025,14.0,baseline,500.0,60.0,500.0,0.0,165.0,541.8818,60.0,60.0,50.0,0.0,0.0,0.0,50.0,50.0,
sp500_load025,14.1,baseline,500.0,60.0,500.0,0.0,165.0,541.8841,60.0,60.0,50.0,0.0,0.0,0.0,50.0,50.0,
sp500_load025,14.2,baseline,500.0,60.0,500.0,0.0,165.0,541.8865,60.0,60.0,50.0,0.0,0.0,0.0,50.0,50.0,
sp500_load025,14.3,baseline,500.0,60.0,500.0,0.0,165.0,541.8887,60.0,60.0,50.0,0.0,0.0,0.0,50.0,50.0,
sp500_load025,14.4,baseline,500.0,60.0,500.0,0.0,165.0,541.891,60.0,60.0,50.0,0.0,0.0,0.0,50.0,50.0,
sp500_load025,14.5,baseline,500.0,60.0,500.0,0.0,165.0,541.8931,60.0,60.0,50.0,0.0,0.0,0.0,50.0,50.0,
sp500_load025,14.6,baseline,500.0,60.0,500.0,0.0,165.0,541.8953,60.0,60.0,50.0,0.0,0.0,0.0,50.0,50.0,
sp500_load025,14.7,baseline,500.0,60.0,500.0,0.0,165.0,541.8974,60.0,60.0,50.0,0.0,0.0,0.0,50.0,50.0,
sp500_load025,14.8,baseline,500.0,60.0,500.0,0.0,165.0,541.8994,60.0,60.0,50.0,0.0,0.0,0.0,50.0,50.0,
sp500_load025,14.9,baseline,500.0,60.0,500.0,0.0,165.0,541.9014,60.0,60.0,50.0,0.0,0.0,0.0,50.0,50.0,
sp500_load025,15.0,baseline,500.0,60.0,500.0,0.0,165.0,541.9034,60.0,60.0,50.0,0.0,0.0,0.0,50.0,50.0,
sp500_load025,15.1,baseline,500.0,60.0,500.0,0.0,165.0,541.9053,60.0,60.0,50.0,0.0,0.0,0.0,50.0,50.0,
sp500_load025,15.2,baseline,500.0,60.0,500.0,0.0,165.0,541.9072,60.0,60.0,50.0,0.0,0.0,0.0,50.0,50.0,
sp500_load025,15.3,baseline,500.0,60.0,500.0,0.0,165.0,541.9091,60.0,60.0,50.0,0.0,0.0,0.0,50.0,50.0,
sp500_load025,15.4,baseline,500.0,60.0,500.0,0.0,165.0,541.9109,60.0,60.0,50.0,0.0,0.0,0.0,50.0,50.0,
sp500_load025,15.5,baseline,500.0,60.0,500.0,0.0,165.0,541.9127,60.0,60.0,50.0,0.0,0.0,0.0,50.0,50.0,
sp500_load025,15.6,baseline,500.0,60.0,500.0,0.0,165.0,541.9144,60.0,60.0,50.0,0.0,0.0,0.0,50.0,50.0,
sp500_load025,15.7,baseline,500.0,60.0,500.0,0.0,165.0,541.9161,60.0,60.0,50.0,0.0,0.0,0.0,50.0,50.0,
sp500_load025,15.8,baseline,500.0,60.0,500.0,0.0,165.0,541.9178,60.0,60.0,50.0,0.0,0.0,0.0,50.0,50.0,
sp500_load025,15.9,baseline,500.0,60.0,500.0,0.0,165.0,541.9195,60.0,60.0,50.0,0.0,0.0,0.0,50.0,50.0,
sp500_load025,16.0,baseline,500.0,60.0,500.0,0.0,165.0,541.9211,60.0,60.0,50.0,0.0,0.0,0.0,50.0,50.0,
sp500_load025,16.1,baseline,500.0,60.0,500.0,0.0,165.0,541.9227,60.0,60.0,50.0,0.0,0.0,0.0,50.0,50.0,
sp500_load025,16.2,baseline,500.0,60.0,500.0,0.0,165.0,541.9242,60.0,60.0,50.0,0.0,0.0,0.0,50.0,50.0,
sp500_load025,16.3,baseline,500.0,60.0,500.0,0.0,165.0,541.9257,60.0,60.0,50.0,0.0,0.0,0.0,50.0,50.0,
sp500_load025,16.4,baseline,500.0,60.0,500.0,0.0,165.0,541.9272,60.0,60.0,50.0,0.0,0.0,0.0,50.0,50.0,
sp500_load025,16.5,baseline,500.0,60.0,500.0,0.0,165.0,541.9287,60.0,60.0,50.0,0.0,0.0,0.0,50.0,50.0,
sp500_load025,16.6,baseline,500.0,60.0,500.0,0.0,165.0,541.9301,60.0,60.0,50.0,0.0,0.0,0.0,50.0,50.0,
sp500_load025,16.7,baseline,500.0,60.0,500.0,0.0,165.0,541.9315,60.0,60.0,50.0,0.0,0.0,0.0,50.0,50.0,
sp500_load025,16.8,baseline,500.0,60.0,500.0,0.0,165.0,541.9329,60.0,60.0,50.0,0.0,0.0,0.0,50.0,50.0,
sp500_load025,16.9,baseline,500.0,60.0,500.0,0.0,165.0,541.9342,60.0,60.0,50.0,0.0,0.0,0.0,50.0,50.0,
sp500_load025,17.0,baseline,500.0,60.0,500.0,0.0,165.0,541.9355,60.0,60.0,50.0,0.0,0.0,0.0,50.0,50.0,
sp500_load025,17.1,baseline,500.0,60.0,500.0,0.0,165.0,541.9368,60.0,60.0,50.0,0.0,0.0,0.0,50.0,50.0,
sp500_load025,17.2,baseline,500.0,60.0,500.0,0.0,165.0,541.9381,60.0,60.0,50.0,0.0,0.0,0.0,50.0,50.0,
sp500_load025,17.3,baseline,500.0,60.0,500.0,0.0,165.0,541.9393,60.0,60.0,50.0,0.0,0.0,0.0,50.0,50.0,
sp500_load025,17.4,baseline,500.0,60.0,500.0,0.0,165.0,541.9405,60.0,60.0,50.0,0.0,0.0,0.0,50.0,50.0,
sp500_load025,17.5,baseline,500.0,60.0,500.0,0.0,165.0,541.9417,60.0,60.0,50.0,0.0,0.0,0.0,50.0,50.0,
sp500_load025,17.6,baseline,500.0,60.0,500.0,0.0,165.0,541.9429,60.0,60.0,50.0,0.0,0.0,0.0,50.0,50.0,
sp500_load025,17.7,baseline,500.0,60.0,500.0,0.0,165.0,541.944,60.0,60.0,50.0,0.0,0.0,0.0,50.0,50.0,
sp500_load025,17.8,baseline,500.0,60.0,500.0,0.0,165.0,541.9451,60.0,60.0,50.0,0.0,0.0,0.0,50.0,50.0,
sp500_load025,17.9,baseline,500.0,60.0,500.0,0.0,165.0,541.9462,60.0,60.0,50.0,0.0,0.0,0.0,50.0,50.0,
sp500_load025,18.0,baseline,500.0,60.0,500.0,0.0,165.0,541.9473,60.0,60.0,50.0,0.0,0.0,0.0,50.0,50.0,
sp500_load025,18.1,baseline,500.0,60.0,500.0,0.0,165.0,541.9484,60.0,60.0,50.0,0.0,0.0,0.0,50.0,50.0,
sp500_load025,18.2,baseline,500.0,60.0,500.0,0.0,165.0,541.9494,60.0,60.0,50.0,0.0,0.0,0.0,50.0,50.0,
sp500_load025,18.3,baseline,500.0,60.0,500.0,0.0,165.0,541.9504,60.0,60.0,50.0,0.0,0.0,0.0,50.0,50.0,
sp500_load025,18.4,baseline,500.0,60.0,500.0,0.0,165.0,541.9514,60.0,60.0,50.0,0.0,0.0,0.0,50.0,50.0,
sp500_load025,18.5,baseline,500.0,60.0,500.0,0.0,165.0,541.9524,60.0,60.0,50.0,0.0,0.0,0.0,50.0,50.0,
sp500_load025,18.6,baseline,500.0,60.0,500.0,0.0,165.0,541.9533,60.0,60.0,50.0,0.0,0.0,0.0,50.0,50.0,
sp500_load025,18.7,baseline,500.0,60.0,500.0,0.0,165.0,541.9543,60.0,60.0,50.0,0.0,0.0,0.0,50.0,50.0,
sp500_load025,18.8,baseline,500.0,60.0,500.0,0.0,165.0,541.9552,60.0,60.0,50.0,0.0,0.0,0.0,50.0,50.0,
sp500_load025,18.9,baseline,500.0,60.0,500.0,0.0,165.0,541.9561,60.0,60.0,50.0,0.0,0.0,0.0,50.0,50.0,
sp500_load025,19.0,baseline,500.0,60.0,500.0,0.0,165.0,541.9569,60.0,60.0,50.0,0.0,0.0,0.0,50.0,50.0,
sp500_load025,19.1,baseline,500.0,60.0,500.0,0.0,165.0,541.9578,60.0,60.0,50.0,0.0,0.0,0.0,50.0,50.0,
sp500_load025,19.2,baseline,500.0,60.0,500.0,0.0,165.0,541.9587,60.0,60.0,50.0,0.0,0.0,0.0,50.0,50.0,
sp500_load025,19.3,baseline,500.0,60.0,500.0,0.0,165.0,541.9595,60.0,60.0,50.0,0.0,0.0,0.0,50.0,50.0,
sp500_load025,19.4,baseline,500.0,60.0,500.0,0.0,165.0,541.9603,60.0,60.0,50.0,0.0,0.0,0.0,50.0,50.0,
sp500_load025,19.5,baseline,500.0,60.0,500.0,0.0,165.0,541.9611,60.0,60.0,50.0,0.0,0.0,0.0,50.0,50.0,
sp500_load025,19.6,baseline,500.0,60.0,500.0,0.0,165.0,541.9619,60.0,60.0,50.0,0.0,0.0,0.0,50.0,50.0,
sp500_load025,19.7,baseline,500.0,60.0,500.0,0.0,165.0,541.9626,60.0,60.0,50.0,0.0,0.0,0.0,50.0,50.0,
sp500_load025,19.8,baseline,500.0,60.0,500.0,0.0,165.0,541.9634,60.0,60.0,50.0,0.0,0.0,0.0,50.0,50.0,
sp500_load025,19.9,baseline,500.0,60.0,500.0,0.0,165.0,541.9641,60.0,60.0,50.0,0.0,0.0,0.0,50.0,50.0,
sp500_load025,20.0,baseline,500.0,60.0,500.0,0.0,165.0,541.9648,60.0,60.0,50.0,0.0,0.0,0.0,50.0,50.0,
sp500_load025,20.1,baseline,500.0,60.0,500.0,0.0,165.0,541.9655,60.0,60.0,50.0,0.0,0.0,0.0,50.0,50.0,
sp500_load025,20.2,baseline,500.0,60.0,500.0,0.0,165.0,541.9662,60.0,60.0,50.0,0.0,0.0,0.0,50.0,50.0,
sp500_load025,20.3,baseline,500.0,60.0,500.0,0.0,165.0,541.9669,60.0,60.0,50.0,0.0,0.0,0.0,50.0,50.0,
sp500_load025,20.4,baseline,500.0,60.0,500.0,0.0,165.0,541.9676,60.0,60.0,50.0,0.0,0.0,0.0,50.0,50.0,
sp500_load025,20.5,baseline,500.0,60.0,500.0,0.0,165.0,541.9682,60.0,60.0,50.0,0.0,0.0,0.0,50.0,50.0,
sp500_load025,20.6,baseline,500.0,60.0,500.0,0.0,165.0,541.9688,60.0,60.0,50.0,0.0,0.0,0.0,50.0,50.0,
sp500_load025,20.7,baseline,500.0,60.0,500.0,0.0,165.0,541.9695,60.0,60.0,50.0,0.0,0.0,0.0,50.0,50.0,
sp500_load025,20.8,baseline,500.0,60.0,500.0,0.0,165.0,541.9701,60.0,60.0,50.0,0.0,0.0,0.0,50.0,50.0,
sp500_load025,20.9,baseline,500.0,60.0,500.0,0.0,165.0,541.9707,60.0,60.0,50.0,0.0,0.0,0.0,50.0,50.0,
sp500_load025,21.0,baseline,500.0,60.0,500.0,0.0,165.0,541.9713,60.0,60.0,50.0,0.0,0.0,0.0,50.0,50.0,
sp500_load025,21.1,baseline,500.0,60.0,500.0,0.0,165.0,541.9718,60.0,60.0,50.0,0.0,0.0,0.0,50.0,50.0,
sp500_load025,21.2,baseline,500.0,60.0,500.0,0.0,165.0,541.9724,60.0,60.0,50.0,0.0,0.0,0.0,50.0,50.0,
sp500_load025,21.3,baseline,500.0,60.0,500.0,0.0,165.0,541.9729,60.0,60.0,50.0,0.0,0.0,0.0,50.0,50.0,
sp500_load025,21.4,baseline,500.0,60.0,500.0,0.0,165.0,541.9735,60.0,60.0,50.0,0.0,0.0,0.0,50.0,50.0,
sp500_load025,21.5,baseline,500.0,60.0,500.0,0.0,165.0,541.974,60.0,60.0,50.0,0.0,0.0,0.0,50.0,50.0,
sp500_load025,21.6,baseline,500.0,60.0,500.0,0.0,165.0,541.9745,60.0,60.0,50.0,0.0,0.0,0.0,50.0,50.0,
sp500_load025,21.7,baseline,500.0,60.0,500.0,0.0,165.0,541.975,60.0,60.0,50.0,0.0,0.0,0.0,50.0,50.0,
sp500_load025,21.8,baseline,500.0,60.0,500.0,0.0,165.0,541.9755,60.0,60.0,50.0,0.0,0.0,0.0,50.0,50.0,
sp500_load025,21.9,baseline,500.0,60.0,500.0,0.0,165.0,541.976,60.0,60.0,50.0,0.0,0.0,0.0,50.0,50.0,
sp500_load025,22.0,baseline,500.0,60.0,500.0,0.0,165.0,541.9765,60.0,60.0,50.0,0.0,0.0,0.0,50.0,50.0,
sp500_load025,22.1,baseline,500.0,60.0,500.0,0.0,165.0,541.977,60.0,60.0,50.0,0.0,0.0,0.0,50.0,50.0,
sp500_load025,22.2,baseline,500.0,60.0,500.0,0.0,165.0,541.9774,60.0,60.0,50.0,0.0,0.0,0.0,50.0,50.0,
sp500_load025,22.3,baseline,500.0,60.0,500.0,0.0,165.0,541.9779,60.0,60.0,50.0,0.0,0.0,0.0,50.0,50.0,
sp500_load025,22.4,baseline,500.0,60.0,500.0,0.0,165.0,541.9783,60.0,60.0,50.0,0.0,0.0,0.0,50.0,50.0,
sp500_load025,22.5,baseline,500.0,60.0,500.0,0.0,165.0,541.9788,60.0,60.0,50.0,0.0,0.0,0.0,50.0,50.0,
sp500_load025,22.6,baseline,500.0,60.0,500.0,0.0,165.0,541.9792,60.0,60.0,50.0,0.0,0.0,0.0,50.0,50.0,
sp500_load025,22.7,baseline,500.0,60.0,500.0,0.0,165.0,541.9796,60.0,60.0,50.0,0.0,0.0,0.0,50.0,50.0,
sp500_load025,22.8,baseline,500.0,60.0,500.0,0.0,165.0,541.98,60.0,60.0,50.0,0.0,0.0,0.0,50.0,50.0,
sp500_load025,22.9,baseline,500.0,60.0,500.0,0.0,165.0,541.9804,60.0,60.0,50.0,0.0,0.0,0.0,50.0,50.0,
sp500_load025,23.0,baseline,500.0,60.0,500.0,0.0,165.0,541.9808,60.0,60.0,50.0,0.0,0.0,0.0,50.0,50.0,
sp500_load025,23.1,baseline,500.0,60.0,500.0,0.0,165.0,541.9812,60.0,60.0,50.0,0.0,0.0,0.0,50.0,50.0,
sp500_load025,23.2,baseline,500.0,60.0,500.0,0.0,165.0,541.9816,60.0,60.0,50.0,0.0,0.0,0.0,50.0,50.0,
sp500_load025,23.3,baseline,500.0,60.0,500.0,0.0,165.0,541.9819,60.0,60.0,50.0,0.0,0.0,0.0,50.0,50.0,
sp500_load025,23.4,baseline,500.0,60.0,500.0,0.0,165.0,541.9823,60.0,60.0,50.0,0.0,0.0,0.0,50.0,50.0,
sp500_load025,23.5,baseline,500.0,60.0,500.0,0.0,165.0,541.9827,60.0,60.0,50.0,0.0,0.0,0.0,50.0,50.0,
sp500_load025,23.6,baseline,500.0,60.0,500.0,0.0,165.0,541.983,60.0,60.0,50.0,0.0,0.0,0.0,50.0,50.0,
sp500_load025,23.7,baseline,500.0,60.0,500.0,0.0,165.0,541.9833,60.0,60.0,50.0,0.0,0.0,0.0,50.0,50.0,
sp500_load025,23.8,baseline,500.0,60.0,500.0,0.0,165.0,541.9837,60.0,60.0,50.0,0.0,0.0,0.0,50.0,50.0,
sp500_load025,23.9,baseline,500.0,60.0,500.0,0.0,165.0,541.984,60.0,60.0,50.0,0.0,0.0,0.0,50.0,50.0,
sp500_load025,24.0,baseline,500.0,60.0,500.0,0.0,165.0,541.9843,60.0,60.0,50.0,0.0,0.0,0.0,50.0,50.0,
sp500_load025,24.1,baseline,500.0,60.0,500.0,0.0,165.0,541.9846,60.0,60.0,50.0,0.0,0.0,0.0,50.0,50.0,
sp500_load025,24.2,baseline,500.0,60.0,500.0,0.0,165.0,541.9849,60.0,60.0,50.0,0.0,0.0,0.0,50.0,50.0,
sp500_load025,24.3,baseline,500.0,60.0,500.0,0.0,165.0,541.9852,60.0,60.0,50.0,0.0,0.0,0.0,50.0,50.0,
sp500_load025,24.4,baseline,500.0,60.0,500.0,0.0,165.0,541.9855,60.0,60.0,50.0,0.0,0.0,0.0,50.0,50.0,
sp500_load025,24.5,baseline,500.0,60.0,500.0,0.0,165.0,541.9858,60.0,60.0,50.0,0.0,0.0,0.0,50.0,50.0,
sp500_load025,24.6,baseline,500.0,60.0,500.0,0.0,165.0,541.9861,60.0,60.0,50.0,0.0,0.0,0.0,50.0,50.0,
sp500_load025,24.7,baseline,500.0,60.0,500.0,0.0,165.0,541.9864,60.0,60.0,50.0,0.0,0.0,0.0,50.0,50.0,
sp500_load025,24.8,baseline,500.0,60.0,500.0,0.0,165.0,541.9867,60.0,60.0,50.0,0.0,0.0,0.0,50.0,50.0,
sp500_load025,24.9,baseline,500.0,60.0,500.0,0.0,165.0,541.9869,60.0,60.0,50.0,0.0,0.0,0.0,50.0,50.0,
sp500_load025,25.0,baseline,500.0,60.0,500.0,0.0,165.0,541.9872,60.0,60.0,50.0,0.0,0.0,0.0,50.0,50.0,
sp500_load025,25.1,baseline,500.0,60.0,500.0,0.0,165.0,541.9874,60.0,60.0,50.0,0.0,0.0,0.0,50.0,50.0,
sp500_load025,25.2,baseline,500.0,60.0,500.0,0.0,165.0,541.9877,60.0,60.0,50.0,0.0,0.0,0.0,50.0,50.0,
sp500_load025,25.3,baseline,500.0,60.0,500.0,0.0,165.0,541.9879,60.0,60.0,50.0,0.0,0.0,0.0,50.0,50.0,
sp500_load025,25.4,baseline,500.0,60.0,500.0,0.0,165.0,541.9882,60.0,60.0,50.0,0.0,0.0,0.0,50.0,50.0,
sp500_load025,25.5,baseline,500.0,60.0,500.0,0.0,165.0,541.9884,60.0,60.0,50.0,0.0,0.0,0.0,50.0,50.0,
sp500_load025,25.6,baseline,500.0,60.0,500.0,0.0,165.0,541.9887,60.0,60.0,50.0,0.0,0.0,0.0,50.0,50.0,
sp500_load025,25.7,baseline,500.0,60.0,500.0,0.0,165.0,541.9889,60.0,60.0,50.0,0.0,0.0,0.0,50.0,50.0,
sp500_load025,25.8,baseline,500.0,60.0,500.0,0.0,165.0,541.9891,60.0,60.0,50.0,0.0,0.0,0.0,50.0,50.0,
sp500_load025,25.9,baseline,500.0,60.0,500.0,0.0,165.0,541.9893,60.0,60.0,50.0,0.0,0.0,0.0,50.0,50.0,
sp500_load025,26.0,baseline,500.0,60.0,500.0,0.0,165.0,541.9895,60.0,60.0,50.0,0.0,0.0,0.0,50.0,50.0,
sp500_load025,26.1,baseline,500.0,60.0,500.0,0.0,165.0,541.9897,60.0,60.0,50.0,0.0,0.0,0.0,50.0,50.0,
sp500_load025,26.2,baseline,500.0,60.0,500.0,0.0,165.0,541.9899,60.0,60.0,50.0,0.0,0.0,0.0,50.0,50.0,
sp500_load025,26.3,baseline,500.0,60.0,500.0,0.0,165.0,541.9901,60.0,60.0,50.0,0.0,0.0,0.0,50.0,50.0,
sp500_load025,26.4,baseline,500.0,60.0,500.0,0.0,165.0,541.9903,60.0,60.0,50.0,0.0,0.0,0.0,50.0,50.0,
sp500_load025,26.5,baseline,500.0,60.0,500.0,0.0,165.0,541.9905,60.0,60.0,50.0,0.0,0.0,0.0,50.0,50.0,
sp500_load025,26.6,baseline,500.0,60.0,500.0,0.0,165.0,541.9907,60.0,60.0,50.0,0.0,0.0,0.0,50.0,50.0,
sp500_load025,26.7,baseline,500.0,60.0,500.0,0.0,165.0,541.9909,60.0,60.0,50.0,0.0,0.0,0.0,50.0,50.0,
sp500_load025,26.8,baseline,500.0,60.0,500.0,0.0,165.0,541.9911,60.0,60.0,50.0,0.0,0.0,0.0,50.0,50.0,
sp500_load025,26.9,baseline,500.0,60.0,500.0,0.0,165.0,541.9913,60.0,60.0,50.0,0.0,0.0,0.0,50.0,50.0,
sp500_load025,27.0,baseline,500.0,60.0,500.0,0.0,165.0,541.9914,60.0,60.0,50.0,0.0,0.0,0.0,50.0,50.0,
sp500_load025,27.1,baseline,500.0,60.0,500.0,0.0,165.0,541.9916,60.0,60.0,50.0,0.0,0.0,0.0,50.0,50.0,
sp500_load025,27.2,baseline,500.0,60.0,500.0,0.0,165.0,541.9918,60.0,60.0,50.0,0.0,0.0,0.0,50.0,50.0,
sp500_load025,27.3,baseline,500.0,60.0,500.0,0.0,165.0,541.992,60.0,60.0,50.0,0.0,0.0,0.0,50.0,50.0,
sp500_load025,27.4,baseline,500.0,60.0,500.0,0.0,165.0,541.9921,60.0,60.0,50.0,0.0,0.0,0.0,50.0,50.0,
sp500_load025,27.5,baseline,500.0,60.0,500.0,0.0,165.0,541.9923,60.0,60.0,50.0,0.0,0.0,0.0,50.0,50.0,
sp500_load025,27.6,baseline,500.0,60.0,500.0,0.0,165.0,541.9924,60.0,60.0,50.0,0.0,0.0,0.0,50.0,50.0,
sp500_load025,27.7,baseline,500.0,60.0,500.0,0.0,165.0,541.9926,60.0,60.0,50.0,0.0,0.0,0.0,50.0,50.0,
sp500_load025,27.8,baseline,500.0,60.0,500.0,0.0,165.0,541.9927,60.0,60.0,50.0,0.0,0.0,0.0,50.0,50.0,
sp500_load025,27.9,baseline,500.0,60.0,500.0,0.0,165.0,541.9929,60.0,60.0,50.0,0.0,0.0,0.0,50.0,50.0,
sp500_load025,28.0,baseline,500.0,60.0,500.0,0.0,165.0,541.993,60.0,60.0,50.0,0.0,0.0,0.0,50.0,50.0,
sp500_load025,28.1,baseline,500.0,60.0,500.0,0.0,165.0,541.9932,60.0,60.0,50.0,0.0,0.0,0.0,50.0,50.0,
sp500_load025,28.2,baseline,500.0,60.0,500.0,0.0,165.0,541.9933,60.0,60.0,50.0,0.0,0.0,0.0,50.0,50.0,
sp500_load025,28.3,baseline,500.0,60.0,500.0,0.0,165.0,541.9934,60.0,60.0,50.0,0.0,0.0,0.0,50.0,50.0,
sp500_load025,28.4,baseline,500.0,60.0,500.0,0.0,165.0,541.9936,60.0,60.0,50.0,0.0,0.0,0.0,50.0,50.0,
sp500_load025,28.5,baseline,500.0,60.0,500.0,0.0,165.0,541.9937,60.0,60.0,50.0,0.0,0.0,0.0,50.0,50.0,
sp500_load025,28.6,baseline,500.0,60.0,500.0,0.0,165.0,541.9938,60.0,60.0,50.0,0.0,0.0,0.0,50.0,50.0,
sp500_load025,28.7,baseline,500.0,60.0,500.0,0.0,165.0,541.9939,60.0,60.0,50.0,0.0,0.0,0.0,50.0,50.0,
sp500_load025,28.8,baseline,500.0,60.0,500.0,0.0,165.0,541.9941,60.0,60.0,50.0,0.0,0.0,0.0,50.0,50.0,
sp500_load025,28.9,baseline,500.0,60.0,500.0,0.0,165.0,541.9942,60.0,60.0,50.0,0.0,0.0,0.0,50.0,50.0,
sp500_load025,29.0,baseline,500.0,60.0,500.0,0.0,165.0,541.9943,60.0,60.0,50.0,0.0,0.0,0.0,50.0,50.0,
sp500_load025,29.1,baseline,500.0,60.0,500.0,0.0,165.0,541.9944,60.0,60.0,50.0,0.0,0.0,0.0,50.0,50.0,
sp500_load025,29.2,baseline,500.0,60.0,500.0,0.0,165.0,541.9945,60.0,60.0,50.0,0.0,0.0,0.0,50.0,50.0,
sp500_load025,29.3,baseline,500.0,60.0,500.0,0.0,165.0,541.9946,60.0,60.0,50.0,0.0,0.0,0.0,50.0,50.0,
sp500_load025,29.4,baseline,500.0,60.0,500.0,0.0,165.0,541.9947,60.0,60.0,50.0,0.0,0.0,0.0,50.0,50.0,
sp500_load025,29.5,baseline,500.0,60.0,500.0,0.0,165.0,541.9948,60.0,60.0,50.0,0.0,0.0,0.0,50.0,50.0,
sp500_load025,29.6,baseline,500.0,60.0,500.0,0.0,165.0,541.9949,60.0,60.0,50.0,0.0,0.0,0.0,50.0,50.0,
sp500_load025,29.7,baseline,500.0,60.0,500.0,0.0,165.0,541.995,60.0,60.0,50.0,0.0,0.0,0.0,50.0,50.0,
sp500_load025,29.8,baseline,500.0,60.0,500.0,0.0,165.0,541.9951,60.0,60.0,50.0,0.0,0.0,0.0,50.0,50.0,
sp500_load025,29.9,baseline,500.0,60.0,500.0,0.0,165.0,541.9952,60.0,60.0,50.0,0.0,0.0,0.0,50.0,50.0,
sp500_load025,30.0,baseline,500.0,60.0,500.0,0.0,165.0,541.9953,60.0,60.0,50.0,0.0,0.0,0.0,50.0,50.0,
sp500_load025,30.1,response,500.0,25.0,498.068,0.0,164.937,541.9562,57.2,25.0,20.8333,0.0,0.0,0.0,20.8333,20.8333,
sp500_load025,30.2,response,500.0,25.0,496.3813,1.932,164.8179,541.8818,54.624,26.5116,22.093,0.2898,0.0039,0.966,20.8333,22.093,
sp500_load025,30.3,response,500.0,25.0,494.8466,3.6187,164.6491,541.7758,52.2541,26.6767,22.2306,0.5428,0.0111,0.8434,20.8333,22.2306,
sp500_load025,30.4,response,500.0,25.0,493.4546,5.1534,164.4363,541.6413,50.0738,26.8741,22.3951,0.773,0.0214,0.7673,20.8333,22.3951,
sp500_load025,30.5,response,500.0,25.0,492.1938,6.5454,164.1847,541.4814,48.0679,27.0548,22.5456,0.9818,0.0345,0.696,20.8333,22.5456,
sp500_load025,30.6,response,500.0,25.0,491.0538,7.8062,163.8992,541.2989,46.2224,27.2217,22.6848,1.1709,0.0501,0.6304,20.8333,22.6848,
sp500_load025,30.7,response,500.0,25.0,490.0249,8.9462,163.584,541.0963,44.5246,27.3759,22.8133,1.3419,0.068,0.57,20.8333,22.8133,
sp500_load025,30.8,response,500.0,25.0,489.0982,9.9751,163.2432,540.8758,42.9627,27.5184,22.932,1.4963,0.088,0.5145,20.8333,22.932,
sp500_load025,30.9,response,500.0,25.0,488.2657,10.9018,162.8802,540.6396,41.5256,27.65,23.0417,1.6353,0.1098,0.4633,20.8333,23.0417,
sp500_load025,31.0,response,500.0,25.0,487.5198,11.7343,162.4984,540.3897,40.2036,27.7716,23.143,1.7601,0.1332,0.4163,20.8333,23.143,
sp500_load025,31.1,response,500.0,25.0,486.8536,12.4802,162.1006,540.1277,38.9873,27.8838,23.2365,1.872,0.1582,0.373,20.8333,23.2365,
sp500_load025,31.2,response,500.0,25.0,486.2607,13.1464,161.6897,539.8553,37.8683,27.9875,23.3229,1.972,0.1845,0.3331,20.8333,23.3229,
sp500_load025,31.3,response,500.0,25.0,485.7354,13.7393,161.2678,539.574,36.8389,28.0831,23.4026,2.0609,0.212,0.2964,20.8333,23.4026,
sp500_load025,31.4,response,500.0,25.0,485.2721,14.2646,160.8374,539.285,35.8917,28.1714,23.4762,2.1397,0.2405,0.2627,20.8333,23.4762,
sp500_load025,31.5,response,500.0,25.0,484.8661,14.7279,160.4002,538.9896,35.0204,28.2529,23.5441,2.2092,0.2699,0.2316,20.8333,23.5441,
sp500_load025,31.6,response,500.0,25.0,484.5126,15.1339,159.9581,538.6888,34.2188,28.328,23.6067,2.2701,0.3002,0.203,20.8333,23.6067,
sp500_load025,31.7,response,500.0,25.0,484.2076,15.4874,159.5127,538.3838,33.4813,28.3972,23.6643,2.3231,0.3312,0.1767,20.8333,23.6643,
sp500_load025,31.8,response,500.0,25.0,483.9471,15.7924,159.0654,538.0754,32.8028,28.461,23.7175,2.3689,0.3628,0.1525,20.8333,23.7175,
sp500_load025,31.9,response,500.0,25.0,483.7276,16.0529,158.6174,537.7644,32.1786,28.5197,23.7664,2.4079,0.3949,0.1303,20.8333,23.7664,
sp500_load025,32.0,response,500.0,25.0,483.5457,16.2724,158.17,537.4515,31.6043,28.5737,23.8114,2.4409,0.4274,0.1098,20.8333,23.8114,
sp500_load025,32.1,response,500.0,25.0,483.3986,16.4543,157.7241,537.1376,31.0759,28.6233,23.8527,2.4681,0.4603,0.0909,20.8333,23.8527,
sp500_load025,32.2,response,500.0,25.0,483.2833,16.6014,157.2807,536.8231,30.5899,28.6688,23.8907,2.4902,0.4935,0.0736,20.8333,23.8907,
sp500_load025,32.3,response,500.0,25.0,483.1974,16.7167,156.8405,536.5086,30.1427,28.7105,23.9254,2.5075,0.527,0.0576,20.8333,23.9254,
sp500_load025,32.4,response,500.0,25.0,483.1384,16.8026,156.4042,536.1947,29.7313,28.7487,23.9573,2.5204,0.5606,0.043,20.8333,23.9573,
sp500_load025,32.5,response,500.0,25.0,483.1043,16.8616,155.9725,535.8817,29.3528,28.7836,23.9863,2.5292,0.5943,0.0295,20.8333,23.9863,
sp500_load025,32.6,response,500.0,25.0,483.0929,16.8957,155.5459,535.5701,29.0045,28.8154,24.0129,2.5344,0.6281,0.0171,20.8333,24.0129,
sp500_load025,32.7,response,500.0,25.0,483.1025,16.9071,155.125,535.2603,28.6842,28.8444,24.037,2.5361,0.6619,0.0057,20.8333,24.037,
sp500_load025,32.8,response,500.0,25.0,483.1314,16.8975,154.71,534.9526,28.3894,28.8706,24.0588,2.5346,0.6957,-0.0048,20.8333,24.0588,
sp500_load025,32.9,response,500.0,25.0,483.178,16.8686,154.3013,534.6472,28.1183,28.8943,24.0786,2.5303,0.7294,-0.0144,20.8333,24.0786,
sp500_load025,33.0,response,500.0,25.0,483.2408,16.822,153.8993,534.3444,27.8688,28.9157,24.0964,2.5233,0.7631,-0.0233,20.8333,24.0964,
sp500_load025,33.1,response,500.0,25.0,483.3185,16.7592,153.5042,534.0444,27.6393,28.9349,24.1124,2.5139,0.7966,-0.0314,20.8333,24.1124,
sp500_load025,33.2,response,500.0,25.0,483.41,16.6815,153.1162,533.7476,27.4282,28.952,24.1266,2.5022,0.83,-0.0389,20.8333,24.1266,
sp500_load025,33.3,response,500.0,25.0,483.5139,16.59,152.7355,533.4539,27.2339,28.9671,24.1393,2.4885,0.8631,-0.0457,20.8333,24.1393,
sp500_load025,33.4,response,500.0,25.0,483.6295,16.4861,152.3622,533.1636,27.0552,28.9804,24.1504,2.4729,0.8961,-0.052,20.8333,24.1504,
sp500_load025,33.5,response,500.0,25.0,483.7555,16.3705,151.9964,532.8768,26.8908,28.992,24.16,2.4556,0.9289,-0.0578,20.8333,24.16,
sp500_load025,33.6,response,500.0,25.0,483.8913,16.2445,151.6381,532.5936,26.7395,29.002,24.1683,2.4367,0.9613,-0.063,20.8333,24.1683,
sp500_load025,33.7,response,500.0,25.0,484.0359,16.1087,151.2875,532.3141,26.6004,29.0104,24.1753,2.4163,0.9936,-0.0679,20.8333,24.1753,
sp500_load025,33.8,response,500.0,25.0,484.1886,15.9641,150.9445,532.0385,26.4723,29.0174,24.1811,2.3946,1.0255,-0.0723,20.8333,24.1811,
sp500_load025,33.9,response,500.0,25.0,484.3487,15.8114,150.6091,531.7666,26.3545,29.023,24.1858,2.3717,1.0571,-0.0764,20.8333,24.1858,
sp500_load025,34.0,response,500.0,25.0,484.5156,15.6513,150.2814,531.4988,26.2462,29.0273,24.1894,2.3477,1.0884,-0.0801,20.8333,24.1894,
sp500_load025,34.1,response,500.0,25.0,484.6886,15.4844,149.9613,531.2348,26.1465,29.0303,24.1919,2.3227,1.1194,-0.0834,20.8333,24.1919,
sp500_load025,34.2,response,500.0,25.0,484.8672,15.3114,149.6486,530.9749,26.0548,29.0322,24.1935,2.2967,1.15,-0.0865,20.8333,24.1935,
sp500_load025,34.3,response,500.0,25.0,485.051,15.1328,149.3435,530.719,25.9704,29.033,24.1942,2.2699,1.1803,-0.0893,20.8333,24.1942,
sp500_load025,34.4,response,500.0,25.0,485.2394,14.949,149.0458,530.4671,25.8928,29.0328,24.194,2.2424,1.2102,-0.0919,20.8333,24.194,
sp500_load025,34.5,response,500.0,25.0,485.432,14.7606,148.7554,530.2193,25.8213,29.0315,24.1929,2.2141,1.2397,-0.0942,20.8333,24.1929,
sp500_load025,34.6,response,500.0,25.0,485.6284,14.568,148.4722,529.9755,25.7556,29.0293,24.1911,2.1852,1.2688,-0.0963,20.8333,24.1911,
sp500_load025,34.7,response,500.0,25.0,485.8283,14.3716,148.1962,529.7357,25.6952,29.0261,24.1884,2.1557,1.2976,-0.0982,20.8333,24.1884,
sp500_load025,34.8,response,500.0,25.0,486.0312,14.1717,147.9272,529.4999,25.6396,29.0221,24.1851,2.1258,1.3259,-0.0999,20.8333,24.1851,
sp500_load025,34.9,response,500.0,25.0,486.237,13.9688,147.6651,529.2682,25.5884,29.0172,24.181,2.0953,1.3538,-0.1015,20.8333,24.181,
sp500_load025,35.0,response,500.0,25.0,486.4452,13.763,147.4099,529.0404,25.5413,29.0116,24.1763,2.0645,1.3814,-0.1029,20.8333,24.1763,
sp500_load025,35.1,response,500.0,25.0,486.6556,13.5548,147.1613,528.8165,25.498,29.0051,24.1709,2.0332,1.4085,-0.1041,20.8333,24.1709,
sp500_load025,35.2,response,500.0,25.0,486.868,13.3444,146.9193,528.5966,25.4582,28.9979,24.165,2.0017,1.4352,-0.1052,20.8333,24.165,
sp500_load025,35.3,response,500.0,25.0,487.0821,13.132,146.6837,528.3806,25.4215,28.9901,24.1584,1.9698,1.4614,-0.1062,20.8333,24.1584,
sp500_load025,35.4,response,500.0,25.0,487.2977,12.9179,146.4544,528.1684,25.3878,28.9815,24.1512,1.9377,1.4873,-0.1071,20.8333,24.1512,
sp500_load025,35.5,response,500.0,25.0,487.5146,12.7023,146.2313,527.96,25.3568,28.9723,24.1435,1.9053,1.5127,-0.1078,20.8333,24.1435,
sp500_load025,35.6,response,500.0,25.0,487.7327,12.4854,146.0142,527.7554,25.3282,28.9624,24.1353,1.8728,1.5376,-0.1085,20.8333,24.1353,
sp500_load025,35.7,response,500.0,25.0,487.9517,12.2673,145.8031,527.5546,25.302,28.9519,24.1266,1.8401,1.5622,-0.109,20.8333,24.1266,
sp500_load025,35.8,response,500.0,25.0,488.1715,12.0483,145.5977,527.3574,25.2778,28.9408,24.1174,1.8072,1.5863,-0.1095,20.8333,24.1174,
sp500_load025,35.9,response,500.0,25.0,488.3919,11.8285,145.3981,527.1638,25.2556,28.9292,24.1077,1.7743,1.6099,-0.1099,20.8333,24.1077,
sp500_load025,36.0,response,500.0,25.0,488.6128,11.6081,145.2039,526.9738,25.2351,28.917,24.0975,1.7412,1.6332,-0.1102,20.8333,24.0975,
sp500_load025,36.1,response,500.0,25.0,488.8341,11.3872,145.0152,526.7874,25.2163,28.9043,24.0869,1.7081,1.6559,-0.1105,20.8333,24.0869,
sp500_load025,36.2,response,500.0,25.0,489.0556,11.1659,144.8317,526.6044,25.199,28.891,24.0758,1.6749,1.6783,-0.1106,20.8333,24.0758,
sp500_load025,36.3,response,500.0,25.0,489.2772,10.9444,144.6534,526.4249,25.1831,28.8773,24.0644,1.6417,1.7001,-0.1108,20.8333,24.0644,
sp500_load025,36.4,response,500.0,25.0,489.4989,10.7228,144.48,526.2487,25.1685,28.863,24.0525,1.6084,1.7216,-0.1108,20.8333,24.0525,
sp500_load025,36.5,response,500.0,25.0,489.7205,10.5011,144.3116,526.0759,25.155,28.8483,24.0403,1.5752,1.7426,-0.1108,20.8333,24.0403,
sp500_load025,36.6,response,500.0,25.0,489.9419,10.2795,144.148,525.9064,25.1426,28.8331,24.0276,1.5419,1.7632,-0.1108,20.8333,24.0276,
sp500_load025,36.7,response,500.0,25.0,490.1631,10.0581,143.989,525.7401,25.1312,28.8175,24.0146,1.5087,1.7833,-0.1107,20.8333,24.0146,
sp500_load025,36.8,response,500.0,25.0,490.384,9.8369,143.8345,525.577,25.1207,28.8015,24.0012,1.4755,1.8029,-0.1106,20.8333,24.0012,
sp500_load025,36.9,response,500.0,25.0,490.6044,9.616,143.6845,525.417,25.111,28.785,23.9875,1.4424,1.8222,-0.1104,20.8333,23.9875,
sp500_load025,37.0,response,500.0,25.0,490.8244,9.3956,143.5388,525.2601,25.1021,28.7681,23.9734,1.4093,1.841,-0.1102,20.8333,23.9734,
sp500_load025,37.1,response,500.0,25.0,491.0438,9.1756,143.3972,525.1062,25.094,28.7508,23.959,1.3763,1.8593,-0.11,20.8333,23.959,
sp500_load025,37.2,response,500.0,25.0,491.2626,8.9562,143.2598,524.9553,25.0865,28.7331,23.9443,1.3434,1.8772,-0.1097,20.8333,23.9443,
sp500_load025,37.3,response,500.0,25.0,491.4807,8.7374,143.1262,524.8073,25.0795,28.7151,23.9293,1.3106,1.8947,-0.1094,20.8333,23.9293,
sp500_load025,37.4,response,500.0,25.0,491.6981,8.5193,142.9966,524.6622,25.0732,28.6967,23.9139,1.2779,1.9117,-0.1091,20.8333,23.9139,
sp500_load025,37.5,response,500.0,25.0,491.9148,8.3019,142.8707,524.5199,25.0673,28.6779,23.8983,1.2453,1.9283,-0.1087,20.8333,23.8983,
sp500_load025,37.6,response,500.0,25.0,492.1306,8.0852,142.7485,524.3804,25.0619,28.6588,23.8823,1.2128,1.9445,-0.1083,20.8333,23.8823,
sp500_load025,37.7,response,500.0,25.0,492.3455,7.8694,142.6298,524.2435,25.057,28.6393,23.8661,1.1804,1.9603,-0.1079,20.8333,23.8661,
sp500_load025,37.8,response,500.0,25.0,492.5595,7.6545,142.5146,524.1094,25.0524,28.6195,23.8496,1.1482,1.9756,-0.1075,20.8333,23.8496,
sp500_load025,37.9,response,500.0,25.0,492.7726,7.4405,142.4028,523.9779,25.0482,28.5994,23.8328,1.1161,1.9904,-0.107,20.8333,23.8328,
sp500_load025,38.0,response,500.0,25.0,492.9847,7.2274,142.2942,523.849,25.0444,28.579,23.8158,1.0841,2.0049,-0.1065,20.8333,23.8158,
sp500_load025,38.1,response,500.0,25.0,493.1957,7.0153,142.1888,523.7226,25.0408,28.5582,23.7985,1.0523,2.0189,-0.106,20.8333,23.7985,
sp500_load025,38.2,response,500.0,25.0,493.4057,6.8043,142.0864,523.5986,25.0376,28.5372,23.781,1.0206,2.0325,-0.1055,20.8333,23.781,
sp500_load025,38.3,response,500.0,25.0,493.6146,6.5943,141.9871,523.4771,25.0346,28.5159,23.7632,0.9891,2.0457,-0.105,20.8333,23.7632,
sp500_load025,38.4,response,500.0,25.0,493.8223,6.3854,141.8907,523.358,25.0318,28.4942,23.7452,0.9578,2.0585,-0.1044,20.8333,23.7452,
sp500_load025,38.5,response,500.0,25.0,494.0289,6.1777,141.7972,523.2413,25.0292,28.4724,23.727,0.9267,2.0709,-0.1039,20.8333,23.727,
sp500_load025,38.6,response,500.0,25.0,494.2343,5.9711,141.7064,523.1268,25.0269,28.4502,23.7085,0.8957,2.0828,-0.1033,20.8333,23.7085,
sp500_load025,38.7,response,500.0,25.0,494.4385,5.7657,141.6182,523.0146,25.0248,28.4278,23.6898,0.8649,2.0943,-0.1027,20.8333,23.6898,
sp500_load025,38.8,response,500.0,25.0,494.6414,5.5615,141.5327,522.9047,25.0228,28.4051,23.6709,0.8342,2.1055,-0.1021,20.8333,23.6709,
sp500_load025,38.9,response,500.0,25.0,494.8431,5.3586,141.4497,522.7969,25.021,28.3822,23.6518,0.8038,2.1162,-0.1015,20.8333,23.6518,
sp500_load025,39.0,response,500.0,25.0,495.0435,5.1569,141.3691,522.6912,25.0193,28.359,23.6325,0.7735,2.1265,-0.1008,20.8333,23.6325,
sp500_load025,39.1,response,500.0,25.0,495.2426,4.9565,141.2909,522.5876,25.0177,28.3356,23.613,0.7435,2.1364,-0.1002,20.8333,23.613,
sp500_load025,39.2,response,500.0,25.0,495.4403,4.7574,141.2151,522.4861,25.0163,28.312,23.5933,0.7136,2.1459,-0.0995,20.8333,23.5933,
sp500_load025,39.3,response,500.0,25.0,495.6367,4.5597,141.1415,522.3866,25.015,28.2881,23.5734,0.684,2.155,-0.0989,20.8333,23.5734,
sp500_load025,39.4,response,500.0,25.0,495.8317,4.3633,141.07,522.2891,25.0138,28.2641,23.5534,0.6545,2.1638,-0.0982,20.8333,23.5534,
sp500_load025,39.5,response,500.0,25.0,496.0253,4.1683,141.0007,522.1935,25.0127,28.2398,23.5332,0.6252,2.1721,-0.0975,20.8333,23.5332,
sp500_load025,39.6,response,500.0,25.0,496.2176,3.9747,140.9335,522.0997,25.0117,28.2153,23.5128,0.5962,2.18,-0.0968,20.8333,23.5128,
sp500_load025,39.7,response,500.0,25.0,496.4083,3.7824,140.8682,522.0079,25.0108,28.1906,23.4922,0.5674,2.1876,-0.0961,20.8333,23.4922,
sp500_load025,39.8,response,500.0,25.0,496.5977,3.5917,140.8049,521.9179,25.0099,28.1658,23.4715,0.5387,2.1948,-0.0954,20.8333,23.4715,
sp500_load025,39.9,response,500.0,25.0,496.7856,3.4023,140.7434,521.8297,25.0091,28.1407,23.4506,0.5103,2.2016,-0.0947,20.8333,23.4506,
sp500_load025,40.0,response,500.0,25.0,496.972,3.2144,140.6838,521.7432,25.0084,28.1155,23.4296,0.4822,2.208,-0.0939,20.8333,23.4296,
sp500_load025,40.1,response,500.0,25.0,497.157,3.028,140.626,521.6584,25.0077,28.0901,23.4084,0.4542,2.2141,-0.0932,20.8333,23.4084,
sp500_load025,40.2,response,500.0,25.0,497.3404,2.843,140.5699,521.5754,25.0071,28.0645,23.3871,0.4265,2.2198,-0.0925,20.8333,23.3871,
sp500_load025,40.3,response,500.0,25.0,497.5223,2.6596,140.5154,521.4939,25.0065,28.0388,23.3656,0.3989,2.2251,-0.0917,20.8333,23.3656,
sp500_load025,40.4,response,500.0,25.0,497.7028,2.4777,140.4626,521.4141,25.006,28.0129,23.3441,0.3716,2.23,-0.091,20.8333,23.3441,
sp500_load025,40.5,response,500.0,25.0,497.8816,2.2972,140.4113,521.3359,25.0055,27.9868,23.3223,0.3446,2.2346,-0.0902,20.8333,23.3223,
sp500_load025,40.6,response,500.0,25.0,498.059,2.1184,140.3616,521.2593,25.0051,27.9606,23.3005,0.3178,2.2389,-0.0894,20.8333,23.3005,
sp500_load025,40.7,response,500.0,25.0,498.2347,1.941,140.3134,521.1842,25.0047,27.9343,23.2786,0.2912,2.2428,-0.0887,20.8333,23.2786,
sp500_load025,40.8,response,500.0,25.0,498.409,1.7653,140.2666,521.1105,25.0043,27.9078,23.2565,0.2648,2.2463,-0.0879,20.8333,23.2565,
sp500_load025,40.9,response,500.0,25.0,498.5816,1.591,140.2212,521.0384,25.004,27.8812,23.2344,0.2387,2.2495,-0.0871,20.8333,23.2344,
sp500_load025,41.0,response,500.0,25.0,498.7526,1.4184,140.1771,520.9677,25.0036,27.8545,23.2121,0.2128,2.2523,-0.0863,20.8333,23.2121,
sp500_load025,41.1,response,500.0,25.0,498.9221,1.2474,140.1344,520.8984,25.0033,27.8277,23.1897,0.1871,2.2548,-0.0855,20.8333,23.1897,
sp500_load025,41.2,response,500.0,25.0,499.09,1.0779,140.0929,520.8304,25.0031,27.8007,23.1672,0.1617,2.257,-0.0847,20.8333,23.1672,
sp500_load025,41.3,response,500.0,25.0,499.2562,0.91,140.0527,520.7639,25.0028,27.7736,23.1447,0.1365,2.2588,-0.0839,20.8333,23.1447,
sp500_load025,41.4,response,500.0,25.0,499.4208,0.7438,140.0137,520.6986,25.0026,27.7464,23.122,0.1116,2.2603,-0.0831,20.8333,23.122,
sp500_load025,41.5,response,500.0,25.0,499.5838,0.5792,139.9758,520.6347,25.0024,27.7192,23.0993,0.0869,2.2614,-0.0823,20.8333,23.0993,
sp500_load025,41.6,response,500.0,25.0,499.7452,0.4162,139.9391,520.572,25.0022,27.6918,23.0765,0.0624,2.2623,-0.0815,20.8333,23.0765,
sp500_load025,41.7,response,500.0,25.0,499.905,0.2548,139.9034,520.5106,25.002,27.6643,23.0536,0.0382,2.2628,-0.0807,20.8333,23.0536,
sp500_load025,41.8,response,500.0,25.0,500.0631,0.095,139.8689,520.4504,25.0019,27.6368,23.0307,0.0143,2.263,-0.0799,20.8333,23.0307,
sp500_load025,41.9,response,500.0,25.0,500.2195,-0.0631,139.8354,520.3914,25.0017,27.6092,23.0077,-0.0095,2.2628,-0.079,20.8333,23.0077,
sp500_load025,42.0,response,500.0,25.0,500.3743,-0.2195,139.8028,520.3336,25.0016,27.5815,22.9846,-0.0329,2.2624,-0.0782,20.8333,22.9846,
sp500_load025,42.1,response,500.0,25.0,500.5274,-0.3743,139.7713,520.277,25.0015,27.5537,22.9614,-0.0561,2.2616,-0.0774,20.8333,22.9614,
sp500_load025,42.2,response,500.0,25.0,500.6789,-0.5274,139.7407,520.2215,25.0013,27.5259,22.9382,-0.0791,2.2606,-0.0766,20.8333,22.9382,
sp500_load025,42.3,response,500.0,25.0,500.8287,-0.6789,139.711,520.1671,25.0012,27.498,22.915,-0.1018,2.2592,-0.0757,20.8333,22.915,
sp500_load025,42.4,response,500.0,25.0,500.9768,-0.8287,139.6822,520.1137,25.0011,27.47,22.8917,-0.1243,2.2576,-0.0749,20.8333,22.8917,
sp500_load025,42.5,response,500.0,25.0,501.1233,-0.9768,139.6542,520.0615,25.001,27.442,22.8684,-0.1465,2.2556,-0.0741,20.8333,22.8684,
sp500_load025,42.6,response,500.0,25.0,501.2681,-1.1233,139.6271,520.0103,25.001,27.414,22.845,-0.1685,2.2534,-0.0732,20.8333,22.845,
sp500_load025,42.7,response,500.0,25.0,501.4112,-1.2681,139.6008,519.9601,25.0009,27.3859,22.8216,-0.1902,2.2508,-0.0724,20.8333,22.8216,
sp500_load025,42.8,response,500.0,25.0,501.5526,-1.4112,139.5753,519.9109,25.0008,27.3577,22.7981,-0.2117,2.248,-0.0715,20.8333,22.7981,
sp500_load025,42.9,response,500.0,25.0,501.6923,-1.5526,139.5506,519.8627,25.0007,27.3296,22.7746,-0.2329,2.2449,-0.0707,20.8333,22.7746,
sp500_load025,43.0,response,500.0,25.0,501.8304,-1.6923,139.5266,519.8154,25.0007,27.3014,22.7511,-0.2538,2.2415,-0.0699,20.8333,22.7511,
sp500_load025,43.1,response,500.0,25.0,501.9667,-1.8304,139.5033,519.7691,25.0006,27.2731,22.7276,-0.2746,2.2379,-0.069,20.8333,22.7276,
sp500_load025,43.2,response,500.0,25.0,502.1014,-1.9667,139.4807,519.7237,25.0006,27.2449,22.7041,-0.295,2.2339,-0.0682,20.8333,22.7041,
sp500_load025,43.3,response,500.0,25.0,502.2343,-2.1014,139.4588,519.6793,25.0005,27.2166,22.6805,-0.3152,2.2297,-0.0673,20.8333,22.6805,
sp500_load025,43.4,response,500.0,25.0,502.3656,-2.2343,139.4376,519.6357,25.0005,27.1883,22.657,-0.3352,2.2253,-0.0665,20.8333,22.657,
sp500_load025,43.5,response,500.0,25.0,502.4952,-2.3656,139.4169,519.593,25.0005,27.1601,22.6334,-0.3548,2.2205,-0.0656,20.8333,22.6334,
sp500_load025,43.6,response,500.0,25.0,502.6231,-2.4952,139.3969,519.5511,25.0004,27.1318,22.6098,-0.3743,2.2155,-0.0648,20.8333,22.6098,
sp500_load025,43.7,response,500.0,25.0,502.7493,-2.6231,139.3775,519.5101,25.0004,27.1035,22.5862,-0.3935,2.2103,-0.0639,20.8333,22.5862,
sp500_load025,43.8,response,500.0,25.0,502.8737,-2.7493,139.3587,519.4699,25.0004,27.0752,22.5626,-0.4124,2.2048,-0.0631,20.8333,22.5626,
sp500_load025,43.9,response,500.0,25.0,502.9965,-2.8737,139.3405,519.4305,25.0003,27.0469,22.5391,-0.4311,2.199,-0.0622,20.8333,22.5391,
sp500_load025,44.0,response,500.0,25.0,503.1176,-2.9965,139.3228,519.3919,25.0003,27.0186,22.5155,-0.4495,2.193,-0.0614,20.8333,22.5155,
sp500_load025,44.1,response,500.0,25.0,503.237,-3.1176,139.3056,519.3541,25.0003,26.9903,22.4919,-0.4676,2.1868,-0.0605,20.8333,22.4919,
sp500_load025,44.2,response,500.0,25.0,503.3548,-3.237,139.2889,519.317,25.0003,26.9621,22.4684,-0.4856,2.1803,-0.0597,20.8333,22.4684,
sp500_load025,44.3,response,500.0,25.0,503.4708,-3.3548,139.2728,519.2807,25.0002,26.9339,22.4449,-0.5032,2.1736,-0.0589,20.8333,22.4449,
sp500_load025,44.4,response,500.0,25.0,503.5851,-3.4708,139.2571,519.2451,25.0002,26.9057,22.4214,-0.5206,2.1667,-0.058,20.8333,22.4214,
sp500_load025,44.5,response,500.0,25.0,503.6977,-3.5851,139.2419,519.2102,25.0002,26.8775,22.3979,-0.5378,2.1595,-0.0572,20.8333,22.3979,
sp500_load025,44.6,response,500.0,25.0,503.8087,-3.6977,139.2271,519.176,25.0002,26.8494,22.3745,-0.5547,2.1521,-0.0563,20.8333,22.3745,
sp500_load025,44.7,response,500.0,25.0,503.918,-3.8087,139.2128,519.1424,25.0002,26.8213,22.3511,-0.5713,2.1445,-0.0555,20.8333,22.3511,
sp500_load025,44.8,response,500.0,25.0,504.0255,-3.918,139.1989,519.1096,25.0002,26.7932,22.3277,-0.5877,2.1367,-0.0546,20.8333,22.3277,
sp500_load025,44.9,response,500.0,25.0,504.1314,-4.0255,139.1855,519.0774,25.0001,26.7652,22.3043,-0.6038,2.1286,-0.0538,20.8333,22.3043,
sp500_load025,45.0,response,500.0,25.0,504.2357,-4.1314,139.1724,519.0459,25.0001,26.7372,22.281,-0.6197,2.1204,-0.053,20.8333,22.281,
sp500_load025,45.1,response,500.0,25.0,504.3382,-4.2357,139.1597,519.0149,25.0001,26.7093,22.2578,-0.6354,2.1119,-0.0521,20.8333,22.2578,
sp500_load025,45.2,response,500.0,25.0,504.4391,-4.3382,139.1474,518.9847,25.0001,26.6814,22.2345,-0.6507,2.1032,-0.0513,20.8333,22.2345,
sp500_load025,45.3,response,500.0,25.0,504.5383,-4.4391,139.1355,518.955,25.0001,26.6536,22.2114,-0.6659,2.0943,-0.0504,20.8333,22.2114,
sp500_load025,45.4,response,500.0,25.0,504.6359,-4.5383,139.124,518.9259,25.0001,26.6259,22.1882,-0.6807,2.0853,-0.0496,20.8333,22.1882,
sp500_load025,45.5,response,500.0,25.0,504.7317,-4.6359,139.1127,518.8973,25.0001,26.5982,22.1652,-0.6954,2.076,-0.0488,20.8333,22.1652,
sp500_load025,45.6,response,500.0,25.0,504.826,-4.7317,139.1019,518.8694,25.0001,26.5706,22.1421,-0.7098,2.0665,-0.0479,20.8333,22.1421,
sp500_load025,45.7,response,500.0,25.0,504.9185,-4.826,139.0913,518.842,25.0001,26.543,22.1192,-0.7239,2.0569,-0.0471,20.8333,22.1192,
sp500_load025,45.8,response,500.0,25.0,505.0095,-4.9185,139.0811,518.8152,25.0001,26.5155,22.0963,-0.7378,2.047,-0.0463,20.8333,22.0963,
sp500_load025,45.9,response,500.0,25.0,505.0988,-5.0095,139.0711,518.7889,25.0001,26.4881,22.0735,-0.7514,2.037,-0.0455,20.8333,22.0735,
sp500_load025,46.0,response,500.0,25.0,505.1864,-5.0988,139.0615,518.7631,25.0001,26.4608,22.0507,-0.7648,2.0268,-0.0446,20.8333,22.0507,
sp500_load025,46.1,response,500.0,25.0,505.2724,-5.1864,139.0522,518.7378,25.0001,26.4336,22.028,-0.778,2.0164,-0.0438,20.8333,22.028,
sp500_load025,46.2,response,500.0,25.0,505.3568,-5.2724,139.0431,518.7131,25.0,26.4064,22.0054,-0.7909,2.0059,-0.043,20.8333,22.0054,
sp500_load025,46.3,response,500.0,25.0,505.4396,-5.3568,139.0343,518.6888,25.0,26.3794,21.9828,-0.8035,1.9952,-0.0422,20.8333,21.9828,
sp500_load025,46.4,response,500.0,25.0,505.5207,-5.4396,139.0258,518.665,25.0,26.3524,21.9603,-0.8159,1.9843,-0.0414,20.8333,21.9603,
sp500_load025,46.5,response,500.0,25.0,505.6002,-5.5207,139.0175,518.6417,25.0,26.3255,21.9379,-0.8281,1.9733,-0.0406,20.8333,21.9379,
sp500_load025,46.6,response,500.0,25.0,505.6782,-5.6002,139.0095,518.6189,25.0,26.2987,21.9156,-0.84,1.9621,-0.0398,20.8333,21.9156,
sp500_load025,46.7,response,500.0,25.0,505.7545,-5.6782,139.0017,518.5965,25.0,26.272,21.8934,-0.8517,1.9507,-0.039,20.8333,21.8934,
sp500_load025,46.8,response,500.0,25.0,505.8292,-5.7545,138.9941,518.5746,25.0,26.2454,21.8712,-0.8632,1.9392,-0.0382,20.8333,21.8712,
sp500_load025,46.9,response,500.0,25.0,505.9023,-5.8292,138.9868,518.5531,25.0,26.219,21.8491,-0.8744,1.9275,-0.0374,20.8333,21.8491,
sp500_load025,47.0,response,500.0,25.0,505.9739,-5.9023,138.9797,518.532,25.0,26.1926,21.8271,-0.8853,1.9157,-0.0366,20.8333,21.8271,
sp500_load025,47.1,response,500.0,25.0,506.0439,-5.9739,138.9728,518.5114,25.0,26.1663,21.8053,-0.8961,1.9038,-0.0358,20.8333,21.8053,
sp500_load025,47.2,response,500.0,25.0,506.1123,-6.0439,138.9661,518.4912,25.0,26.1402,21.7835,-0.9066,1.8917,-0.035,20.8333,21.7835,
sp500_load025,47.3,response,500.0,25.0,506.1791,-6.1123,138.9597,518.4714,25.0,26.1141,21.7618,-0.9168,1.8795,-0.0342,20.8333,21.7618,
sp500_load025,47.4,response,500.0,25.0,506.2444,-6.1791,138.9534,518.4519,25.0,26.0882,21.7402,-0.9269,1.8671,-0.0334,20.8333,21.7402,
sp500_load025,47.5,response,500.0,25.0,506.3081,-6.2444,138.9473,518.4329,25.0,26.0624,21.7186,-0.9367,1.8546,-0.0326,20.8333,21.7186,
sp500_load025,47.6,response,500.0,25.0,506.3703,-6.3081,138.9414,518.4142,25.0,26.0367,21.6972,-0.9462,1.842,-0.0319,20.8333,21.6972,
sp500_load025,47.7,response,500.0,25.0,506.431,-6.3703,138.9356,518.3959,25.0,26.0111,21.6759,-0.9556,1.8293,-0.0311,20.8333,21.6759,
sp500_load025,47.8,response,500.0,25.0,506.4902,-6.431,138.93,518.378,25.0,25.9857,21.6548,-0.9647,1.8164,-0.0303,20.8333,21.6548,
sp500_load025,47.9,response,500.0,25.0,506.5478,-6.4902,138.9246,518.3605,25.0,25.9604,21.6337,-0.9735,1.8034,-0.0296,20.8333,21.6337,
sp500_load025,48.0,response,500.0,25.0,506.6039,-6.5478,138.9194,518.3433,25.0,25.9352,21.6127,-0.9822,1.7903,-0.0288,20.8333,21.6127,
sp500_load025,48.1,response,500.0,25.0,506.6585,-6.6039,138.9143,518.3264,25.0,25.9102,21.5918,-0.9906,1.7771,-0.0281,20.8333,21.5918,
sp500_load025,48.2,response,500.0,25.0,506.7116,-6.6585,138.9094,518.3099,25.0,25.8853,21.5711,-0.9988,1.7638,-0.0273,20.8333,21.5711,
sp500_load025,48.3,response,500.0,25.0,506.7632,-6.7116,138.9046,518.2937,25.0,25.8605,21.5504,-1.0067,1.7504,-0.0266,20.8333,21.5504,
sp500_load025,48.4,response,500.0,25.0,506.8134,-6.7632,138.9,518.2778,25.0,25.8359,21.5299,-1.0145,1.7369,-0.0258,20.8333,21.5299,
sp500_load025,48.5,response,500.0,25.0,506.8621,-6.8134,138.8955,518.2622,25.0,25.8114,21.5095,-1.022,1.7232,-0.0251,20.8333,21.5095,
sp500_load025,48.6,response,500.0,25.0,506.9093,-6.8621,138.8911,518.247,25.0,25.787,21.4892,-1.0293,1.7095,-0.0243,20.8333,21.4892,
sp500_load025,48.7,response,500.0,25.0,506.9551,-6.9093,138.8869,518.2321,25.0,25.7628,21.469,-1.0364,1.6957,-0.0236,20.8333,21.469,
sp500_load025,48.8,response,500.0,25.0,506.9994,-6.9551,138.8828,518.2174,25.0,25.7388,21.449,-1.0433,1.6818,-0.0229,20.8333,21.449,
sp500_load025,48.9,response,500.0,25.0,507.0423,-6.9994,138.8788,518.2031,25.0,25.7148,21.429,-1.0499,1.6678,-0.0222,20.8333,21.429,
sp500_load025,49.0,response,500.0,25.0,507.0837,-7.0423,138.8749,518.189,25.0,25.6911,21.4092,-1.0563,1.6537,-0.0214,20.8333,21.4092,
sp500_load025,49.1,response,500.0,25.0,507.1238,-7.0837,138.8712,518.1752,25.0,25.6675,21.3896,-1.0626,1.6395,-0.0207,20.8333,21.3896,
sp500_load025,49.2,response,500.0,25.0,507.1624,-7.1238,138.8675,518.1617,25.0,25.644,21.37,-1.0686,1.6253,-0.02,20.8333,21.37,
sp500_load025,49.3,response,500.0,25.0,507.1997,-7.1624,138.864,518.1485,25.0,25.6207,21.3506,-1.0744,1.6109,-0.0193,20.8333,21.3506,
sp500_load025,49.4,response,500.0,25.0,507.2355,-7.1997,138.8606,518.1355,25.0,25.5976,21.3313,-1.08,1.5966,-0.0186,20.8333,21.3313,
sp500_load025,49.5,response,500.0,25.0,507.27,-7.2355,138.8573,518.1228,25.0,25.5746,21.3122,-1.0853,1.5821,-0.0179,20.8333,21.3122,
sp500_load025,49.6,response,500.0,25.0,507.3031,-7.27,138.8541,518.1103,25.0,25.5518,21.2931,-1.0905,1.5675,-0.0172,20.8333,21.2931,
sp500_load025,49.7,response,500.0,25.0,507.3349,-7.3031,138.8509,518.0981,25.0,25.5291,21.2742,-1.0955,1.5529,-0.0166,20.8333,21.2742,
sp500_load025,49.8,response,500.0,25.0,507.3653,-7.3349,138.8479,518.0862,25.0,25.5066,21.2555,-1.1002,1.5383,-0.0159,20.8333,21.2555,
sp500_load025,49.9,response,500.0,25.0,507.3943,-7.3653,138.845,518.0745,25.0,25.4843,21.2369,-1.1048,1.5235,-0.0152,20.8333,21.2369,
sp500_load025,50.0,response,500.0,25.0,507.422,-7.3943,138.8421,518.063,25.0,25.4621,21.2184,-1.1091,1.5087,-0.0145,20.8333,21.2184,
sp500_load025,50.1,response,500.0,25.0,507.4484,-7.422,138.8394,518.0517,25.0,25.4401,21.2001,-1.1133,1.4939,-0.0139,20.8333,21.2001,
sp500_load025,50.2,response,500.0,25.0,507.4735,-7.4484,138.8367,518.0407,25.0,25.4182,21.1819,-1.1173,1.479,-0.0132,20.8333,21.1819,
sp500_load025,50.3,response,500.0,25.0,507.4973,-7.4735,138.8341,518.0299,25.0,25.3966,21.1638,-1.121,1.4641,-0.0125,20.8333,21.1638,
sp500_load025,50.4,response,500.0,25.0,507.5198,-7.4973,138.8316,518.0193,25.0,25.3751,21.1459,-1.1246,1.4491,-0.0119,20.8333,21.1459,
sp500_load025,50.5,response,500.0,25.0,507.5411,-7.5198,138.8291,518.0089,25.0,25.3538,21.1281,-1.128,1.434,-0.0113,20.8333,21.1281,
sp500_load025,50.6,response,500.0,25.0,507.561,-7.5411,138.8267,517.9987,25.0,25.3326,21.1105,-1.1312,1.4189,-0.0106,20.8333,21.1105,
sp500_load025,50.7,response,500.0,25.0,507.5797,-7.561,138.8244,517.9887,25.0,25.3116,21.093,-1.1342,1.4038,-0.01,20.8333,21.093,
sp500_load025,50.8,response,500.0,25.0,507.5972,-7.5797,138.8222,517.979,25.0,25.2908,21.0757,-1.137,1.3887,-0.0093,20.8333,21.0757,
sp500_load025,50.9,response,500.0,25.0,507.6134,-7.5972,138.82,517.9694,25.0,25.2702,21.0585,-1.1396,1.3735,-0.0087,20.8333,21.0585,
sp500_load025,51.0,response,500.0,25.0,507.6284,-7.6134,138.8179,517.96,25.0,25.2498,21.0415,-1.142,1.3582,-0.0081,20.8333,21.0415,
sp500_load025,51.1,response,500.0,25.0,507.6421,-7.6284,138.8159,517.9508,25.0,25.2295,21.0246,-1.1443,1.343,-0.0075,20.8333,21.0246,
sp500_load025,51.2,response,500.0,25.0,507.6547,-7.6421,138.8139,517.9418,25.0,25.2094,21.0078,-1.1463,1.3277,-0.0069,20.8333,21.0078,
sp500_load025,51.3,response,500.0,25.0,507.6661,-7.6547,138.812,517.9329,25.0,25.1895,20.9912,-1.1482,1.3124,-0.0063,20.8333,20.9912,
sp500_load025,51.4,response,500.0,25.0,507.6762,-7.6661,138.8101,517.9243,25.0,25.1698,20.9748,-1.1499,1.2971,-0.0057,20.8333,20.9748,
sp500_load025,51.5,response,500.0,25.0,507.6853,-7.6762,138.8083,517.9158,25.0,25.1502,20.9585,-1.1514,1.2817,-0.0051,20.8333,20.9585,
sp500_load025,51.6,response,500.0,25.0,507.6931,-7.6853,138.8066,517.9075,25.0,25.1308,20.9424,-1.1528,1.2663,-0.0045,20.8333,20.9424,
sp500_load025,51.7,response,500.0,25.0,507.6998,-7.6931,138.8049,517.8993,25.0,25.1117,20.9264,-1.154,1.2509,-0.0039,20.8333,20.9264,
sp500_load025,51.8,response,500.0,25.0,507.7054,-7.6998,138.8032,517.8913,25.0,25.0927,20.9106,-1.155,1.2355,-0.0033,20.8333,20.9106,
sp500_load025,51.9,response,500.0,25.0,507.7098,-7.7054,138.8016,517.8835,25.0,25.0739,20.8949,-1.1558,1.2201,-0.0028,20.8333,20.8949,
sp500_load025,52.0,response,500.0,25.0,507.7131,-7.7098,138.8001,517.8758,25.0,25.0552,20.8794,-1.1565,1.2047,-0.0022,20.8333,20.8794,
sp500_load025,52.1,response,500.0,25.0,507.7153,-7.7131,138.7986,517.8683,25.0,25.0368,20.864,-1.157,1.1893,-0.0017,20.8333,20.864,
sp500_load025,52.2,response,500.0,25.0,507.7164,-7.7153,138.7971,517.861,25.0,25.0185,20.8488,-1.1573,1.1739,-0.0011,20.8333,20.8488,
sp500_load025,52.3,response,500.0,25.0,507.7165,-7.7164,138.7957,517.8537,25.0,25.0005,20.8337,-1.1575,1.1584,-0.0006,20.8333,20.8337,
sp500_load025,52.4,response,500.0,25.0,507.7154,-7.7165,138.7943,517.8467,25.0,24.9826,20.8188,-1.1575,1.143,-0.0,20.8333,20.8188,
sp500_load025,52.5,response,500.0,25.0,507.7133,-7.7154,138.793,517.8397,25.0,24.9649,20.8041,-1.1573,1.1276,0.0005,20.8333,20.8041,
sp500_load025,52.6,response,500.0,25.0,507.7102,-7.7133,138.7917,517.8329,25.0,24.9474,20.7895,-1.157,1.1121,0.0011,20.8333,20.7895,
sp500_load025,52.7,response,500.0,25.0,507.706,-7.7102,138.7905,517.8263,25.0,24.9301,20.7751,-1.1565,1.0967,0.0016,20.8333,20.7751,
sp500_load025,52.8,response,500.0,25.0,507.7007,-7.706,138.7893,517.8198,25.0,24.913,20.7608,-1.1559,1.0813,0.0021,20.8333,20.7608,
sp500_load025,52.9,response,500.0,25.0,507.6945,-7.7007,138.7881,517.8134,25.0,24.8961,20.7467,-1.1551,1.0659,0.0026,20.8333,20.7467,
sp500_load025,53.0,response,500.0,25.0,507.6873,-7.6945,138.7869,517.8071,25.0,24.8793,20.7328,-1.1542,1.0505,0.0031,20.8333,20.7328,
sp500_load025,53.1,response,500.0,25.0,507.679,-7.6873,138.7858,517.8009,25.0,24.8628,20.719,-1.1531,1.0351,0.0036,20.8333,20.719,
sp500_load025,53.2,response,500.0,25.0,507.6698,-7.679,138.7848,517.7949,25.0,24.8464,20.7054,-1.1519,1.0198,0.0041,20.8333,20.7054,
sp500_load025,53.3,response,500.0,25.0,507.6596,-7.6698,138.7837,517.789,25.0,24.8303,20.6919,-1.1505,1.0044,0.0046,20.8333,20.6919,
sp500_load025,53.4,response,500.0,25.0,507.6485,-7.6596,138.7827,517.7832,25.0,24.8143,20.6786,-1.1489,0.9891,0.0051,20.8333,20.6786,
sp500_load025,53.5,response,500.0,25.0,507.6364,-7.6485,138.7817,517.7776,25.0,24.7985,20.6655,-1.1473,0.9738,0.0056,20.8333,20.6655,
sp500_load025,53.6,response,500.0,25.0,507.6234,-7.6364,138.7808,517.772,25.0,24.783,20.6525,-1.1455,0.9586,0.006,20.8333,20.6525,
sp500_load025,53.7,response,500.0,25.0,507.6094,-7.6234,138.7798,517.7666,25.0,24.7676,20.6396,-1.1435,0.9433,0.0065,20.8333,20.6396,
sp500_load025,53.8,response,500.0,25.0,507.5946,-7.6094,138.779,517.7613,25.0,24.7524,20.627,-1.1414,0.9281,0.007,20.8333,20.627,
sp500_load025,53.9,response,500.0,25.0,507.5788,-7.5946,138.7781,517.756,25.0,24.7374,20.6145,-1.1392,0.9129,0.0074,20.8333,20.6145,
sp500_load025,54.0,response,500.0,25.0,507.5622,-7.5788,138.7772,517.7509,25.0,24.7226,20.6021,-1.1368,0.8977,0.0079,20.8333,20.6021,
sp500_load025,54.1,response,500.0,25.0,507.5447,-7.5622,138.7764,517.7459,25.0,24.7079,20.5899,-1.1343,0.8826,0.0083,20.8333,20.5899,
sp500_load025,54.2,response,500.0,25.0,507.5263,-7.5447,138.7756,517.741,25.0,24.6935,20.5779,-1.1317,0.8675,0.0088,20.8333,20.5779,
sp500_load025,54.3,response,500.0,25.0,507.507,-7.5263,138.7749,517.7362,25.0,24.6793,20.5661,-1.1289,0.8525,0.0092,20.8333,20.5661,
sp500_load025,54.4,response,500.0,25.0,507.4869,-7.507,138.7741,517.7314,25.0,24.6652,20.5544,-1.1261,0.8375,0.0096,20.8333,20.5544,
sp500_load025,54.5,response,500.0,25.0,507.466,-7.4869,138.7734,517.7268,25.0,24.6514,20.5428,-1.123,0.8225,0.01,20.8333,20.5428,
sp500_load025,54.6,response,500.0,25.0,507.4443,-7.466,138.7727,517.7223,25.0,24.6377,20.5314,-1.1199,0.8076,0.0105,20.8333,20.5314,
sp500_load025,54.7,response,500.0,25.0,507.4217,-7.4443,138.772,517.7178,25.0,24.6243,20.5202,-1.1166,0.7927,0.0109,20.8333,20.5202,
sp500_load025,54.8,response,500.0,25.0,507.3984,-7.4217,138.7714,517.7135,25.0,24.611,20.5092,-1.1133,0.7778,0.0113,20.8333,20.5092,
sp500_load025,54.9,response,500.0,25.0,507.3743,-7.3984,138.7707,517.7092,25.0,24.5979,20.4983,-1.1098,0.763,0.0117,20.8333,20.4983,
sp500_load025,55.0,response,500.0,25.0,507.3494,-7.3743,138.7701,517.705,25.0,24.585,20.4875,-1.1061,0.7483,0.0121,20.8333,20.4875,
sp500_load025,55.1,response,500.0,25.0,507.3237,-7.3494,138.7695,517.7009,25.0,24.5723,20.477,-1.1024,0.7336,0.0124,20.8333,20.477,
sp500_load025,55.2,response,500.0,25.0,507.2973,-7.3237,138.7689,517.6969,25.0,24.5598,20.4665,-1.0986,0.7189,0.0128,20.8333,20.4665,
sp500_load025,55.3,response,500.0,25.0,507.2702,-7.2973,138.7683,517.693,25.0,24.5475,20.4563,-1.0946,0.7043,0.0132,20.8333,20.4563,
sp500_load025,55.4,response,500.0,25.0,507.2423,-7.2702,138.7678,517.6891,25.0,24.5354,20.4462,-1.0905,0.6898,0.0136,20.8333,20.4462,
sp500_load025,55.5,response,500.0,25.0,507.2137,-7.2423,138.7673,517.6853,25.0,24.5235,20.4362,-1.0863,0.6753,0.0139,20.8333,20.4362,
sp500_load025,55.6,response,500.0,25.0,507.1844,-7.2137,138.7667,517.6816,25.0,24.5117,20.4265,-1.0821,0.6609,0.0143,20.8333,20.4265,
sp500_load025,55.7,response,500.0,25.0,507.1544,-7.1844,138.7662,517.678,25.0,24.5002,20.4168,-1.0777,0.6465,0.0146,20.8333,20.4168,
sp500_load025,55.8,response,500.0,25.0,507.1237,-7.1544,138.7657,517.6744,25.0,24.4888,20.4074,-1.0732,0.6322,0.015,20.8333,20.4074,
sp500_load025,55.9,response,500.0,25.0,507.0924,-7.1237,138.7653,517.6709,25.0,24.4777,20.3981,-1.0686,0.618,0.0153,20.8333,20.3981,
sp500_load025,56.0,response,500.0,25.0,507.0604,-7.0924,138.7648,517.6675,25.0,24.4667,20.3889,-1.0639,0.6038,0.0157,20.8333,20.3889,
sp500_load025,56.1,response,500.0,25.0,507.0278,-7.0604,138.7644,517.6642,25.0,24.4559,20.3799,-1.0591,0.5897,0.016,20.8333,20.3799,
sp500_load025,56.2,response,500.0,25.0,506.9945,-7.0278,138.7639,517.6609,25.0,24.4453,20.3711,-1.0542,0.5756,0.0163,20.8333,20.3711,
sp500_load025,56.3,response,500.0,25.0,506.9606,-6.9945,138.7635,517.6577,25.0,24.4349,20.3624,-1.0492,0.5616,0.0166,20.8333,20.3624,
sp500_load025,56.4,response,500.0,25.0,506.9261,-6.9606,138.7631,517.6545,25.0,24.4247,20.3539,-1.0441,0.5477,0.017,20.8333,20.3539,
sp500_load025,56.5,response,500.0,25.0,506.8909,-6.9261,138.7627,517.6514,25.0,24.4146,20.3455,-1.0389,0.5338,0.0173,20.8333,20.3455,
sp500_load025,56.6,response,500.0,25.0,506.8552,-6.8909,138.7623,517.6484,25.0,24.4048,20.3373,-1.0336,0.5201,0.0176,20.8333,20.3373,
sp500_load025,56.7,response,500.0,25.0,506.8189,-6.8552,138.762,517.6454,25.0,24.3951,20.3292,-1.0283,0.5063,0.0179,20.8333,20.3292,
sp500_load025,56.8,response,500.0,25.0,506.7821,-6.8189,138.7616,517.6425,25.0,24.3856,20.3213,-1.0228,0.4927,0.0181,20.8333,20.3213,
sp500_load025,56.9,response,500.0,25.0,506.7446,-6.7821,138.7613,517.6397,25.0,24.3763,20.3136,-1.0173,0.4791,0.0184,20.8333,20.3136,
sp500_load025,57.0,response,500.0,25.0,506.7067,-6.7446,138.7609,517.6369,25.0,24.3672,20.306,-1.0117,0.4656,0.0187,20.8333,20.306,
sp500_load025,57.1,response,500.0,25.0,506.6682,-6.7067,138.7606,517.6341,25.0,24.3583,20.2986,-1.006,0.4522,0.019,20.8333,20.2986,
sp500_load025,57.2,response,500.0,25.0,506.6291,-6.6682,138.7603,517.6314,25.0,24.3495,20.2913,-1.0002,0.4389,0.0193,20.8333,20.2913,
sp500_load025,57.3,response,500.0,25.0,506.5896,-6.6291,138.76,517.6288,25.0,24.3409,20.2841,-0.9944,0.4256,0.0195,20.8333,20.2841,
sp500_load025,57.4,response,500.0,25.0,506.5495,-6.5896,138.7597,517.6262,25.0,24.3326,20.2771,-0.9884,0.4125,0.0198,20.8333,20.2771,
sp500_load025,57.5,response,500.0,25.0,506.509,-6.5495,138.7594,517.6237,25.0,24.3243,20.2703,-0.9824,0.3994,0.02,20.8333,20.2703,
sp500_load025,57.6,response,500.0,25.0,506.468,-6.509,138.7591,517.6212,25.0,24.3163,20.2636,-0.9764,0.3863,0.0203,20.8333,20.2636,
sp500_load025,57.7,response,500.0,25.0,506.4265,-6.468,138.7588,517.6188,25.0,24.3085,20.2571,-0.9702,0.3734,0.0205,20.8333,20.2571,
sp500_load025,57.8,response,500.0,25.0,506.3845,-6.4265,138.7586,517.6164,25.0,24.3008,20.2507,-0.964,0.3606,0.0207,20.8333,20.2507,
sp500_load025,57.9,response,500.0,25.0,506.3421,-6.3845,138.7583,517.6141,25.0,24.2933,20.2444,-0.9577,0.3478,0.021,20.8333,20.2444,
sp500_load025,58.0,response,500.0,25.0,506.2993,-6.3421,138.7581,517.6118,25.0,24.286,20.2383,-0.9513,0.3351,0.0212,20.8333,20.2383,
sp500_load025,58.1,response,500.0,25.0,506.256,-6.2993,138.7578,517.6096,25.0,24.2788,20.2324,-0.9449,0.3225,0.0214,20.8333,20.2324,
sp500_load025,58.2,response,500.0,25.0,506.2123,-6.256,138.7576,517.6074,25.0,24.2719,20.2266,-0.9384,0.31,0.0216,20.8333,20.2266,
sp500_load025,58.3,response,500.0,25.0,506.1682,-6.2123,138.7574,517.6053,25.0,24.2651,20.2209,-0.9319,0.2976,0.0218,20.8333,20.2209,
sp500_load025,58.4,response,500.0,25.0,506.1238,-6.1682,138.7571,517.6032,25.0,24.2585,20.2154,-0.9252,0.2852,0.022,20.8333,20.2154,
sp500_load025,58.5,response,500.0,25.0,506.0789,-6.1238,138.7569,517.6011,25.0,24.252,20.21,-0.9186,0.273,0.0222,20.8333,20.21,
sp500_load025,58.6,response,500.0,25.0,506.0336,-6.0789,138.7567,517.5991,25.0,24.2457,20.2048,-0.9118,0.2608,0.0224,20.8333,20.2048,
sp500_load025,58.7,response,500.0,25.0,505.988,-6.0336,138.7565,517.5971,25.0,24.2396,20.1997,-0.905,0.2488,0.0226,20.8333,20.1997,
sp500_load025,58.8,response,500.0,25.0,505.942,-5.988,138.7563,517.5951,25.0,24.2337,20.1947,-0.8982,0.2368,0.0228,20.8333,20.1947,
sp500_load025,58.9,response,500.0,25.0,505.8957,-5.942,138.7561,517.5932,25.0,24.2279,20.1899,-0.8913,0.2249,0.023,20.8333,20.1899,
sp500_load025,59.0,response,500.0,25.0,505.849,-5.8957,138.7559,517.5914,25.0,24.2223,20.1853,-0.8844,0.2131,0.0232,20.8333,20.1853,
sp500_load025,59.1,response,500.0,25.0,505.802,-5.849,138.7558,517.5895,25.0,24.2169,20.1807,-0.8774,0.2014,0.0233,20.8333,20.1807,
sp500_load025,59.2,response,500.0,25.0,505.7547,-5.802,138.7556,517.5878,25.0,24.2116,20.1763,-0.8703,0.1898,0.0235,20.8333,20.1763,
sp500_load025,59.3,response,500.0,25.0,505.7071,-5.7547,138.7554,517.586,25.0,24.2065,20.1721,-0.8632,0.1783,0.0237,20.8333,20.1721,
sp500_load025,59.4,response,500.0,25.0,505.6592,-5.7071,138.7553,517.5843,25.0,24.2015,20.168,-0.8561,0.1669,0.0238,20.8333,20.168,
sp500_load025,59.5,response,500.0,25.0,505.611,-5.6592,138.7551,517.5826,25.0,24.1968,20.164,-0.8489,0.1556,0.024,20.8333,20.164,
sp500_load025,59.6,response,500.0,25.0,505.5626,-5.611,138.7549,517.5809,25.0,24.1921,20.1601,-0.8417,0.1443,0.0241,20.8333,20.1601,
sp500_load025,59.7,response,500.0,25.0,505.5138,-5.5626,138.7548,517.5793,25.0,24.1877,20.1564,-0.8344,0.1332,0.0242,20.8333,20.1564,
sp500_load025,59.8,response,500.0,25.0,505.4648,-5.5138,138.7547,517.5777,25.0,24.1834,20.1528,-0.8271,0.1222,0.0244,20.8333,20.1528,
sp500_load025,59.9,response,500.0,25.0,505.4156,-5.4648,138.7545,517.5762,25.0,24.1792,20.1494,-0.8197,0.1113,0.0245,20.8333,20.1494,
sp500_load025,60.0,response,500.0,25.0,505.3661,-5.4156,138.7544,517.5747,25.0,24.1753,20.146,-0.8123,0.1004,0.0246,20.8333,20.146,
sp500_load050,0.1,baseline,500.0,60.0,500.0,0.0,165.0,540.04,60.0,60.0,50.0,0.0,0.0,0.0,50.0,50.0,
sp500_load050,0.2,baseline,500.0,60.0,500.0,0.0,165.0,540.0792,60.0,60.0,50.0,0.0,0.0,0.0,50.0,50.0,
sp500_load050,0.3,baseline,500.0,60.0,500.0,0.0,165.0,540.1176,60.0,60.0,50.0,0.0,0.0,0.0,50.0,50.0,
sp500_load050,0.4,baseline,500.0,60.0,500.0,0.0,165.0,540.1553,60.0,60.0,50.0,0.0,0.0,0.0,50.0,50.0,
sp500_load050,0.5,baseline,500.0,60.0,500.0,0.0,165.0,540.1922,60.0,60.0,50.0,0.0,0.0,0.0,50.0,50.0,
sp500_load050,0.6,baseline,500.0,60.0,500.0,0.0,165.0,540.2283,60.0,60.0,50.0,0.0,0.0,0.0,50.0,50.0,
sp500_load050,0.7,baseline,500.0,60.0,500.0,0.0,165.0,540.2637,60.0,60.0,50.0,0.0,0.0,0.0,50.0,50.0,
sp500_load050,0.8,baseline,500.0,60.0,500.0,0.0,165.0,540.2985,60.0,60.0,50.0,0.0,0.0,0.0,50.0,50.0,
sp500_load050,0.9,baseline,500.0,60.0,500.0,0.0,165.0,540.3325,60.0,60.0,50.0,0.0,0.0,0.0,50.0,50.0,
sp500_load050,1.0,baseline,500.0,60.0,500.0,0.0,165.0,540.3659,60.0,60.0,50.0,0.0,0.0,0.0,50.0,50.0,
sp500_load050,1.1,baseline,500.0,60.0,500.0,0.0,165.0,540.3985,60.0,60.0,50.0,0.0,0.0,0.0,50.0,50.0,
sp500_load050,1.2,baseline,500.0,60.0,500.0,0.0,165.0,540.4306,60.0,60.0,50.0,0.0,0.0,0.0,50.0,50.0,
sp500_load050,1.3,baseline,500.0,60.0,500.0,0.0,165.0,540.462,60.0,60.0,50.0,0.0,0.0,0.0,50.0,50.0,
sp500_load050,1.4,baseline,500.0,60.0,500.0,0.0,165.0,540.4927,60.0,60.0,50.0,0.0,0.0,0.0,50.0,50.0,
sp500_load050,1.5,baseline,500.0,60.0,500.0,0.0,165.0,540.5229,60.0,60.0,50.0,0.0,0.0,0.0,50.0,50.0,
sp500_load050,1.6,baseline,500.0,60.0,500.0,0.0,165.0,540.5524,60.0,60.0,50.0,0.0,0.0,0.0,50.0,50.0,
sp500_load050,1.7,baseline,500.0,60.0,500.0,0.0,165.0,540.5814,60.0,60.0,50.0,0.0,0.0,0.0,50.0,50.0,
sp500_load050,1.8,baseline,500.0,60.0,500.0,0.0,165.0,540.6097,60.0,60.0,50.0,0.0,0.0,0.0,50.0,50.0,
sp500_load050,1.9,baseline,500.0,60.0,500.0,0.0,165.0,540.6375,60.0,60.0,50.0,0.0,0.0,0.0,50.0,50.0,
sp500_load050,2.0,baseline,500.0,60.0,500.0,0.0,165.0,540.6648,60.0,60.0,50.0,0.0,0.0,0.0,50.0,50.0,
sp500_load050,2.1,baseline,500.0,60.0,500.0,0.0,165.0,540.6915,60.0,60.0,50.0,0.0,0.0,0.0,50.0,50.0,
sp500_load050,2.2,baseline,500.0,60.0,500.0,0.0,165.0,540.7177,60.0,60.0,50.0,0.0,0.0,0.0,50.0,50.0,
sp500_load050,2.3,baseline,500.0,60.0,500.0,0.0,165.0,540.7433,60.0,60.0,50.0,0.0,0.0,0.0,50.0,50.0,
sp500_load050,2.4,baseline,500.0,60.0,500.0,0.0,165.0,540.7684,60.0,60.0,50.0,0.0,0.0,0.0,50.0,50.0,
sp500_load050,2.5,baseline,500.0,60.0,500.0,0.0,165.0,540.7931,60.0,60.0,50.0,0.0,0.0,0.0,50.0,50.0,
sp500_load050,2.6,baseline,500.0,60.0,500.0,0.0,165.0,540.8172,60.0,60.0,50.0,0.0,0.0,0.0,50.0,50.0,
sp500_load050,2.7,baseline,500.0,60.0,500.0,0.0,165.0,540.8409,60.0,60.0,50.0,0.0,0.0,0.0,50.0,50.0,
sp500_load050,2.8,baseline,500.0,60.0,500.0,0.0,165.0,540.864,60.0,60.0,50.0,0.0,0.0,0.0,50.0,50.0,
sp500_load050,2.9,baseline,500.0,60.0,500.0,0.0,165.0,540.8868,60.0,60.0,50.0,0.0,0.0,0.0,50.0,50.0,
sp500_load050,3.0,baseline,500.0,60.0,500.0,0.0,165.0,540.909,60.0,60.0,50.0,0.0,0.0,0.0,50.0,50.0,
sp500_load050,3.1,baseline,500.0,60.0,500.0,0.0,165.0,540.9309,60.0,60.0,50.0,0.0,0.0,0.0,50.0,50.0,
sp500_load050,3.2,baseline,500.0,60.0,500.0,0.0,165.0,540.9522,60.0,60.0,50.0,0.0,0.0,0.0,50.0,50.0,
sp500_load050,3.3,baseline,500.0,60.0,500.0,0.0,165.0,540.9732,60.0,60.0,50.0,0.0,0.0,0.0,50.0,50.0,
sp500_load050,3.4,baseline,500.0,60.0,500.0,0.0,165.0,540.9937,60.0,60.0,50.0,0.0,0.0,0.0,50.0,50.0,
sp500_load050,3.5,baseline,500.0,60.0,500.0,0.0,165.0,541.0139,60.0,60.0,50.0,0.0,0.0,0.0,50.0,50.0,
sp500_load050,3.6,baseline,500.0,60.0,500.0,0.0,165.0,541.0336,60.0,60.0,50.0,0.0,0.0,0.0,50.0,50.0,
sp500_load050,3.7,baseline,500.0,60.0,500.0,0.0,165.0,541.0529,60.0,60.0,50.0,0.0,0.0,0.0,50.0,50.0,
sp500_load050,3.8,baseline,500.0,60.0,500.0,0.0,165.0,541.0718,60.0,60.0,50.0,0.0,0.0,0.0,50.0,50.0,
sp500_load050,3.9,baseline,500.0,60.0,500.0,0.0,165.0,541.0904,60.0,60.0,50.0,0.0,0.0,0.0,50.0,50.0,
sp500_load050,4.0,baseline,500.0,60.0,500.0,0.0,165.0,541.1086,60.0,60.0,50.0,0.0,0.0,0.0,50.0,50.0,
sp500_load050,4.1,baseline,500.0,60.0,500.0,0.0,165.0,541.1264,60.0,60.0,50.0,0.0,0.0,0.0,50.0,50.0,
sp500_load050,4.2,baseline,500.0,60.0,500.0,0.0,165.0,541.1439,60.0,60.0,50.0,0.0,0.0,0.0,50.0,50.0,
sp500_load050,4.3,baseline,500.0,60.0,500.0,0.0,165.0,541.161,60.0,60.0,50.0,0.0,0.0,0.0,50.0,50.0,
sp500_load050,4.4,baseline,500.0,60.0,500.0,0.0,165.0,541.1778,60.0,60.0,50.0,0.0,0.0,0.0,50.0,50.0,
sp500_load050,4.5,baseline,500.0,60.0,500.0,0.0,165.0,541.1942,60.0,60.0,50.0,0.0,0.0,0.0,50.0,50.0,
sp500_load050,4.6,baseline,500.0,60.0,500.0,0.0,165.0,541.2104,60.0,60.0,50.0,0.0,0.0,0.0,50.0,50.0,
sp500_load050,4.7,baseline,500.0,60.0,500.0,0.0,165.0,541.2262,60.0,60.0,50.0,0.0,0.0,0.0,50.0,50.0,
sp500_load050,4.8,baseline,500.0,60.0,500.0,0.0,165.0,541.2416,60.0,60.0,50.0,0.0,0.0,0.0,50.0,50.0,
sp500_load050,4.9,baseline,500.0,60.0,500.0,0.0,165.0,541.2568,60.0,60.0,50.0,0.0,0.0,0.0,50.0,50.0,
sp500_load050,5.0,baseline,500.0,60.0,500.0,0.0,165.0,541.2717,60.0,60.0,50.0,0.0,0.0,0.0,50.0,50.0,
sp500_load050,5.1,baseline,500.0,60.0,500.0,0.0,165.0,541.2862,60.0,60.0,50.0,0.0,0.0,0.0,50.0,50.0,
sp500_load050,5.2,baseline,500.0,60.0,500.0,0.0,165.0,541.3005,60.0,60.0,50.0,0.0,0.0,0.0,50.0,50.0,
sp500_load050,5.3,baseline,500.0,60.0,500.0,0.0,165.0,541.3145,60.0,60.0,50.0,0.0,0.0,0.0,50.0,50.0,
sp500_load050,5.4,baseline,500.0,60.0,500.0,0.0,165.0,541.3282,60.0,60.0,50.0,0.0,0.0,0.0,50.0,50.0,
sp500_load050,5.5,baseline,500.0,60.0,500.0,0.0,165.0,541.3416,60.0,60.0,50.0,0.0,0.0,0.0,50.0,50.0,
sp500_load050,5.6,baseline,500.0,60.0,500.0,0.0,165.0,541.3548,60.0,60.0,50.0,0.0,0.0,0.0,50.0,50.0,
sp500_load050,5.7,baseline,500.0,60.0,500.0,0.0,165.0,541.3677,60.0,60.0,50.0,0.0,0.0,0.0,50.0,50.0,
sp500_load050,5.8,baseline,500.0,60.0,500.0,0.0,165.0,541.3804,60.0,60.0,50.0,0.0,0.0,0.0,50.0,50.0,
sp500_load050,5.9,baseline,500.0,60.0,500.0,0.0,165.0,541.3927,60.0,60.0,50.0,0.0,0.0,0.0,50.0,50.0,
sp500_load050,6.0,baseline,500.0,60.0,500.0,0.0,165.0,541.4049,60.0,60.0,50.0,0.0,0.0,0.0,50.0,50.0,
sp500_load050,6.1,baseline,500.0,60.0,500.0,0.0,165.0,541.4168,60.0,60.0,50.0,0.0,0.0,0.0,50.0,50.0,
sp500_load050,6.2,baseline,500.0,60.0,500.0,0.0,165.0,541.4285,60.0,60.0,50.0,0.0,0.0,0.0,50.0,50.0,
sp500_load050,6.3,baseline,500.0,60.0,500.0,0.0,165.0,541.4399,60.0,60.0,50.0,0.0,0.0,0.0,50.0,50.0,
sp500_load050,6.4,baseline,500.0,60.0,500.0,0.0,165.0,541.4511,60.0,60.0,50.0,0.0,0.0,0.0,50.0,50.0,
sp500_load050,6.5,baseline,500.0,60.0,500.0,0.0,165.0,541.4621,60.0,60.0,50.0,0.0,0.0,0.0,50.0,50.0,
sp500_load050,6.6,baseline,500.0,60.0,500.0,0.0,165.0,541.4728,60.0,60.0,50.0,0.0,0.0,0.0,50.0,50.0,
sp500_load050,6.7,baseline,500.0,60.0,500.0,0.0,165.0,541.4834,60.0,60.0,50.0,0.0,0.0,0.0,50.0,50.0,
sp500_load050,6.8,baseline,500.0,60.0,500.0,0.0,165.0,541.4937,60.0,60.0,50.0,0.0,0.0,0.0,50.0,50.0,
sp500_load050,6.9,baseline,500.0,60.0,500.0,0.0,165.0,541.5038,60.0,60.0,50.0,0.0,0.0,0.0,50.0,50.0,
sp500_load050,7.0,baseline,500.0,60.0,500.0,0.0,165.0,541.5138,60.0,60.0,50.0,0.0,0.0,0.0,50.0,50.0,
sp500_load050,7.1,baseline,500.0,60.0,500.0,0.0,165.0,541.5235,60.0,60.0,50.0,0.0,0.0,0.0,50.0,50.0,
sp500_load050,7.2,baseline,500.0,60.0,500.0,0.0,165.0,541.533,60.0,60.0,50.0,0.0,0.0,0.0,50.0,50.0,
sp500_load050,7.3,baseline,500.0,60.0,500.0,0.0,165.0,541.5423,60.0,60.0,50.0,0.0,0.0,0.0,50.0,50.0,
sp500_load050,7.4,baseline,500.0,60.0,500.0,0.0,165.0,541.5515,60.0,60.0,50.0,0.0,0.0,0.0,50.0,50.0,
sp500_load050,7.5,baseline,500.0,60.0,500.0,0.0,165.0,541.5605,60.0,60.0,50.0,0.0,0.0,0.0,50.0,50.0,
sp500_load050,7.6,baseline,500.0,60.0,500.0,0.0,165.0,541.5693,60.0,60.0,50.0,0.0,0.0,0.0,50.0,50.0,
sp500_load050,7.7,baseline,500.0,60.0,500.0,0.0,165.0,541.5779,60.0,60.0,50.0,0.0,0.0,0.0,50.0,50.0,
sp500_load050,7.8,baseline,500.0,60.0,500.0,0.0,165.0,541.5863,60.0,60.0,50.0,0.0,0.0,0.0,50.0,50.0,
sp500_load050,7.9,baseline,500.0,60.0,500.0,0.0,165.0,541.5946,60.0,60.0,50.0,0.0,0.0,0.0,50.0,50.0,
sp500_load050,8.0,baseline,500.0,60.0,500.0,0.0,165.0,541.6027,60.0,60.0,50.0,0.0,0.0,0.0,50.0,50.0,
sp500_load050,8.1,baseline,500.0,60.0,500.0,0.0,165.0,541.6106,60.0,60.0,50.0,0.0,0.0,0.0,50.0,50.0,
sp500_load050,8.2,baseline,500.0,60.0,500.0,0.0,165.0,541.6184,60.0,60.0,50.0,0.0,0.0,0.0,50.0,50.0,
sp500_load050,8.3,baseline,500.0,60.0,500.0,0.0,165.0,541.6261,60.0,60.0,50.0,0.0,0.0,0.0,50.0,50.0,
sp500_load050,8.4,baseline,500.0,60.0,500.0,0.0,165.0,541.6335,60.0,60.0,50.0,0.0,0.0,0.0,50.0,50.0,
sp500_load050,8.5,baseline,500.0,60.0,500.0,0.0,165.0,541.6409,60.0,60.0,50.0,0.0,0.0,0.0,50.0,50.0,
sp500_load050,8.6,baseline,500.0,60.0,500.0,0.0,165.0,541.6481,60.0,60.0,50.0,0.0,0.0,0.0,50.0,50.0,
sp500_load050,8.7,baseline,500.0,60.0,500.0,0.0,165.0,541.6551,60.0,60.0,50.0,0.0,0.0,0.0,50.0,50.0,
sp500_load050,8.8,baseline,500.0,60.0,500.0,0.0,165.0,541.662,60.0,60.0,50.0,0.0,0.0,0.0,50.0,50.0,
sp500_load050,8.9,baseline,500.0,60.0,500.0,0.0,165.0,541.6688,60.0,60.0,50.0,0.0,0.0,0.0,50.0,50.0,
sp500_load050,9.0,baseline,500.0,60.0,500.0,0.0,165.0,541.6754,60.0,60.0,50.0,0.0,0.0,0.0,50.0,50.0,
sp500_load050,9.1,baseline,500.0,60.0,500.0,0.0,165.0,541.6819,60.0,60.0,50.0,0.0,0.0,0.0,50.0,50.0,
sp500_load050,9.2,baseline,500.0,60.0,500.0,0.0,165.0,541.6882,60.0,60.0,50.0,0.0,0.0,0.0,50.0,50.0,
sp500_load050,9.3,baseline,500.0,60.0,500.0,0.0,165.0,541.6945,60.0,60.0,50.0,0.0,0.0,0.0,50.0,50.0,
sp500_load050,9.4,baseline,500.0,60.0,500.0,0.0,165.0,541.7006,60.0,60.0,50.0,0.0,0.0,0.0,50.0,50.0,
sp500_load050,9.5,baseline,500.0,60.0,500.0,0.0,165.0,541.7066,60.0,60.0,50.0,0.0,0.0,0.0,50.0,50.0,
sp500_load050,9.6,baseline,500.0,60.0,500.0,0.0,165.0,541.7124,60.0,60.0,50.0,0.0,0.0,0.0,50.0,50.0,
sp500_load050,9.7,baseline,500.0,60.0,500.0,0.0,165.0,541.7182,60.0,60.0,50.0,0.0,0.0,0.0,50.0,50.0,
sp500_load050,9.8,baseline,500.0,60.0,500.0,0.0,165.0,541.7238,60.0,60.0,50.0,0.0,0.0,0.0,50.0,50.0,
sp500_load050,9.9,baseline,500.0,60.0,500.0,0.0,165.0,541.7293,60.0,60.0,50.0,0.0,0.0,0.0,50.0,50.0,
sp500_load050,10.0,baseline,500.0,60.0,500.0,0.0,165.0,541.7348,60.0,60.0,50.0,0.0,0.0,0.0,50.0,50.0,
sp500_load050,10.1,baseline,500.0,60.0,500.0,0.0,165.0,541.7401,60.0,60.0,50.0,0.0,0.0,0.0,50.0,50.0,
sp500_load050,10.2,baseline,500.0,60.0,500.0,0.0,165.0,541.7453,60.0,60.0,50.0,0.0,0.0,0.0,50.0,50.0,
sp500_load050,10.3,baseline,500.0,60.0,500.0,0.0,165.0,541.7504,60.0,60.0,50.0,0.0,0.0,0.0,50.0,50.0,
sp500_load050,10.4,baseline,500.0,60.0,500.0,0.0,165.0,541.7554,60.0,60.0,50.0,0.0,0.0,0.0,50.0,50.0,
sp500_load050,10.5,baseline,500.0,60.0,500.0,0.0,165.0,541.7602,60.0,60.0,50.0,0.0,0.0,0.0,50.0,50.0,
sp500_load050,10.6,baseline,500.0,60.0,500.0,0.0,165.0,541.765,60.0,60.0,50.0,0.0,0.0,0.0,50.0,50.0,
sp500_load050,10.7,baseline,500.0,60.0,500.0,0.0,165.0,541.7697,60.0,60.0,50.0,0.0,0.0,0.0,50.0,50.0,
sp500_load050,10.8,baseline,500.0,60.0,500.0,0.0,165.0,541.7743,60.0,60.0,50.0,0.0,0.0,0.0,50.0,50.0,
sp500_load050,10.9,baseline,500.0,60.0,500.0,0.0,165.0,541.7789,60.0,60.0,50.0,0.0,0.0,0.0,50.0,50.0,
sp500_load050,11.0,baseline,500.0,60.0,500.0,0.0,165.0,541.7833,60.0,60.0,50.0,0.0,0.0,0.0,50.0,50.0,
sp500_load050,11.1,baseline,500.0,60.0,500.0,0.0,165.0,541.7876,60.0,60.0,50.0,0.0,0.0,0.0,50.0,50.0,
sp500_load050,11.2,baseline,500.0,60.0,500.0,0.0,165.0,541.7919,60.0,60.0,50.0,0.0,0.0,0.0,50.0,50.0,
sp500_load050,11.3,baseline,500.0,60.0,500.0,0.0,165.0,541.796,60.0,60.0,50.0,0.0,0.0,0.0,50.0,50.0,
sp500_load050,11.4,baseline,500.0,60.0,500.0,0.0,165.0,541.8001,60.0,60.0,50.0,0.0,0.0,0.0,50.0,50.0,
sp500_load050,11.5,baseline,500.0,60.0,500.0,0.0,165.0,541.8041,60.0,60.0,50.0,0.0,0.0,0.0,50.0,50.0,
sp500_load050,11.6,baseline,500.0,60.0,500.0,0.0,165.0,541.808,60.0,60.0,50.0,0.0,0.0,0.0,50.0,50.0,
sp500_load050,11.7,baseline,500.0,60.0,500.0,0.0,165.0,541.8119,60.0,60.0,50.0,0.0,0.0,0.0,50.0,50.0,
sp500_load050,11.8,baseline,500.0,60.0,500.0,0.0,165.0,541.8156,60.0,60.0,50.0,0.0,0.0,0.0,50.0,50.0,
sp500_load050,11.9,baseline,500.0,60.0,500.0,0.0,165.0,541.8193,60.0,60.0,50.0,0.0,0.0,0.0,50.0,50.0,
sp500_load050,12.0,baseline,500.0,60.0,500.0,0.0,165.0,541.8229,60.0,60.0,50.0,0.0,0.0,0.0,50.0,50.0,
sp500_load050,12.1,baseline,500.0,60.0,500.0,0.0,165.0,541.8265,60.0,60.0,50.0,0.0,0.0,0.0,50.0,50.0,
sp500_load050,12.2,baseline,500.0,60.0,500.0,0.0,165.0,541.8299,60.0,60.0,50.0,0.0,0.0,0.0,50.0,50.0,
sp500_load050,12.3,baseline,500.0,60.0,500.0,0.0,165.0,541.8333,60.0,60.0,50.0,0.0,0.0,0.0,50.0,50.0,
sp500_load050,12.4,baseline,500.0,60.0,500.0,0.0,165.0,541.8367,60.0,60.0,50.0,0.0,0.0,0.0,50.0,50.0,
sp500_load050,12.5,baseline,500.0,60.0,500.0,0.0,165.0,541.8399,60.0,60.0,50.0,0.0,0.0,0.0,50.0,50.0,
sp500_load050,12.6,baseline,500.0,60.0,500.0,0.0,165.0,541.8431,60.0,60.0,50.0,0.0,0.0,0.0,50.0,50.0,
sp500_load050,12.7,baseline,500.0,60.0,500.0,0.0,165.0,541.8463,60.0,60.0,50.0,0.0,0.0,0.0,50.0,50.0,
sp500_load050,12.8,baseline,500.0,60.0,500.0,0.0,165.0,541.8494,60.0,60.0,50.0,0.0,0.0,0.0,50.0,50.0,
sp500_load050,12.9,baseline,500.0,60.0,500.0,0.0,165.0,541.8524,60.0,60.0,50.0,0.0,0.0,0.0,50.0,50.0,
sp500_load050,13.0,baseline,500.0,60.0,500.0,0.0,165.0,541.8553,60.0,60.0,50.0,0.0,0.0,0.0,50.0,50.0,
sp500_load050,13.1,baseline,500.0,60.0,500.0,0.0,165.0,541.8582,60.0,60.0,50.0,0.0,0.0,0.0,50.0,50.0,
sp500_load050,13.2,baseline,500.0,60.0,500.0,0.0,165.0,541.861,60.0,60.0,50.0,0.0,0.0,0.0,50.0,50.0,
sp500_load050,13.3,baseline,500.0,60.0,500.0,0.0,165.0,541.8638,60.0,60.0,50.0,0.0,0.0,0.0,50.0,50.0,
sp500_load050,13.4,baseline,500.0,60.0,500.0,0.0,165.0,541.8665,60.0,60.0,50.0,0.0,0.0,0.0,50.0,50.0,
sp500_load050,13.5,baseline,500.0,60.0,500.0,0.0,165.0,541.8692,60.0,60.0,50.0,0.0,0.0,0.0,50.0,50.0,
sp500_load050,13.6,baseline,500.0,60.0,500.0,0.0,165.0,541.8718,60.0,60.0,50.0,0.0,0.0,0.0,50.0,50.0,
sp500_load050,13.7,baseline,500.0,60.0,500.0,0.0,165.0,541.8744,60.0,60.0,50.0,0.0,0.0,0.0,50.0,50.0,
sp500_load050,13.8,baseline,500.0,60.0,500.0,0.0,165.0,541.8769,60.0,60.0,50.0,0.0,0.0,0.0,50.0,50.0,
sp500_load050,13.9,baseline,500.0,60.0,500.0,0.0,165.0,541.8794,60.0,60.0,50.0,0.0,0.0,0.0,50.0,50.0,
sp500_load050,14.0,baseline,500.0,60.0,500.0,0.0,165.0,541.8818,60.0,60.0,50.0,0.0,0.0,0.0,50.0,50.0,
sp500_load050,14.1,baseline,500.0,60.0,500.0,0.0,165.0,541.8841,60.0,60.0,50.0,0.0,0.0,0.0,50.0,50.0,
sp500_load050,14.2,baseline,500.0,60.0,500.0,0.0,165.0,541.8865,60.0,60.0,50.0,0.0,0.0,0.0,50.0,50.0,
sp500_load050,14.3,baseline,500.0,60.0,500.0,0.0,165.0,541.8887,60.0,60.0,50.0,0.0,0.0,0.0,50.0,50.0,
sp500_load050,14.4,baseline,500.0,60.0,500.0,0.0,165.0,541.891,60.0,60.0,50.0,0.0,0.0,0.0,50.0,50.0,
sp500_load050,14.5,baseline,500.0,60.0,500.0,0.0,165.0,541.8931,60.0,60.0,50.0,0.0,0.0,0.0,50.0,50.0,
sp500_load050,14.6,baseline,500.0,60.0,500.0,0.0,165.0,541.8953,60.0,60.0,50.0,0.0,0.0,0.0,50.0,50.0,
sp500_load050,14.7,baseline,500.0,60.0,500.0,0.0,165.0,541.8974,60.0,60.0,50.0,0.0,0.0,0.0,50.0,50.0,
sp500_load050,14.8,baseline,500.0,60.0,500.0,0.0,165.0,541.8994,60.0,60.0,50.0,0.0,0.0,0.0,50.0,50.0,
sp500_load050,14.9,baseline,500.0,60.0,500.0,0.0,165.0,541.9014,60.0,60.0,50.0,0.0,0.0,0.0,50.0,50.0,
sp500_load050,15.0,baseline,500.0,60.0,500.0,0.0,165.0,541.9034,60.0,60.0,50.0,0.0,0.0,0.0,50.0,50.0,
sp500_load050,15.1,baseline,500.0,60.0,500.0,0.0,165.0,541.9053,60.0,60.0,50.0,0.0,0.0,0.0,50.0,50.0,
sp500_load050,15.2,baseline,500.0,60.0,500.0,0.0,165.0,541.9072,60.0,60.0,50.0,0.0,0.0,0.0,50.0,50.0,
sp500_load050,15.3,baseline,500.0,60.0,500.0,0.0,165.0,541.9091,60.0,60.0,50.0,0.0,0.0,0.0,50.0,50.0,
sp500_load050,15.4,baseline,500.0,60.0,500.0,0.0,165.0,541.9109,60.0,60.0,50.0,0.0,0.0,0.0,50.0,50.0,
sp500_load050,15.5,baseline,500.0,60.0,500.0,0.0,165.0,541.9127,60.0,60.0,50.0,0.0,0.0,0.0,50.0,50.0,
sp500_load050,15.6,baseline,500.0,60.0,500.0,0.0,165.0,541.9144,60.0,60.0,50.0,0.0,0.0,0.0,50.0,50.0,
sp500_load050,15.7,baseline,500.0,60.0,500.0,0.0,165.0,541.9161,60.0,60.0,50.0,0.0,0.0,0.0,50.0,50.0,
sp500_load050,15.8,baseline,500.0,60.0,500.0,0.0,165.0,541.9178,60.0,60.0,50.0,0.0,0.0,0.0,50.0,50.0,
sp500_load050,15.9,baseline,500.0,60.0,500.0,0.0,165.0,541.9195,60.0,60.0,50.0,0.0,0.0,0.0,50.0,50.0,
sp500_load050,16.0,baseline,500.0,60.0,500.0,0.0,165.0,541.9211,60.0,60.0,50.0,0.0,0.0,0.0,50.0,50.0,
sp500_load050,16.1,baseline,500.0,60.0,500.0,0.0,165.0,541.9227,60.0,60.0,50.0,0.0,0.0,0.0,50.0,50.0,
sp500_load050,16.2,baseline,500.0,60.0,500.0,0.0,165.0,541.9242,60.0,60.0,50.0,0.0,0.0,0.0,50.0,50.0,
sp500_load050,16.3,baseline,500.0,60.0,500.0,0.0,165.0,541.9257,60.0,60.0,50.0,0.0,0.0,0.0,50.0,50.0,
sp500_load050,16.4,baseline,500.0,60.0,500.0,0.0,165.0,541.9272,60.0,60.0,50.0,0.0,0.0,0.0,50.0,50.0,
sp500_load050,16.5,baseline,500.0,60.0,500.0,0.0,165.0,541.9287,60.0,60.0,50.0,0.0,0.0,0.0,50.0,50.0,
sp500_load050,16.6,baseline,500.0,60.0,500.0,0.0,165.0,541.9301,60.0,60.0,50.0,0.0,0.0,0.0,50.0,50.0,
sp500_load050,16.7,baseline,500.0,60.0,500.0,0.0,165.0,541.9315,60.0,60.0,50.0,0.0,0.0,0.0,50.0,50.0,
sp500_load050,16.8,baseline,500.0,60.0,500.0,0.0,165.0,541.9329,60.0,60.0,50.0,0.0,0.0,0.0,50.0,50.0,
sp500_load050,16.9,baseline,500.0,60.0,500.0,0.0,165.0,541.9342,60.0,60.0,50.0,0.0,0.0,0.0,50.0,50.0,
sp500_load050,17.0,baseline,500.0,60.0,500.0,0.0,165.0,541.9355,60.0,60.0,50.0,0.0,0.0,0.0,50.0,50.0,
sp500_load050,17.1,baseline,500.0,60.0,500.0,0.0,165.0,541.9368,60.0,60.0,50.0,0.0,0.0,0.0,50.0,50.0,
sp500_load050,17.2,baseline,500.0,60.0,500.0,0.0,165.0,541.9381,60.0,60.0,50.0,0.0,0.0,0.0,50.0,50.0,
sp500_load050,17.3,baseline,500.0,60.0,500.0,0.0,165.0,541.9393,60.0,60.0,50.0,0.0,0.0,0.0,50.0,50.0,
sp500_load050,17.4,baseline,500.0,60.0,500.0,0.0,165.0,541.9405,60.0,60.0,50.0,0.0,0.0,0.0,50.0,50.0,
sp500_load050,17.5,baseline,500.0,60.0,500.0,0.0,165.0,541.9417,60.0,60.0,50.0,0.0,0.0,0.0,50.0,50.0,
sp500_load050,17.6,baseline,500.0,60.0,500.0,0.0,165.0,541.9429,60.0,60.0,50.0,0.0,0.0,0.0,50.0,50.0,
sp500_load050,17.7,baseline,500.0,60.0,500.0,0.0,165.0,541.944,60.0,60.0,50.0,0.0,0.0,0.0,50.0,50.0,
sp500_load050,17.8,baseline,500.0,60.0,500.0,0.0,165.0,541.9451,60.0,60.0,50.0,0.0,0.0,0.0,50.0,50.0,
sp500_load050,17.9,baseline,500.0,60.0,500.0,0.0,165.0,541.9462,60.0,60.0,50.0,0.0,0.0,0.0,50.0,50.0,
sp500_load050,18.0,baseline,500.0,60.0,500.0,0.0,165.0,541.9473,60.0,60.0,50.0,0.0,0.0,0.0,50.0,50.0,
sp500_load050,18.1,baseline,500.0,60.0,500.0,0.0,165.0,541.9484,60.0,60.0,50.0,0.0,0.0,0.0,50.0,50.0,
sp500_load050,18.2,baseline,500.0,60.0,500.0,0.0,165.0,541.9494,60.0,60.0,50.0,0.0,0.0,0.0,50.0,50.0,
sp500_load050,18.3,baseline,500.0,60.0,500.0,0.0,165.0,541.9504,60.0,60.0,50.0,0.0,0.0,0.0,50.0,50.0,
sp500_load050,18.4,baseline,500.0,60.0,500.0,0.0,165.0,541.9514,60.0,60.0,50.0,0.0,0.0,0.0,50.0,50.0,
sp500_load050,18.5,baseline,500.0,60.0,500.0,0.0,165.0,541.9524,60.0,60.0,50.0,0.0,0.0,0.0,50.0,50.0,
sp500_load050,18.6,baseline,500.0,60.0,500.0,0.0,165.0,541.9533,60.0,60.0,50.0,0.0,0.0,0.0,50.0,50.0,
sp500_load050,18.7,baseline,500.0,60.0,500.0,0.0,165.0,541.9543,60.0,60.0,50.0,0.0,0.0,0.0,50.0,50.0,
sp500_load050,18.8,baseline,500.0,60.0,500.0,0.0,165.0,541.9552,60.0,60.0,50.0,0.0,0.0,0.0,50.0,50.0,
sp500_load050,18.9,baseline,500.0,60.0,500.0,0.0,165.0,541.9561,60.0,60.0,50.0,0.0,0.0,0.0,50.0,50.0,
sp500_load050,19.0,baseline,500.0,60.0,500.0,0.0,165.0,541.9569,60.0,60.0,50.0,0.0,0.0,0.0,50.0,50.0,
sp500_load050,19.1,baseline,500.0,60.0,500.0,0.0,165.0,541.9578,60.0,60.0,50.0,0.0,0.0,0.0,50.0,50.0,
sp500_load050,19.2,baseline,500.0,60.0,500.0,0.0,165.0,541.9587,60.0,60.0,50.0,0.0,0.0,0.0,50.0,50.0,
sp500_load050,19.3,baseline,500.0,60.0,500.0,0.0,165.0,541.9595,60.0,60.0,50.0,0.0,0.0,0.0,50.0,50.0,
sp500_load050,19.4,baseline,500.0,60.0,500.0,0.0,165.0,541.9603,60.0,60.0,50.0,0.0,0.0,0.0,50.0,50.0,
sp500_load050,19.5,baseline,500.0,60.0,500.0,0.0,165.0,541.9611,60.0,60.0,50.0,0.0,0.0,0.0,50.0,50.0,
sp500_load050,19.6,baseline,500.0,60.0,500.0,0.0,165.0,541.9619,60.0,60.0,50.0,0.0,0.0,0.0,50.0,50.0,
sp500_load050,19.7,baseline,500.0,60.0,500.0,0.0,165.0,541.9626,60.0,60.0,50.0,0.0,0.0,0.0,50.0,50.0,
sp500_load050,19.8,baseline,500.0,60.0,500.0,0.0,165.0,541.9634,60.0,60.0,50.0,0.0,0.0,0.0,50.0,50.0,
sp500_load050,19.9,baseline,500.0,60.0,500.0,0.0,165.0,541.9641,60.0,60.0,50.0,0.0,0.0,0.0,50.0,50.0,
sp500_load050,20.0,baseline,500.0,60.0,500.0,0.0,165.0,541.9648,60.0,60.0,50.0,0.0,0.0,0.0,50.0,50.0,
sp500_load050,20.1,baseline,500.0,60.0,500.0,0.0,165.0,541.9655,60.0,60.0,50.0,0.0,0.0,0.0,50.0,50.0,
sp500_load050,20.2,baseline,500.0,60.0,500.0,0.0,165.0,541.9662,60.0,60.0,50.0,0.0,0.0,0.0,50.0,50.0,
sp500_load050,20.3,baseline,500.0,60.0,500.0,0.0,165.0,541.9669,60.0,60.0,50.0,0.0,0.0,0.0,50.0,50.0,
sp500_load050,20.4,baseline,500.0,60.0,500.0,0.0,165.0,541.9676,60.0,60.0,50.0,0.0,0.0,0.0,50.0,50.0,
sp500_load050,20.5,baseline,500.0,60.0,500.0,0.0,165.0,541.9682,60.0,60.0,50.0,0.0,0.0,0.0,50.0,50.0,
sp500_load050,20.6,baseline,500.0,60.0,500.0,0.0,165.0,541.9688,60.0,60.0,50.0,0.0,0.0,0.0,50.0,50.0,
sp500_load050,20.7,baseline,500.0,60.0,500.0,0.0,165.0,541.9695,60.0,60.0,50.0,0.0,0.0,0.0,50.0,50.0,
sp500_load050,20.8,baseline,500.0,60.0,500.0,0.0,165.0,541.9701,60.0,60.0,50.0,0.0,0.0,0.0,50.0,50.0,
sp500_load050,20.9,baseline,500.0,60.0,500.0,0.0,165.0,541.9707,60.0,60.0,50.0,0.0,0.0,0.0,50.0,50.0,
sp500_load050,21.0,baseline,500.0,60.0,500.0,0.0,165.0,541.9713,60.0,60.0,50.0,0.0,0.0,0.0,50.0,50.0,
sp500_load050,21.1,baseline,500.0,60.0,500.0,0.0,165.0,541.9718,60.0,60.0,50.0,0.0,0.0,0.0,50.0,50.0,
sp500_load050,21.2,baseline,500.0,60.0,500.0,0.0,165.0,541.9724,60.0,60.0,50.0,0.0,0.0,0.0,50.0,50.0,
sp500_load050,21.3,baseline,500.0,60.0,500.0,0.0,165.0,541.9729,60.0,60.0,50.0,0.0,0.0,0.0,50.0,50.0,
sp500_load050,21.4,baseline,500.0,60.0,500.0,0.0,165.0,541.9735,60.0,60.0,50.0,0.0,0.0,0.0,50.0,50.0,
sp500_load050,21.5,baseline,500.0,60.0,500.0,0.0,165.0,541.974,60.0,60.0,50.0,0.0,0.0,0.0,50.0,50.0,
sp500_load050,21.6,baseline,500.0,60.0,500.0,0.0,165.0,541.9745,60.0,60.0,50.0,0.0,0.0,0.0,50.0,50.0,
sp500_load050,21.7,baseline,500.0,60.0,500.0,0.0,165.0,541.975,60.0,60.0,50.0,0.0,0.0,0.0,50.0,50.0,
sp500_load050,21.8,baseline,500.0,60.0,500.0,0.0,165.0,541.9755,60.0,60.0,50.0,0.0,0.0,0.0,50.0,50.0,
sp500_load050,21.9,baseline,500.0,60.0,500.0,0.0,165.0,541.976,60.0,60.0,50.0,0.0,0.0,0.0,50.0,50.0,
sp500_load050,22.0,baseline,500.0,60.0,500.0,0.0,165.0,541.9765,60.0,60.0,50.0,0.0,0.0,0.0,50.0,50.0,
sp500_load050,22.1,baseline,500.0,60.0,500.0,0.0,165.0,541.977,60.0,60.0,50.0,0.0,0.0,0.0,50.0,50.0,
sp500_load050,22.2,baseline,500.0,60.0,500.0,0.0,165.0,541.9774,60.0,60.0,50.0,0.0,0.0,0.0,50.0,50.0,
sp500_load050,22.3,baseline,500.0,60.0,500.0,0.0,165.0,541.9779,60.0,60.0,50.0,0.0,0.0,0.0,50.0,50.0,
sp500_load050,22.4,baseline,500.0,60.0,500.0,0.0,165.0,541.9783,60.0,60.0,50.0,0.0,0.0,0.0,50.0,50.0,
sp500_load050,22.5,baseline,500.0,60.0,500.0,0.0,165.0,541.9788,60.0,60.0,50.0,0.0,0.0,0.0,50.0,50.0,
sp500_load050,22.6,baseline,500.0,60.0,500.0,0.0,165.0,541.9792,60.0,60.0,50.0,0.0,0.0,0.0,50.0,50.0,
sp500_load050,22.7,baseline,500.0,60.0,500.0,0.0,165.0,541.9796,60.0,60.0,50.0,0.0,0.0,0.0,50.0,50.0,
sp500_load050,22.8,baseline,500.0,60.0,500.0,0.0,165.0,541.98,60.0,60.0,50.0,0.0,0.0,0.0,50.0,50.0,
sp500_load050,22.9,baseline,500.0,60.0,500.0,0.0,165.0,541.9804,60.0,60.0,50.0,0.0,0.0,0.0,50.0,50.0,
sp500_load050,23.0,baseline,500.0,60.0,500.0,0.0,165.0,541.9808,60.0,60.0,50.0,0.0,0.0,0.0,50.0,50.0,
sp500_load050,23.1,baseline,500.0,60.0,500.0,0.0,165.0,541.9812,60.0,60.0,50.0,0.0,0.0,0.0,50.0,50.0,
sp500_load050,23.2,baseline,500.0,60.0,500.0,0.0,165.0,541.9816,60.0,60.0,50.0,0.0,0.0,0.0,50.0,50.0,
sp500_load050,23.3,baseline,500.0,60.0,500.0,0.0,165.0,541.9819,60.0,60.0,50.0,0.0,0.0,0.0,50.0,50.0,
sp500_load050,23.4,baseline,500.0,60.0,500.0,0.0,165.0,541.9823,60.0,60.0,50.0,0.0,0.0,0.0,50.0,50.0,
sp500_load050,23.5,baseline,500.0,60.0,500.0,0.0,165.0,541.9827,60.0,60.0,50.0,0.0,0.0,0.0,50.0,50.0,
sp500_load050,23.6,baseline,500.0,60.0,500.0,0.0,165.0,541.983,60.0,60.0,50.0,0.0,0.0,0.0,50.0,50.0,
sp500_load050,23.7,baseline,500.0,60.0,500.0,0.0,165.0,541.9833,60.0,60.0,50.0,0.0,0.0,0.0,50.0,50.0,
sp500_load050,23.8,baseline,500.0,60.0,500.0,0.0,165.0,541.9837,60.0,60.0,50.0,0.0,0.0,0.0,50.0,50.0,
sp500_load050,23.9,baseline,500.0,60.0,500.0,0.0,165.0,541.984,60.0,60.0,50.0,0.0,0.0,0.0,50.0,50.0,
sp500_load050,24.0,baseline,500.0,60.0,500.0,0.0,165.0,541.9843,60.0,60.0,50.0,0.0,0.0,0.0,50.0,50.0,
sp500_load050,24.1,baseline,500.0,60.0,500.0,0.0,165.0,541.9846,60.0,60.0,50.0,0.0,0.0,0.0,50.0,50.0,
sp500_load050,24.2,baseline,500.0,60.0,500.0,0.0,165.0,541.9849,60.0,60.0,50.0,0.0,0.0,0.0,50.0,50.0,
sp500_load050,24.3,baseline,500.0,60.0,500.0,0.0,165.0,541.9852,60.0,60.0,50.0,0.0,0.0,0.0,50.0,50.0,
sp500_load050,24.4,baseline,500.0,60.0,500.0,0.0,165.0,541.9855,60.0,60.0,50.0,0.0,0.0,0.0,50.0,50.0,
sp500_load050,24.5,baseline,500.0,60.0,500.0,0.0,165.0,541.9858,60.0,60.0,50.0,0.0,0.0,0.0,50.0,50.0,
sp500_load050,24.6,baseline,500.0,60.0,500.0,0.0,165.0,541.9861,60.0,60.0,50.0,0.0,0.0,0.0,50.0,50.0,
sp500_load050,24.7,baseline,500.0,60.0,500.0,0.0,165.0,541.9864,60.0,60.0,50.0,0.0,0.0,0.0,50.0,50.0,
sp500_load050,24.8,baseline,500.0,60.0,500.0,0.0,165.0,541.9867,60.0,60.0,50.0,0.0,0.0,0.0,50.0,50.0,
sp500_load050,24.9,baseline,500.0,60.0,500.0,0.0,165.0,541.9869,60.0,60.0,50.0,0.0,0.0,0.0,50.0,50.0,
sp500_load050,25.0,baseline,500.0,60.0,500.0,0.0,165.0,541.9872,60.0,60.0,50.0,0.0,0.0,0.0,50.0,50.0,
sp500_load050,25.1,baseline,500.0,60.0,500.0,0.0,165.0,541.9874,60.0,60.0,50.0,0.0,0.0,0.0,50.0,50.0,
sp500_load050,25.2,baseline,500.0,60.0,500.0,0.0,165.0,541.9877,60.0,60.0,50.0,0.0,0.0,0.0,50.0,50.0,
sp500_load050,25.3,baseline,500.0,60.0,500.0,0.0,165.0,541.9879,60.0,60.0,50.0,0.0,0.0,0.0,50.0,50.0,
sp500_load050,25.4,baseline,500.0,60.0,500.0,0.0,165.0,541.9882,60.0,60.0,50.0,0.0,0.0,0.0,50.0,50.0,
sp500_load050,25.5,baseline,500.0,60.0,500.0,0.0,165.0,541.9884,60.0,60.0,50.0,0.0,0.0,0.0,50.0,50.0,
sp500_load050,25.6,baseline,500.0,60.0,500.0,0.0,165.0,541.9887,60.0,60.0,50.0,0.0,0.0,0.0,50.0,50.0,
sp500_load050,25.7,baseline,500.0,60.0,500.0,0.0,165.0,541.9889,60.0,60.0,50.0,0.0,0.0,0.0,50.0,50.0,
sp500_load050,25.8,baseline,500.0,60.0,500.0,0.0,165.0,541.9891,60.0,60.0,50.0,0.0,0.0,0.0,50.0,50.0,
sp500_load050,25.9,baseline,500.0,60.0,500.0,0.0,165.0,541.9893,60.0,60.0,50.0,0.0,0.0,0.0,50.0,50.0,
sp500_load050,26.0,baseline,500.0,60.0,500.0,0.0,165.0,541.9895,60.0,60.0,50.0,0.0,0.0,0.0,50.0,50.0,
sp500_load050,26.1,baseline,500.0,60.0,500.0,0.0,165.0,541.9897,60.0,60.0,50.0,0.0,0.0,0.0,50.0,50.0,
sp500_load050,26.2,baseline,500.0,60.0,500.0,0.0,165.0,541.9899,60.0,60.0,50.0,0.0,0.0,0.0,50.0,50.0,
sp500_load050,26.3,baseline,500.0,60.0,500.0,0.0,165.0,541.9901,60.0,60.0,50.0,0.0,0.0,0.0,50.0,50.0,
sp500_load050,26.4,baseline,500.0,60.0,500.0,0.0,165.0,541.9903,60.0,60.0,50.0,0.0,0.0,0.0,50.0,50.0,
sp500_load050,26.5,baseline,500.0,60.0,500.0,0.0,165.0,541.9905,60.0,60.0,50.0,0.0,0.0,0.0,50.0,50.0,
sp500_load050,26.6,baseline,500.0,60.0,500.0,0.0,165.0,541.9907,60.0,60.0,50.0,0.0,0.0,0.0,50.0,50.0,
sp500_load050,26.7,baseline,500.0,60.0,500.0,0.0,165.0,541.9909,60.0,60.0,50.0,0.0,0.0,0.0,50.0,50.0,
sp500_load050,26.8,baseline,500.0,60.0,500.0,0.0,165.0,541.9911,60.0,60.0,50.0,0.0,0.0,0.0,50.0,50.0,
sp500_load050,26.9,baseline,500.0,60.0,500.0,0.0,165.0,541.9913,60.0,60.0,50.0,0.0,0.0,0.0,50.0,50.0,
sp500_load050,27.0,baseline,500.0,60.0,500.0,0.0,165.0,541.9914,60.0,60.0,50.0,0.0,0.0,0.0,50.0,50.0,
sp500_load050,27.1,baseline,500.0,60.0,500.0,0.0,165.0,541.9916,60.0,60.0,50.0,0.0,0.0,0.0,50.0,50.0,
sp500_load050,27.2,baseline,500.0,60.0,500.0,0.0,165.0,541.9918,60.0,60.0,50.0,0.0,0.0,0.0,50.0,50.0,
sp500_load050,27.3,baseline,500.0,60.0,500.0,0.0,165.0,541.992,60.0,60.0,50.0,0.0,0.0,0.0,50.0,50.0,
sp500_load050,27.4,baseline,500.0,60.0,500.0,0.0,165.0,541.9921,60.0,60.0,50.0,0.0,0.0,0.0,50.0,50.0,
sp500_load050,27.5,baseline,500.0,60.0,500.0,0.0,165.0,541.9923,60.0,60.0,50.0,0.0,0.0,0.0,50.0,50.0,
sp500_load050,27.6,baseline,500.0,60.0,500.0,0.0,165.0,541.9924,60.0,60.0,50.0,0.0,0.0,0.0,50.0,50.0,
sp500_load050,27.7,baseline,500.0,60.0,500.0,0.0,165.0,541.9926,60.0,60.0,50.0,0.0,0.0,0.0,50.0,50.0,
sp500_load050,27.8,baseline,500.0,60.0,500.0,0.0,165.0,541.9927,60.0,60.0,50.0,0.0,0.0,0.0,50.0,50.0,
sp500_load050,27.9,baseline,500.0,60.0,500.0,0.0,165.0,541.9929,60.0,60.0,50.0,0.0,0.0,0.0,50.0,50.0,
sp500_load050,28.0,baseline,500.0,60.0,500.0,0.0,165.0,541.993,60.0,60.0,50.0,0.0,0.0,0.0,50.0,50.0,
sp500_load050,28.1,baseline,500.0,60.0,500.0,0.0,165.0,541.9932,60.0,60.0,50.0,0.0,0.0,0.0,50.0,50.0,
sp500_load050,28.2,baseline,500.0,60.0,500.0,0.0,165.0,541.9933,60.0,60.0,50.0,0.0,0.0,0.0,50.0,50.0,
sp500_load050,28.3,baseline,500.0,60.0,500.0,0.0,165.0,541.9934,60.0,60.0,50.0,0.0,0.0,0.0,50.0,50.0,
sp500_load050,28.4,baseline,500.0,60.0,500.0,0.0,165.0,541.9936,60.0,60.0,50.0,0.0,0.0,0.0,50.0,50.0,
sp500_load050,28.5,baseline,500.0,60.0,500.0,0.0,165.0,541.9937,60.0,60.0,50.0,0.0,0.0,0.0,50.0,50.0,
sp500_load050,28.6,baseline,500.0,60.0,500.0,0.0,165.0,541.9938,60.0,60.0,50.0,0.0,0.0,0.0,50.0,50.0,
sp500_load050,28.7,baseline,500.0,60.0,500.0,0.0,165.0,541.9939,60.0,60.0,50.0,0.0,0.0,0.0,50.0,50.0,
sp500_load050,28.8,baseline,500.0,60.0,500.0,0.0,165.0,541.9941,60.0,60.0,50.0,0.0,0.0,0.0,50.0,50.0,
sp500_load050,28.9,baseline,500.0,60.0,500.0,0.0,165.0,541.9942,60.0,60.0,50.0,0.0,0.0,0.0,50.0,50.0,
sp500_load050,29.0,baseline,500.0,60.0,500.0,0.0,165.0,541.9943,60.0,60.0,50.0,0.0,0.0,0.0,50.0,50.0,
sp500_load050,29.1,baseline,500.0,60.0,500.0,0.0,165.0,541.9944,60.0,60.0,50.0,0.0,0.0,0.0,50.0,50.0,
sp500_load050,29.2,baseline,500.0,60.0,500.0,0.0,165.0,541.9945,60.0,60.0,50.0,0.0,0.0,0.0,50.0,50.0,
sp500_load050,29.3,baseline,500.0,60.0,500.0,0.0,165.0,541.9946,60.0,60.0,50.0,0.0,0.0,0.0,50.0,50.0,
sp500_load050,29.4,baseline,500.0,60.0,500.0,0.0,165.0,541.9947,60.0,60.0,50.0,0.0,0.0,0.0,50.0,50.0,
sp500_load050,29.5,baseline,500.0,60.0,500.0,0.0,165.0,541.9948,60.0,60.0,50.0,0.0,0.0,0.0,50.0,50.0,
sp500_load050,29.6,baseline,500.0,60.0,500.0,0.0,165.0,541.9949,60.0,60.0,50.0,0.0,0.0,0.0,50.0,50.0,
sp500_load050,29.7,baseline,500.0,60.0,500.0,0.0,165.0,541.995,60.0,60.0,50.0,0.0,0.0,0.0,50.0,50.0,
sp500_load050,29.8,baseline,500.0,60.0,500.0,0.0,165.0,541.9951,60.0,60.0,50.0,0.0,0.0,0.0,50.0,50.0,
sp500_load050,29.9,baseline,500.0,60.0,500.0,0.0,165.0,541.9952,60.0,60.0,50.0,0.0,0.0,0.0,50.0,50.0,
sp500_load050,30.0,baseline,500.0,60.0,500.0,0.0,165.0,541.9953,60.0,60.0,50.0,0.0,0.0,0.0,50.0,50.0,
sp500_load050,30.1,response,500.0,50.0,499.448,0.0,164.982,541.9842,59.2,50.0,41.6667,0.0,0.0,0.0,41.6667,41.6667,
sp500_load050,30.2,response,500.0,50.0,498.9661,0.552,164.948,541.963,58.464,50.4319,42.0266,0.0828,0.0011,0.276,41.6667,42.0266,
sp500_load050,30.3,response,500.0,50.0,498.5276,1.0339,164.8997,541.9328,57.7869,50.4791,42.0659,0.1551,0.0032,0.241,41.6667,42.0659,
sp500_load050,30.4,response,500.0,50.0,498.1299,1.4724,164.8389,541.8944,57.1639,50.5355,42.1129,0.2209,0.0061,0.2192,41.6667,42.1129,
sp500_load050,30.5,response,500.0,50.0,497.7697,1.8701,164.7671,541.8488,56.5908,50.5871,42.1559,0.2805,0.0099,0.1989,41.6667,42.1559,
sp500_load050,30.6,response,500.0,50.0,497.4439,2.2303,164.6855,541.7967,56.0636,50.6348,42.1956,0.3345,0.0143,0.1801,41.6667,42.1956,
sp500_load050,30.7,response,500.0,50.0,497.15,2.5561,164.5954,541.7389,55.5785,50.6788,42.2324,0.3834,0.0194,0.1629,41.6667,42.2324,
sp500_load050,30.8,response,500.0,50.0,496.8852,2.85,164.498,541.676,55.1322,50.7195,42.2663,0.4275,0.0251,0.147,41.6667,42.2663,
sp500_load050,30.9,response,500.0,50.0,496.6473,3.1148,164.3943,541.6086,54.7216,50.7571,42.2976,0.4672,0.0314,0.1324,41.6667,42.2976,
sp500_load050,31.0,response,500.0,50.0,496.4342,3.3527,164.2852,541.5372,54.3439,50.7919,42.3266,0.5029,0.0381,0.1189,41.6667,42.3266,
sp500_load050,31.1,response,500.0,50.0,496.2439,3.5658,164.1716,541.4624,53.9964,50.8239,42.3533,0.5349,0.0452,0.1066,41.6667,42.3533,
sp500_load050,31.2,response,500.0,50.0,496.0745,3.7561,164.0542,541.3846,53.6767,50.8536,42.378,0.5634,0.0527,0.0952,41.6667,42.378,
sp500_load050,31.3,response,500.0,50.0,495.9244,3.9255,163.9337,541.3043,53.3825,50.8809,42.4007,0.5888,0.0606,0.0847,41.6667,42.4007,
sp500_load050,31.4,response,500.0,50.0,495.792,4.0756,163.8107,541.2218,53.1119,50.9061,42.4218,0.6113,0.0687,0.075,41.6667,42.4218,
sp500_load050,31.5,response,500.0,50.0,495.676,4.208,163.6858,541.1374,52.863,50.9294,42.4412,0.6312,0.0771,0.0662,41.6667,42.4412,
sp500_load050,31.6,response,500.0,50.0,495.575,4.324,163.5595,541.0515,52.6339,50.9509,42.459,0.6486,0.0858,0.058,41.6667,42.459,
sp500_load050,31.7,response,500.0,50.0,495.4879,4.425,163.4322,540.9644,52.4232,50.9706,42.4755,0.6637,0.0946,0.0505,41.6667,42.4755,
sp500_load050,31.8,response,500.0,50.0,495.4135,4.5121,163.3044,540.8764,52.2294,50.9889,42.4907,0.6768,0.1036,0.0436,41.6667,42.4907,
sp500_load050,31.9,response,500.0,50.0,495.3507,4.5865,163.1764,540.7875,52.051,51.0056,42.5047,0.688,0.1128,0.0372,41.6667,42.5047,
sp500_load050,32.0,response,500.0,50.0,495.2988,4.6493,163.0486,540.6982,51.8869,51.021,42.5175,0.6974,0.1221,0.0314,41.6667,42.5175,
sp500_load050,32.1,response,500.0,50.0,495.2567,4.7012,162.9212,540.6086,51.736,51.0352,42.5293,0.7052,0.1315,0.026,41.6667,42.5293,
sp500_load050,32.2,response,500.0,50.0,495.2238,4.7433,162.7945,540.5187,51.5971,51.0482,42.5402,0.7115,0.141,0.021,41.6667,42.5402,
sp500_load050,32.3,response,500.0,50.0,495.1993,4.7762,162.6687,540.4289,51.4693,51.0601,42.5501,0.7164,0.1506,0.0165,41.6667,42.5501,
sp500_load050,32.4,response,500.0,50.0,495.1824,4.8007,162.5441,540.3393,51.3518,51.0711,42.5592,0.7201,0.1602,0.0123,41.6667,42.5592,
sp500_load050,32.5,response,500.0,50.0,495.1727,4.8176,162.4207,540.2499,51.2436,51.081,42.5675,0.7226,0.1698,0.0084,41.6667,42.5675,
sp500_load050,32.6,response,500.0,50.0,495.1694,4.8273,162.2988,540.1609,51.1442,51.0901,42.5751,0.7241,0.1795,0.0049,41.6667,42.5751,
sp500_load050,32.7,response,500.0,50.0,495.1722,4.8306,162.1786,540.0724,51.0526,51.0984,42.582,0.7246,0.1891,0.0016,41.6667,42.582,
sp500_load050,32.8,response,500.0,50.0,495.1804,4.8278,162.06,539.9846,50.9684,51.1059,42.5882,0.7242,0.1988,-0.0014,41.6667,42.5882,
sp500_load050,32.9,response,500.0,50.0,495.1937,4.8196,161.9432,539.8973,50.8909,51.1127,42.5939,0.7229,0.2084,-0.0041,41.6667,42.5939,
sp500_load050,33.0,response,500.0,50.0,495.2117,4.8063,161.8284,539.8109,50.8197,51.1188,42.599,0.7209,0.218,-0.0067,41.6667,42.599,
sp500_load050,33.1,response,500.0,50.0,495.2339,4.7883,161.7155,539.7252,50.7541,51.1243,42.6035,0.7183,0.2276,-0.009,41.6667,42.6035,
sp500_load050,33.2,response,500.0,50.0,495.26,4.7661,161.6046,539.6404,50.6938,51.1291,42.6076,0.7149,0.2371,-0.0111,41.6667,42.6076,
sp500_load050,33.3,response,500.0,50.0,495.2897,4.74,161.4959,539.5565,50.6383,51.1335,42.6112,0.711,0.2466,-0.0131,41.6667,42.6112,
sp500_load050,33.4,response,500.0,50.0,495.3227,4.7103,161.3892,539.4736,50.5872,51.1373,42.6144,0.7065,0.256,-0.0149,41.6667,42.6144,
sp500_load050,33.5,response,500.0,50.0,495.3587,4.6773,161.2847,539.3917,50.5402,51.1406,42.6171,0.7016,0.2654,-0.0165,41.6667,42.6171,
sp500_load050,33.6,response,500.0,50.0,495.3975,4.6413,161.1823,539.3108,50.497,51.1434,42.6195,0.6962,0.2747,-0.018,41.6667,42.6195,
sp500_load050,33.7,response,500.0,50.0,495.4388,4.6025,161.0821,539.231,50.4572,51.1458,42.6215,0.6904,0.2839,-0.0194,41.6667,42.6215,
sp500_load050,33.8,response,500.0,50.0,495.4825,4.5612,160.9841,539.1523,50.4207,51.1478,42.6232,0.6842,0.293,-0.0207,41.6667,42.6232,
sp500_load050,33.9,response,500.0,50.0,495.5282,4.5175,160.8883,539.0747,50.387,51.1494,42.6245,0.6776,0.302,-0.0218,41.6667,42.6245,
sp500_load050,34.0,response,500.0,50.0,495.5759,4.4718,160.7947,538.9982,50.3561,51.1506,42.6255,0.6708,0.311,-0.0229,41.6667,42.6255,
sp500_load050,34.1,response,500.0,50.0,495.6253,4.4241,160.7032,538.9228,50.3276,51.1515,42.6263,0.6636,0.3198,-0.0238,41.6667,42.6263,
sp500_load050,34.2,response,500.0,50.0,495.6764,4.3747,160.6139,538.8485,50.3014,51.1521,42.6267,0.6562,0.3286,-0.0247,41.6667,42.6267,
sp500_load050,34.3,response,500.0,50.0,495.7289,4.3236,160.5267,538.7755,50.2773,51.1523,42.6269,0.6485,0.3372,-0.0255,41.6667,42.6269,
sp500_load050,34.4,response,500.0,50.0,495.7827,4.2711,160.4417,538.7035,50.2551,51.1522,42.6268,0.6407,0.3458,-0.0263,41.6667,42.6268,
sp500_load050,34.5,response,500.0,50.0,495.8377,4.2173,160.3587,538.6327,50.2347,51.1519,42.6265,0.6326,0.3542,-0.0269,41.6667,42.6265,
sp500_load050,34.6,response,500.0,50.0,495.8938,4.1623,160.2778,538.5631,50.2159,51.1512,42.626,0.6243,0.3625,-0.0275,41.6667,42.626,
sp500_load050,34.7,response,500.0,50.0,495.9509,4.1062,160.1989,538.4946,50.1986,51.1503,42.6253,0.6159,0.3707,-0.0281,41.6667,42.6253,
sp500_load050,34.8,response,500.0,50.0,496.0089,4.0491,160.1221,538.4273,50.1827,51.1492,42.6243,0.6074,0.3788,-0.0286,41.6667,42.6243,
sp500_load050,34.9,response,500.0,50.0,496.0677,3.9911,160.0472,538.3611,50.1681,51.1478,42.6231,0.5987,0.3868,-0.029,41.6667,42.6231,
sp500_load050,35.0,response,500.0,50.0,496.1272,3.9323,159.9742,538.296,50.1547,51.1462,42.6218,0.5898,0.3947,-0.0294,41.6667,42.6218,
sp500_load050,35.1,response,500.0,50.0,496.1873,3.8728,159.9032,538.2321,50.1423,51.1443,42.6203,0.5809,0.4024,-0.0297,41.6667,42.6203,
sp500_load050,35.2,response,500.0,50.0,496.248,3.8127,159.8341,538.1693,50.1309,51.1423,42.6186,0.5719,0.41,-0.0301,41.6667,42.6186,
sp500_load050,35.3,response,500.0,50.0,496.3092,3.752,159.7668,538.1076,50.1204,51.14,42.6167,0.5628,0.4176,-0.0303,41.6667,42.6167,
sp500_load050,35.4,response,500.0,50.0,496.3708,3.6908,159.7013,538.047,50.1108,51.1376,42.6146,0.5536,0.4249,-0.0306,41.6667,42.6146,
sp500_load050,35.5,response,500.0,50.0,496.4328,3.6292,159.6375,537.9875,50.1019,51.1349,42.6124,0.5444,0.4322,-0.0308,41.6667,42.6124,
sp500_load050,35.6,response,500.0,50.0,496.4951,3.5672,159.5755,537.929,50.0938,51.1321,42.6101,0.5351,0.4393,-0.031,41.6667,42.6101,
sp500_load050,35.7,response,500.0,50.0,496.5576,3.5049,159.5152,537.8717,50.0863,51.1291,42.6076,0.5257,0.4463,-0.0311,41.6667,42.6076,
sp500_load050,35.8,response,500.0,50.0,496.6204,3.4424,159.4565,537.8154,50.0794,51.126,42.605,0.5164,0.4532,-0.0313,41.6667,42.605,
sp500_load050,35.9,response,500.0,50.0,496.6834,3.3796,159.3994,537.7601,50.073,51.1226,42.6022,0.5069,0.46,-0.0314,41.6667,42.6022,
sp500_load050,36.0,response,500.0,50.0,496.7465,3.3166,159.344,537.7058,50.0672,51.1191,42.5993,0.4975,0.4666,-0.0315,41.6667,42.5993,
sp500_load050,36.1,response,500.0,50.0,496.8097,3.2535,159.29,537.6526,50.0618,51.1155,42.5963,0.488,0.4731,-0.0316,41.6667,42.5963,
sp500_load050,36.2,response,500.0,50.0,496.873,3.1903,159.2376,537.6003,50.0569,51.1117,42.5931,0.4785,0.4795,-0.0316,41.6667,42.5931,
sp500_load050,36.3,response,500.0,50.0,496.9364,3.127,159.1867,537.549,50.0523,51.1078,42.5898,0.469,0.4858,-0.0316,41.6667,42.5898,
sp500_load050,36.4,response,500.0,50.0,496.9997,3.0636,159.1372,537.4987,50.0481,51.1037,42.5864,0.4595,0.4919,-0.0317,41.6667,42.5864,
sp500_load050,36.5,response,500.0,50.0,497.063,3.0003,159.089,537.4494,50.0443,51.0995,42.5829,0.45,0.4979,-0.0317,41.6667,42.5829,
sp500_load050,36.6,response,500.0,50.0,497.1263,2.937,159.0423,537.401,50.0407,51.0952,42.5793,0.4405,0.5038,-0.0317,41.6667,42.5793,
sp500_load050,36.7,response,500.0,50.0,497.1895,2.8737,158.9969,537.3535,50.0375,51.0907,42.5756,0.4311,0.5095,-0.0316,41.6667,42.5756,
sp500_load050,36.8,response,500.0,50.0,497.2526,2.8105,158.9527,537.3069,50.0345,51.0861,42.5718,0.4216,0.5151,-0.0316,41.6667,42.5718,
sp500_load050,36.9,response,500.0,50.0,497.3155,2.7474,158.9099,537.2612,50.0317,51.0814,42.5679,0.4121,0.5206,-0.0315,41.6667,42.5679,
sp500_load050,37.0,response,500.0,50.0,497.3784,2.6845,158.8682,537.2164,50.0292,51.0766,42.5638,0.4027,0.526,-0.0315,41.6667,42.5638,
sp500_load050,37.1,response,500.0,50.0,497.4411,2.6216,158.8278,537.1724,50.0268,51.0717,42.5597,0.3932,0.5312,-0.0314,41.6667,42.5597,
sp500_load050,37.2,response,500.0,50.0,497.5036,2.5589,158.7885,537.1293,50.0247,51.0666,42.5555,0.3838,0.5364,-0.0313,41.6667,42.5555,
sp500_load050,37.3,response,500.0,50.0,497.5659,2.4964,158.7504,537.087,50.0227,51.0615,42.5512,0.3745,0.5413,-0.0313,41.6667,42.5512,
sp500_load050,37.4,response,500.0,50.0,497.628,2.4341,158.7133,537.0456,50.0209,51.0562,42.5468,0.3651,0.5462,-0.0312,41.6667,42.5468,
sp500_load050,37.5,response,500.0,50.0,497.6899,2.372,158.6773,537.0049,50.0192,51.0508,42.5424,0.3558,0.551,-0.0311,41.6667,42.5424,
sp500_load050,37.6,response,500.0,50.0,497.7516,2.3101,158.6424,536.9651,50.0177,51.0454,42.5378,0.3465,0.5556,-0.0309,41.6667,42.5378,
sp500_load050,37.7,response,500.0,50.0,497.813,2.2484,158.6085,536.926,50.0163,51.0398,42.5332,0.3373,0.5601,-0.0308,41.6667,42.5332,
sp500_load050,37.8,response,500.0,50.0,497.8742,2.187,158.5756,536.8877,50.015,51.0341,42.5285,0.328,0.5644,-0.0307,41.6667,42.5285,
sp500_load050,37.9,response,500.0,50.0,497.935,2.1258,158.5436,536.8502,50.0138,51.0284,42.5237,0.3189,0.5687,-0.0306,41.6667,42.5237,
sp500_load050,38.0,response,500.0,50.0,497.9956,2.065,158.5126,536.8133,50.0127,51.0226,42.5188,0.3097,0.5728,-0.0304,41.6667,42.5188,
sp500_load050,38.1,response,500.0,50.0,498.0559,2.0044,158.4825,536.7772,50.0117,51.0166,42.5139,0.3007,0.5768,-0.0303,41.6667,42.5139,
sp500_load050,38.2,response,500.0,50.0,498.1159,1.9441,158.4533,536.7418,50.0107,51.0106,42.5089,0.2916,0.5807,-0.0301,41.6667,42.5089,
sp500_load050,38.3,response,500.0,50.0,498.1756,1.8841,158.4249,536.7071,50.0099,51.0045,42.5038,0.2826,0.5845,-0.03,41.6667,42.5038,
sp500_load050,38.4,response,500.0,50.0,498.235,1.8244,158.3974,536.6731,50.0091,50.9984,42.4986,0.2737,0.5881,-0.0298,41.6667,42.4986,
sp500_load050,38.5,response,500.0,50.0,498.294,1.765,158.3706,536.6398,50.0084,50.9921,42.4934,0.2648,0.5917,-0.0297,41.6667,42.4934,
sp500_load050,38.6,response,500.0,50.0,498.3527,1.706,158.3447,536.6071,50.0077,50.9858,42.4881,0.2559,0.5951,-0.0295,41.6667,42.4881,
sp500_load050,38.7,response,500.0,50.0,498.411,1.6473,158.3195,536.575,50.0071,50.9794,42.4828,0.2471,0.5984,-0.0293,41.6667,42.4828,
sp500_load050,38.8,response,500.0,50.0,498.469,1.589,158.2951,536.5436,50.0065,50.9729,42.4774,0.2384,0.6016,-0.0292,41.6667,42.4774,
sp500_load050,38.9,response,500.0,50.0,498.5266,1.531,158.2713,536.5128,50.006,50.9663,42.4719,0.2297,0.6046,-0.029,41.6667,42.4719,
sp500_load050,39.0,response,500.0,50.0,498.5839,1.4734,158.2483,536.4827,50.0055,50.9597,42.4664,0.221,0.6076,-0.0288,41.6667,42.4664,
sp500_load050,39.1,response,500.0,50.0,498.6407,1.4161,158.226,536.4531,50.0051,50.953,42.4609,0.2124,0.6104,-0.0286,41.6667,42.4609,
sp500_load050,39.2,response,500.0,50.0,498.6972,1.3593,158.2043,536.4241,50.0047,50.9463,42.4552,0.2039,0.6131,-0.0284,41.6667,42.4552,
sp500_load050,39.3,response,500.0,50.0,498.7533,1.3028,158.1833,536.3957,50.0043,50.9395,42.4496,0.1954,0.6157,-0.0282,41.6667,42.4496,
sp500_load050,39.4,response,500.0,50.0,498.8091,1.2467,158.1629,536.3678,50.0039,50.9326,42.4438,0.187,0.6182,-0.0281,41.6667,42.4438,
sp500_load050,39.5,response,500.0,50.0,498.8644,1.1909,158.1431,536.3405,50.0036,50.9257,42.438,0.1786,0.6206,-0.0279,41.6667,42.438,
sp500_load050,39.6,response,500.0,50.0,498.9193,1.1356,158.1238,536.3137,50.0033,50.9187,42.4322,0.1703,0.6229,-0.0277,41.6667,42.4322,
sp500_load050,39.7,response,500.0,50.0,498.9738,1.0807,158.1052,536.2875,50.0031,50.9116,42.4263,0.1621,0.625,-0.0275,41.6667,42.4263,
sp500_load050,39.8,response,500.0,50.0,499.0279,1.0262,158.0871,536.2618,50.0028,50.9045,42.4204,0.1539,0.6271,-0.0273,41.6667,42.4204,
sp500_load050,39.9,response,500.0,50.0,499.0816,0.9721,158.0696,536.2366,50.0026,50.8973,42.4145,0.1458,0.629,-0.0271,41.6667,42.4145,
sp500_load050,40.0,response,500.0,50.0,499.1349,0.9184,158.0525,536.2119,50.0024,50.8901,42.4084,0.1378,0.6309,-0.0268,41.6667,42.4084,
sp500_load050,40.1,response,500.0,50.0,499.1877,0.8651,158.036,536.1877,50.0022,50.8829,42.4024,0.1298,0.6326,-0.0266,41.6667,42.4024,
sp500_load050,40.2,response,500.0,50.0,499.2401,0.8123,158.02,536.164,50.002,50.8756,42.3963,0.1218,0.6342,-0.0264,41.6667,42.3963,
sp500_load050,40.3,response,500.0,50.0,499.2921,0.7599,158.0044,536.1407,50.0019,50.8682,42.3902,0.114,0.6357,-0.0262,41.6667,42.3902,
sp500_load050,40.4,response,500.0,50.0,499.3436,0.7079,157.9893,536.1179,50.0017,50.8608,42.384,0.1062,0.6372,-0.026,41.6667,42.384,
sp500_load050,40.5,response,500.0,50.0,499.3948,0.6564,157.9747,536.0956,50.0016,50.8534,42.3778,0.0985,0.6385,-0.0258,41.6667,42.3778,
sp500_load050,40.6,response,500.0,50.0,499.4454,0.6052,157.9605,536.0737,50.0015,50.8459,42.3716,0.0908,0.6397,-0.0256,41.6667,42.3716,
sp500_load050,40.7,response,500.0,50.0,499.4956,0.5546,157.9467,536.0522,50.0013,50.8384,42.3653,0.0832,0.6408,-0.0253,41.6667,42.3653,
sp500_load050,40.8,response,500.0,50.0,499.5454,0.5044,157.9333,536.0312,50.0012,50.8308,42.359,0.0757,0.6418,-0.0251,41.6667,42.359,
sp500_load050,40.9,response,500.0,50.0,499.5947,0.4546,157.9203,536.0106,50.0011,50.8232,42.3527,0.0682,0.6427,-0.0249,41.6667,42.3527,
sp500_load050,41.0,response,500.0,50.0,499.6436,0.4053,157.9077,535.9904,50.001,50.8156,42.3463,0.0608,0.6435,-0.0247,41.6667,42.3463,
sp500_load050,41.1,response,500.0,50.0,499.692,0.3564,157.8955,535.9706,50.001,50.8079,42.3399,0.0535,0.6442,-0.0244,41.6667,42.3399,
sp500_load050,41.2,response,500.0,50.0,499.74,0.308,157.8837,535.9512,50.0009,50.8002,42.3335,0.0462,0.6448,-0.0242,41.6667,42.3335,
sp500_load050,41.3,response,500.0,50.0,499.7875,0.26,157.8722,535.9322,50.0008,50.7925,42.3271,0.039,0.6454,-0.024,41.6667,42.3271,
sp500_load050,41.4,response,500.0,50.0,499.8345,0.2125,157.861,535.9136,50.0007,50.7847,42.3206,0.0319,0.6458,-0.0237,41.6667,42.3206,
sp500_load050,41.5,response,500.0,50.0,499.8811,0.1655,157.8502,535.8953,50.0007,50.7769,42.3141,0.0248,0.6461,-0.0235,41.6667,42.3141,
sp500_load050,41.6,response,500.0,50.0,499.9272,0.1189,157.8397,535.8774,50.0006,50.7691,42.3076,0.0178,0.6464,-0.0233,41.6667,42.3076,
sp500_load050,41.7,response,500.0,50.0,499.9728,0.0728,157.8296,535.8599,50.0006,50.7612,42.301,0.0109,0.6465,-0.0231,41.6667,42.301,
sp500_load050,41.8,response,500.0,50.0,500.018,0.0272,157.8197,535.8427,50.0005,50.7534,42.2945,0.0041,0.6466,-0.0228,41.6667,42.2945,
sp500_load050,41.9,response,500.0,50.0,500.0627,-0.018,157.8101,535.8258,50.0005,50.7455,42.2879,-0.0027,0.6465,-0.0226,41.6667,42.2879,
sp500_load050,42.0,response,500.0,50.0,500.1069,-0.0627,157.8008,535.8093,50.0005,50.7376,42.2813,-0.0094,0.6464,-0.0223,41.6667,42.2813,
sp500_load050,42.1,response,500.0,50.0,500.1507,-0.1069,157.7918,535.7931,50.0004,50.7296,42.2747,-0.016,0.6462,-0.0221,41.6667,42.2747,
sp500_load050,42.2,response,500.0,50.0,500.194,-0.1507,157.783,535.7773,50.0004,50.7217,42.2681,-0.0226,0.6459,-0.0219,41.6667,42.2681,
sp500_load050,42.3,response,500.0,50.0,500.2368,-0.194,157.7746,535.7617,50.0004,50.7137,42.2614,-0.0291,0.6455,-0.0216,41.6667,42.2614,
sp500_load050,42.4,response,500.0,50.0,500.2791,-0.2368,157.7663,535.7465,50.0003,50.7057,42.2548,-0.0355,0.645,-0.0214,41.6667,42.2548,
sp500_load050,42.5,response,500.0,50.0,500.3209,-0.2791,157.7584,535.7316,50.0003,50.6977,42.2481,-0.0419,0.6445,-0.0212,41.6667,42.2481,
sp500_load050,42.6,response,500.0,50.0,500.3623,-0.3209,157.7506,535.717,50.0003,50.6897,42.2414,-0.0481,0.6438,-0.0209,41.6667,42.2414,
sp500_load050,42.7,response,500.0,50.0,500.4032,-0.3623,157.7431,535.7026,50.0003,50.6817,42.2347,-0.0543,0.6431,-0.0207,41.6667,42.2347,
sp500_load050,42.8,response,500.0,50.0,500.4436,-0.4032,157.7358,535.6886,50.0002,50.6736,42.228,-0.0605,0.6423,-0.0204,41.6667,42.228,
sp500_load050,42.9,response,500.0,50.0,500.4835,-0.4436,157.7287,535.6748,50.0002,50.6656,42.2213,-0.0665,0.6414,-0.0202,41.6667,42.2213,
sp500_load050,43.0,response,500.0,50.0,500.523,-0.4835,157.7219,535.6613,50.0002,50.6575,42.2146,-0.0725,0.6404,-0.02,41.6667,42.2146,
sp500_load050,43.1,response,500.0,50.0,500.5619,-0.523,157.7152,535.6481,50.0002,50.6495,42.2079,-0.0784,0.6394,-0.0197,41.6667,42.2079,
sp500_load050,43.2,response,500.0,50.0,500.6004,-0.5619,157.7088,535.6351,50.0002,50.6414,42.2012,-0.0843,0.6383,-0.0195,41.6667,42.2012,
sp500_load050,43.3,response,500.0,50.0,500.6384,-0.6004,157.7025,535.6224,50.0002,50.6333,42.1944,-0.0901,0.6371,-0.0192,41.6667,42.1944,
sp500_load050,43.4,response,500.0,50.0,500.6759,-0.6384,157.6964,535.61,50.0001,50.6252,42.1877,-0.0958,0.6358,-0.019,41.6667,42.1877,
sp500_load050,43.5,response,500.0,50.0,500.7129,-0.6759,157.6906,535.5978,50.0001,50.6172,42.181,-0.1014,0.6344,-0.0188,41.6667,42.181,
sp500_load050,43.6,response,500.0,50.0,500.7494,-0.7129,157.6848,535.5858,50.0001,50.6091,42.1742,-0.1069,0.633,-0.0185,41.6667,42.1742,
sp500_load050,43.7,response,500.0,50.0,500.7855,-0.7494,157.6793,535.5741,50.0001,50.601,42.1675,-0.1124,0.6315,-0.0183,41.6667,42.1675,
sp500_load050,43.8,response,500.0,50.0,500.8211,-0.7855,157.6739,535.5626,50.0001,50.5929,42.1608,-0.1178,0.6299,-0.018,41.6667,42.1608,
sp500_load050,43.9,response,500.0,50.0,500.8562,-0.8211,157.6687,535.5514,50.0001,50.5848,42.154,-0.1232,0.6283,-0.0178,41.6667,42.154,
sp500_load050,44.0,response,500.0,50.0,500.8908,-0.8562,157.6636,535.5404,50.0001,50.5767,42.1473,-0.1284,0.6266,-0.0175,41.6667,42.1473,
sp500_load050,44.1,response,500.0,50.0,500.9249,-0.8908,157.6587,535.5295,50.0001,50.5687,42.1406,-0.1336,0.6248,-0.0173,41.6667,42.1406,
sp500_load050,44.2,response,500.0,50.0,500.9585,-0.9249,157.654,535.519,50.0001,50.5606,42.1338,-0.1387,0.623,-0.0171,41.6667,42.1338,
sp500_load050,44.3,response,500.0,50.0,500.9916,-0.9585,157.6494,535.5086,50.0001,50.5525,42.1271,-0.1438,0.621,-0.0168,41.6667,42.1271,
sp500_load050,44.4,response,500.0,50.0,501.0243,-0.9916,157.6449,535.4984,50.0001,50.5445,42.1204,-0.1487,0.6191,-0.0166,41.6667,42.1204,
sp500_load050,44.5,response,500.0,50.0,501.0565,-1.0243,157.6405,535.4884,50.0001,50.5364,42.1137,-0.1536,0.617,-0.0163,41.6667,42.1137,
sp500_load050,44.6,response,500.0,50.0,501.0882,-1.0565,157.6363,535.4787,50.0001,50.5284,42.107,-0.1585,0.6149,-0.0161,41.6667,42.107,
sp500_load050,44.7,response,500.0,50.0,501.1194,-1.0882,157.6322,535.4691,50.0,50.5204,42.1003,-0.1632,0.6127,-0.0159,41.6667,42.1003,
sp500_load050,44.8,response,500.0,50.0,501.1502,-1.1194,157.6283,535.4597,50.0,50.5123,42.0936,-0.1679,0.6105,-0.0156,41.6667,42.0936,
sp500_load050,44.9,response,500.0,50.0,501.1804,-1.1502,157.6244,535.4505,50.0,50.5043,42.087,-0.1725,0.6082,-0.0154,41.6667,42.087,
sp500_load050,45.0,response,500.0,50.0,501.2102,-1.1804,157.6207,535.4415,50.0,50.4963,42.0803,-0.1771,0.6058,-0.0151,41.6667,42.0803,
sp500_load050,45.1,response,500.0,50.0,501.2395,-1.2102,157.6171,535.4327,50.0,50.4884,42.0736,-0.1815,0.6034,-0.0149,41.6667,42.0736,
sp500_load050,45.2,response,500.0,50.0,501.2683,-1.2395,157.6136,535.424,50.0,50.4804,42.067,-0.1859,0.6009,-0.0147,41.6667,42.067,
sp500_load050,45.3,response,500.0,50.0,501.2967,-1.2683,157.6101,535.4156,50.0,50.4725,42.0604,-0.1902,0.5984,-0.0144,41.6667,42.0604,
sp500_load050,45.4,response,500.0,50.0,501.3245,-1.2967,157.6068,535.4072,50.0,50.4645,42.0538,-0.1945,0.5958,-0.0142,41.6667,42.0538,
sp500_load050,45.5,response,500.0,50.0,501.3519,-1.3245,157.6036,535.3991,50.0,50.4566,42.0472,-0.1987,0.5931,-0.0139,41.6667,42.0472,
sp500_load050,45.6,response,500.0,50.0,501.3788,-1.3519,157.6005,535.3911,50.0,50.4487,42.0406,-0.2028,0.5904,-0.0137,41.6667,42.0406,
sp500_load050,45.7,response,500.0,50.0,501.4053,-1.3788,157.5975,535.3833,50.0,50.4409,42.0341,-0.2068,0.5877,-0.0135,41.6667,42.0341,
sp500_load050,45.8,response,500.0,50.0,501.4313,-1.4053,157.5946,535.3756,50.0,50.433,42.0275,-0.2108,0.5849,-0.0132,41.6667,42.0275,
sp500_load050,45.9,response,500.0,50.0,501.4568,-1.4313,157.5918,535.3681,50.0,50.4252,42.021,-0.2147,0.582,-0.013,41.6667,42.021,
sp500_load050,46.0,response,500.0,50.0,501.4818,-1.4568,157.589,535.3608,50.0,50.4174,42.0145,-0.2185,0.5791,-0.0128,41.6667,42.0145,
sp500_load050,46.1,response,500.0,50.0,501.5064,-1.4818,157.5863,535.3535,50.0,50.4096,42.008,-0.2223,0.5761,-0.0125,41.6667,42.008,
sp500_load050,46.2,response,500.0,50.0,501.5305,-1.5064,157.5837,535.3465,50.0,50.4018,42.0015,-0.226,0.5731,-0.0123,41.6667,42.0015,
sp500_load050,46.3,response,500.0,50.0,501.5542,-1.5305,157.5812,535.3395,50.0,50.3941,41.9951,-0.2296,0.5701,-0.0121,41.6667,41.9951,
sp500_load050,46.4,response,500.0,50.0,501.5773,-1.5542,157.5788,535.3327,50.0,50.3864,41.9887,-0.2331,0.5669,-0.0118,41.6667,41.9887,
sp500_load050,46.5,response,500.0,50.0,501.6001,-1.5773,157.5764,535.3261,50.0,50.3787,41.9823,-0.2366,0.5638,-0.0116,41.6667,41.9823,
sp500_load050,46.6,response,500.0,50.0,501.6223,-1.6001,157.5741,535.3196,50.0,50.3711,41.9759,-0.24,0.5606,-0.0114,41.6667,41.9759,
sp500_load050,46.7,response,500.0,50.0,501.6441,-1.6223,157.5719,535.3132,50.0,50.3634,41.9695,-0.2433,0.5573,-0.0111,41.6667,41.9695,
sp500_load050,46.8,response,500.0,50.0,501.6655,-1.6441,157.5698,535.3069,50.0,50.3558,41.9632,-0.2466,0.5541,-0.0109,41.6667,41.9632,
sp500_load050,46.9,response,500.0,50.0,501.6864,-1.6655,157.5677,535.3008,50.0,50.3483,41.9569,-0.2498,0.5507,-0.0107,41.6667,41.9569,
sp500_load050,47.0,response,500.0,50.0,501.7068,-1.6864,157.5656,535.2948,50.0,50.3407,41.9506,-0.253,0.5474,-0.0104,41.6667,41.9506,
sp500_load050,47.1,response,500.0,50.0,501.7268,-1.7068,157.5637,535.2889,50.0,50.3332,41.9444,-0.256,0.5439,-0.0102,41.6667,41.9444,
sp500_load050,47.2,response,500.0,50.0,501.7464,-1.7268,157.5618,535.2831,50.0,50.3258,41.9381,-0.259,0.5405,-0.01,41.6667,41.9381,
sp500_load050,47.3,response,500.0,50.0,501.7655,-1.7464,157.5599,535.2774,50.0,50.3183,41.9319,-0.262,0.537,-0.0098,41.6667,41.9319,
sp500_load050,47.4,response,500.0,50.0,501.7841,-1.7655,157.5581,535.2719,50.0,50.3109,41.9258,-0.2648,0.5335,-0.0095,41.6667,41.9258,
sp500_load050,47.5,response,500.0,50.0,501.8023,-1.7841,157.5564,535.2664,50.0,50.3035,41.9196,-0.2676,0.5299,-0.0093,41.6667,41.9196,
sp500_load050,47.6,response,500.0,50.0,501.8201,-1.8023,157.5547,535.2611,50.0,50.2962,41.9135,-0.2703,0.5263,-0.0091,41.6667,41.9135,
sp500_load050,47.7,response,500.0,50.0,501.8374,-1.8201,157.553,535.2559,50.0,50.2889,41.9074,-0.273,0.5226,-0.0089,41.6667,41.9074,
sp500_load050,47.8,response,500.0,50.0,501.8543,-1.8374,157.5514,535.2508,50.0,50.2816,41.9014,-0.2756,0.519,-0.0087,41.6667,41.9014,
sp500_load050,47.9,response,500.0,50.0,501.8708,-1.8543,157.5499,535.2458,50.0,50.2744,41.8953,-0.2781,0.5153,-0.0084,41.6667,41.8953,
sp500_load050,48.0,response,500.0,50.0,501.8868,-1.8708,157.5484,535.2408,50.0,50.2672,41.8893,-0.2806,0.5115,-0.0082,41.6667,41.8893,
sp500_load050,48.1,response,500.0,50.0,501.9024,-1.8868,157.5469,535.236,50.0,50.2601,41.8834,-0.283,0.5077,-0.008,41.6667,41.8834,
sp500_load050,48.2,response,500.0,50.0,501.9176,-1.9024,157.5455,535.2313,50.0,50.2529,41.8774,-0.2854,0.5039,-0.0078,41.6667,41.8774,
sp500_load050,48.3,response,500.0,50.0,501.9324,-1.9176,157.5442,535.2267,50.0,50.2459,41.8715,-0.2876,0.5001,-0.0076,41.6667,41.8715,
sp500_load050,48.4,response,500.0,50.0,501.9467,-1.9324,157.5428,535.2221,50.0,50.2388,41.8657,-0.2899,0.4962,-0.0074,41.6667,41.8657,
sp500_load050,48.5,response,500.0,50.0,501.9606,-1.9467,157.5416,535.2177,50.0,50.2318,41.8598,-0.292,0.4924,-0.0072,41.6667,41.8598,
sp500_load050,48.6,response,500.0,50.0,501.9741,-1.9606,157.5403,535.2133,50.0,50.2249,41.8541,-0.2941,0.4884,-0.007,41.6667,41.8541,
sp500_load050,48.7,response,500.0,50.0,501.9872,-1.9741,157.5391,535.2091,50.0,50.2179,41.8483,-0.2961,0.4845,-0.0067,41.6667,41.8483,
sp500_load050,48.8,response,500.0,50.0,501.9998,-1.9872,157.5379,535.2049,50.0,50.2111,41.8426,-0.2981,0.4805,-0.0065,41.6667,41.8426,
sp500_load050,48.9,response,500.0,50.0,502.0121,-1.9998,157.5368,535.2008,50.0,50.2042,41.8369,-0.3,0.4765,-0.0063,41.6667,41.8369,
sp500_load050,49.0,response,500.0,50.0,502.0239,-2.0121,157.5357,535.1968,50.0,50.1975,41.8312,-0.3018,0.4725,-0.0061,41.6667,41.8312,
sp500_load050,49.1,response,500.0,50.0,502.0354,-2.0239,157.5346,535.1929,50.0,50.1907,41.8256,-0.3036,0.4684,-0.0059,41.6667,41.8256,
sp500_load050,49.2,response,500.0,50.0,502.0464,-2.0354,157.5336,535.189,50.0,50.184,41.82,-0.3053,0.4644,-0.0057,41.6667,41.82,
sp500_load050,49.3,response,500.0,50.0,502.0571,-2.0464,157.5326,535.1852,50.0,50.1773,41.8145,-0.307,0.4603,-0.0055,41.6667,41.8145,
sp500_load050,49.4,response,500.0,50.0,502.0673,-2.0571,157.5316,535.1815,50.0,50.1707,41.8089,-0.3086,0.4562,-0.0053,41.6667,41.8089,
sp500_load050,49.5,response,500.0,50.0,502.0771,-2.0673,157.5307,535.1779,50.0,50.1642,41.8035,-0.3101,0.452,-0.0051,41.6667,41.8035,
sp500_load050,49.6,response,500.0,50.0,502.0866,-2.0771,157.5297,535.1743,50.0,50.1576,41.798,-0.3116,0.4479,-0.0049,41.6667,41.798,
sp500_load050,49.7,response,500.0,50.0,502.0957,-2.0866,157.5288,535.1708,50.0,50.1512,41.7926,-0.313,0.4437,-0.0047,41.6667,41.7926,
sp500_load050,49.8,response,500.0,50.0,502.1044,-2.0957,157.528,535.1674,50.0,50.1447,41.7873,-0.3144,0.4395,-0.0045,41.6667,41.7873,
sp500_load050,49.9,response,500.0,50.0,502.1127,-2.1044,157.5271,535.1641,50.0,50.1384,41.782,-0.3157,0.4353,-0.0043,41.6667,41.782,
sp500_load050,50.0,response,500.0,50.0,502.1206,-2.1127,157.5263,535.1608,50.0,50.132,41.7767,-0.3169,0.4311,-0.0042,41.6667,41.7767,
sp500_load050,50.1,response,500.0,50.0,502.1281,-2.1206,157.5255,535.1576,50.0,50.1257,41.7714,-0.3181,0.4268,-0.004,41.6667,41.7714,
sp500_load050,50.2,response,500.0,50.0,502.1353,-2.1281,157.5248,535.1544,50.0,50.1195,41.7662,-0.3192,0.4226,-0.0038,41.6667,41.7662,
sp500_load050,50.3,response,500.0,50.0,502.1421,-2.1353,157.524,535.1513,50.0,50.1133,41.7611,-0.3203,0.4183,-0.0036,41.6667,41.7611,
sp500_load050,50.4,response,500.0,50.0,502.1485,-2.1421,157.5233,535.1483,50.0,50.1072,41.756,-0.3213,0.414,-0.0034,41.6667,41.756,
sp500_load050,50.5,response,500.0,50.0,502.1546,-2.1485,157.5226,535.1453,50.0,50.1011,41.7509,-0.3223,0.4097,-0.0032,41.6667,41.7509,
sp500_load050,50.6,response,500.0,50.0,502.1603,-2.1546,157.5219,535.1424,50.0,50.095,41.7459,-0.3232,0.4054,-0.003,41.6667,41.7459,
sp500_load050,50.7,response,500.0,50.0,502.1656,-2.1603,157.5213,535.1396,50.0,50.089,41.7409,-0.324,0.4011,-0.0029,41.6667,41.7409,
sp500_load050,50.8,response,500.0,50.0,502.1706,-2.1656,157.5206,535.1368,50.0,50.0831,41.7359,-0.3248,0.3968,-0.0027,41.6667,41.7359,
sp500_load050,50.9,response,500.0,50.0,502.1752,-2.1706,157.52,535.1341,50.0,50.0772,41.731,-0.3256,0.3924,-0.0025,41.6667,41.731,
sp500_load050,51.0,response,500.0,50.0,502.1795,-2.1752,157.5194,535.1314,50.0,50.0714,41.7261,-0.3263,0.3881,-0.0023,41.6667,41.7261,
sp500_load050,51.1,response,500.0,50.0,502.1835,-2.1795,157.5188,535.1287,50.0,50.0656,41.7213,-0.3269,0.3837,-0.0021,41.6667,41.7213,
sp500_load050,51.2,response,500.0,50.0,502.1871,-2.1835,157.5183,535.1262,50.0,50.0598,41.7165,-0.3275,0.3793,-0.002,41.6667,41.7165,
sp500_load050,51.3,response,500.0,50.0,502.1903,-2.1871,157.5177,535.1237,50.0,50.0541,41.7118,-0.3281,0.375,-0.0018,41.6667,41.7118,
sp500_load050,51.4,response,500.0,50.0,502.1932,-2.1903,157.5172,535.1212,50.0,50.0485,41.7071,-0.3285,0.3706,-0.0016,41.6667,41.7071,
sp500_load050,51.5,response,500.0,50.0,502.1958,-2.1932,157.5167,535.1188,50.0,50.0429,41.7024,-0.329,0.3662,-0.0015,41.6667,41.7024,
sp500_load050,51.6,response,500.0,50.0,502.198,-2.1958,157.5162,535.1164,50.0,50.0374,41.6978,-0.3294,0.3618,-0.0013,41.6667,41.6978,
sp500_load050,51.7,response,500.0,50.0,502.1999,-2.198,157.5157,535.1141,50.0,50.0319,41.6933,-0.3297,0.3574,-0.0011,41.6667,41.6933,
sp500_load050,51.8,response,500.0,50.0,502.2015,-2.1999,157.5152,535.1118,50.0,50.0265,41.6887,-0.33,0.353,-0.001,41.6667,41.6887,
sp500_load050,51.9,response,500.0,50.0,502.2028,-2.2015,157.5148,535.1095,50.0,50.0211,41.6843,-0.3302,0.3486,-0.0008,41.6667,41.6843,
sp500_load050,52.0,response,500.0,50.0,502.2037,-2.2028,157.5143,535.1073,50.0,50.0158,41.6798,-0.3304,0.3442,-0.0006,41.6667,41.6798,
sp500_load050,52.1,response,500.0,50.0,502.2044,-2.2037,157.5139,535.1052,50.0,50.0105,41.6754,-0.3306,0.3398,-0.0005,41.6667,41.6754,
sp500_load050,52.2,response,500.0,50.0,502.2047,-2.2044,157.5135,535.1031,50.0,50.0053,41.6711,-0.3307,0.3354,-0.0003,41.6667,41.6711,
sp500_load050,52.3,response,500.0,50.0,502.2047,-2.2047,157.5131,535.101,50.0,50.0001,41.6668,-0.3307,0.331,-0.0002,41.6667,41.6668,
sp500_load050,52.4,response,500.0,50.0,502.2044,-2.2047,157.5127,535.099,50.0,49.995,41.6625,-0.3307,0.3266,-0.0,41.6667,41.6625,
sp500_load050,52.5,response,500.0,50.0,502.2038,-2.2044,157.5123,535.097,50.0,49.99,41.6583,-0.3307,0.3222,0.0001,41.6667,41.6583,
sp500_load050,52.6,response,500.0,50.0,502.2029,-2.2038,157.5119,535.0951,50.0,49.985,41.6541,-0.3306,0.3178,0.0003,41.6667,41.6541,
sp500_load050,52.7,response,500.0,50.0,502.2017,-2.2029,157.5116,535.0932,50.0,49.98,41.65,-0.3304,0.3133,0.0005,41.6667,41.65,
sp500_load050,52.8,response,500.0,50.0,502.2002,-2.2017,157.5112,535.0913,50.0,49.9751,41.646,-0.3303,0.3089,0.0006,41.6667,41.646,
sp500_load050,52.9,response,500.0,50.0,502.1984,-2.2002,157.5109,535.0895,50.0,49.9703,41.6419,-0.33,0.3045,0.0007,41.6667,41.6419,
sp500_load050,53.0,response,500.0,50.0,502.1964,-2.1984,157.5106,535.0877,50.0,49.9655,41.6379,-0.3298,0.3001,0.0009,41.6667,41.6379,
sp500_load050,53.1,response,500.0,50.0,502.194,-2.1964,157.5102,535.086,50.0,49.9608,41.634,-0.3295,0.2958,0.001,41.6667,41.634,
sp500_load050,53.2,response,500.0,50.0,502.1914,-2.194,157.5099,535.0842,50.0,49.9561,41.6301,-0.3291,0.2914,0.0012,41.6667,41.6301,
sp500_load050,53.3,response,500.0,50.0,502.1885,-2.1914,157.5096,535.0825,50.0,49.9515,41.6263,-0.3287,0.287,0.0013,41.6667,41.6263,
sp500_load050,53.4,response,500.0,50.0,502.1853,-2.1885,157.5093,535.0809,50.0,49.9469,41.6225,-0.3283,0.2826,0.0015,41.6667,41.6225,
sp500_load050,53.5,response,500.0,50.0,502.1818,-2.1853,157.5091,535.0793,50.0,49.9424,41.6187,-0.3278,0.2782,0.0016,41.6667,41.6187,
sp500_load050,53.6,response,500.0,50.0,502.1781,-2.1818,157.5088,535.0777,50.0,49.938,41.615,-0.3273,0.2739,0.0017,41.6667,41.615,
sp500_load050,53.7,response,500.0,50.0,502.1741,-2.1781,157.5085,535.0761,50.0,49.9336,41.6113,-0.3267,0.2695,0.0019,41.6667,41.6113,
sp500_load050,53.8,response,500.0,50.0,502.1699,-2.1741,157.5083,535.0746,50.0,49.9292,41.6077,-0.3261,0.2652,0.002,41.6667,41.6077,
sp500_load050,53.9,response,500.0,50.0,502.1654,-2.1699,157.508,535.0731,50.0,49.925,41.6041,-0.3255,0.2608,0.0021,41.6667,41.6041,
sp500_load050,54.0,response,500.0,50.0,502.1606,-2.1654,157.5078,535.0717,50.0,49.9207,41.6006,-0.3248,0.2565,0.0023,41.6667,41.6006,
sp500_load050,54.1,response,500.0,50.0,502.1556,-2.1606,157.5075,535.0702,50.0,49.9166,41.5971,-0.3241,0.2522,0.0024,41.6667,41.5971,
sp500_load050,54.2,response,500.0,50.0,502.1504,-2.1556,157.5073,535.0688,50.0,49.9124,41.5937,-0.3233,0.2479,0.0025,41.6667,41.5937,
sp500_load050,54.3,response,500.0,50.0,502.1449,-2.1504,157.5071,535.0674,50.0,49.9084,41.5903,-0.3226,0.2436,0.0026,41.6667,41.5903,
sp500_load050,54.4,response,500.0,50.0,502.1391,-2.1449,157.5069,535.0661,50.0,49.9044,41.587,-0.3217,0.2393,0.0027,41.6667,41.587,
sp500_load050,54.5,response,500.0,50.0,502.1332,-2.1391,157.5067,535.0648,50.0,49.9004,41.5837,-0.3209,0.235,0.0029,41.6667,41.5837,
sp500_load050,54.6,response,500.0,50.0,502.1269,-2.1332,157.5065,535.0635,50.0,49.8965,41.5804,-0.32,0.2307,0.003,41.6667,41.5804,
sp500_load050,54.7,response,500.0,50.0,502.1205,-2.1269,157.5063,535.0622,50.0,49.8926,41.5772,-0.319,0.2265,0.0031,41.6667,41.5772,
sp500_load050,54.8,response,500.0,50.0,502.1138,-2.1205,157.5061,535.061,50.0,49.8889,41.574,-0.3181,0.2222,0.0032,41.6667,41.574,
sp500_load050,54.9,response,500.0,50.0,502.1069,-2.1138,157.5059,535.0597,50.0,49.8851,41.5709,-0.3171,0.218,0.0033,41.6667,41.5709,
sp500_load050,55.0,response,500.0,50.0,502.0998,-2.1069,157.5057,535.0586,50.0,49.8814,41.5679,-0.316,0.2138,0.0034,41.6667,41.5679,
sp500_load050,55.1,response,500.0,50.0,502.0925,-2.0998,157.5056,535.0574,50.0,49.8778,41.5648,-0.315,0.2096,0.0036,41.6667,41.5648,
sp500_load050,55.2,response,500.0,50.0,502.0849,-2.0925,157.5054,535.0562,50.0,49.8742,41.5619,-0.3139,0.2054,0.0037,41.6667,41.5619,
sp500_load050,55.3,response,500.0,50.0,502.0772,-2.0849,157.5052,535.0551,50.0,49.8707,41.5589,-0.3127,0.2012,0.0038,41.6667,41.5589,
sp500_load050,55.4,response,500.0,50.0,502.0692,-2.0772,157.5051,535.054,50.0,49.8673,41.5561,-0.3116,0.1971,0.0039,41.6667,41.5561,
sp500_load050,55.5,response,500.0,50.0,502.0611,-2.0692,157.5049,535.0529,50.0,49.8639,41.5532,-0.3104,0.1929,0.004,41.6667,41.5532,
sp500_load050,55.6,response,500.0,50.0,502.0527,-2.0611,157.5048,535.0519,50.0,49.8605,41.5504,-0.3092,0.1888,0.0041,41.6667,41.5504,
sp500_load050,55.7,response,500.0,50.0,502.0441,-2.0527,157.5046,535.0508,50.0,49.8572,41.5477,-0.3079,0.1847,0.0042,41.6667,41.5477,
sp500_load050,55.8,response,500.0,50.0,502.0354,-2.0441,157.5045,535.0498,50.0,49.854,41.545,-0.3066,0.1806,0.0043,41.6667,41.545,
sp500_load050,55.9,response,500.0,50.0,502.0264,-2.0354,157.5044,535.0488,50.0,49.8508,41.5423,-0.3053,0.1766,0.0044,41.6667,41.5423,
sp500_load050,56.0,response,500.0,50.0,502.0173,-2.0264,157.5042,535.0478,50.0,49.8476,41.5397,-0.304,0.1725,0.0045,41.6667,41.5397,
sp500_load050,56.1,response,500.0,50.0,502.0079,-2.0173,157.5041,535.0469,50.0,49.8445,41.5371,-0.3026,0.1685,0.0046,41.6667,41.5371,
sp500_load050,56.2,response,500.0,50.0,501.9984,-2.0079,157.504,535.0459,50.0,49.8415,41.5346,-0.3012,0.1645,0.0047,41.6667,41.5346,
sp500_load050,56.3,response,500.0,50.0,501.9887,-1.9984,157.5039,535.045,50.0,49.8385,41.5321,-0.2998,0.1605,0.0048,41.6667,41.5321,
sp500_load050,56.4,response,500.0,50.0,501.9789,-1.9887,157.5037,535.0441,50.0,49.8356,41.5297,-0.2983,0.1565,0.0048,41.6667,41.5297,
sp500_load050,56.5,response,500.0,50.0,501.9688,-1.9789,157.5036,535.0432,50.0,49.8327,41.5273,-0.2968,0.1525,0.0049,41.6667,41.5273,
sp500_load050,56.6,response,500.0,50.0,501.9586,-1.9688,157.5035,535.0424,50.0,49.8299,41.5249,-0.2953,0.1486,0.005,41.6667,41.5249,
sp500_load050,56.7,response,500.0,50.0,501.9483,-1.9586,157.5034,535.0415,50.0,49.8272,41.5226,-0.2938,0.1447,0.0051,41.6667,41.5226,
sp500_load050,56.8,response,500.0,50.0,501.9377,-1.9483,157.5033,535.0407,50.0,49.8245,41.5204,-0.2922,0.1408,0.0052,41.6667,41.5204,
sp500_load050,56.9,response,500.0,50.0,501.927,-1.9377,157.5032,535.0399,50.0,49.8218,41.5182,-0.2907,0.1369,0.0053,41.6667,41.5182,
sp500_load050,57.0,response,500.0,50.0,501.9162,-1.927,157.5031,535.0391,50.0,49.8192,41.516,-0.2891,0.133,0.0053,41.6667,41.516,
sp500_load050,57.1,response,500.0,50.0,501.9052,-1.9162,157.503,535.0383,50.0,49.8166,41.5139,-0.2874,0.1292,0.0054,41.6667,41.5139,
sp500_load050,57.2,response,500.0,50.0,501.894,-1.9052,157.5029,535.0375,50.0,49.8141,41.5118,-0.2858,0.1254,0.0055,41.6667,41.5118,
sp500_load050,57.3,response,500.0,50.0,501.8827,-1.894,157.5028,535.0368,50.0,49.8117,41.5097,-0.2841,0.1216,0.0056,41.6667,41.5097,
sp500_load050,57.4,response,500.0,50.0,501.8713,-1.8827,157.5028,535.0361,50.0,49.8093,41.5078,-0.2824,0.1178,0.0056,41.6667,41.5078,
sp500_load050,57.5,response,500.0,50.0,501.8597,-1.8713,157.5027,535.0353,50.0,49.807,41.5058,-0.2807,0.1141,0.0057,41.6667,41.5058,
sp500_load050,57.6,response,500.0,50.0,501.848,-1.8597,157.5026,535.0346,50.0,49.8047,41.5039,-0.279,0.1104,0.0058,41.6667,41.5039,
sp500_load050,57.7,response,500.0,50.0,501.8361,-1.848,157.5025,535.0339,50.0,49.8024,41.502,-0.2772,0.1067,0.0059,41.6667,41.502,
sp500_load050,57.8,response,500.0,50.0,501.8242,-1.8361,157.5024,535.0333,50.0,49.8002,41.5002,-0.2754,0.103,0.0059,41.6667,41.5002,
sp500_load050,57.9,response,500.0,50.0,501.812,-1.8242,157.5024,535.0326,50.0,49.7981,41.4984,-0.2736,0.0994,0.006,41.6667,41.4984,
sp500_load050,58.0,response,500.0,50.0,501.7998,-1.812,157.5023,535.0319,50.0,49.796,41.4967,-0.2718,0.0957,0.0061,41.6667,41.4967,
sp500_load050,58.1,response,500.0,50.0,501.7874,-1.7998,157.5022,535.0313,50.0,49.794,41.495,-0.27,0.0921,0.0061,41.6667,41.495,
sp500_load050,58.2,response,500.0,50.0,501.775,-1.7874,157.5022,535.0307,50.0,49.792,41.4933,-0.2681,0.0886,0.0062,41.6667,41.4933,
sp500_load050,58.3,response,500.0,50.0,501.7624,-1.775,157.5021,535.0301,50.0,49.79,41.4917,-0.2662,0.085,0.0062,41.6667,41.4917,
sp500_load050,58.4,response,500.0,50.0,501.7496,-1.7624,157.502,535.0295,50.0,49.7881,41.4901,-0.2644,0.0815,0.0063,41.6667,41.4901,
sp500_load050,58.5,response,500.0,50.0,501.7368,-1.7496,157.502,535.0289,50.0,49.7863,41.4886,-0.2624,0.078,0.0064,41.6667,41.4886,
sp500_load050,58.6,response,500.0,50.0,501.7239,-1.7368,157.5019,535.0283,50.0,49.7845,41.4871,-0.2605,0.0745,0.0064,41.6667,41.4871,
sp500_load050,58.7,response,500.0,50.0,501.7109,-1.7239,157.5019,535.0277,50.0,49.7827,41.4856,-0.2586,0.0711,0.0065,41.6667,41.4856,
sp500_load050,58.8,response,500.0,50.0,501.6977,-1.7109,157.5018,535.0272,50.0,49.781,41.4842,-0.2566,0.0677,0.0065,41.6667,41.4842,
sp500_load050,58.9,response,500.0,50.0,501.6845,-1.6977,157.5017,535.0266,50.0,49.7794,41.4828,-0.2547,0.0643,0.0066,41.6667,41.4828,
sp500_load050,59.0,response,500.0,50.0,501.6712,-1.6845,157.5017,535.0261,50.0,49.7778,41.4815,-0.2527,0.0609,0.0066,41.6667,41.4815,
sp500_load050,59.1,response,500.0,50.0,501.6577,-1.6712,157.5016,535.0256,50.0,49.7762,41.4802,-0.2507,0.0575,0.0067,41.6667,41.4802,
sp500_load050,59.2,response,500.0,50.0,501.6442,-1.6577,157.5016,535.0251,50.0,49.7747,41.479,-0.2487,0.0542,0.0067,41.6667,41.479,
sp500_load050,59.3,response,500.0,50.0,501.6306,-1.6442,157.5015,535.0246,50.0,49.7733,41.4777,-0.2466,0.0509,0.0068,41.6667,41.4777,
sp500_load050,59.4,response,500.0,50.0,501.6169,-1.6306,157.5015,535.0241,50.0,49.7719,41.4766,-0.2446,0.0477,0.0068,41.6667,41.4766,
sp500_load050,59.5,response,500.0,50.0,501.6031,-1.6169,157.5015,535.0236,50.0,49.7705,41.4754,-0.2425,0.0444,0.0068,41.6667,41.4754,
sp500_load050,59.6,response,500.0,50.0,501.5893,-1.6031,157.5014,535.0231,50.0,49.7692,41.4743,-0.2405,0.0412,0.0069,41.6667,41.4743,
sp500_load050,59.7,response,500.0,50.0,501.5754,-1.5893,157.5014,535.0227,50.0,49.7679,41.4733,-0.2384,0.0381,0.0069,41.6667,41.4733,
sp500_load050,59.8,response,500.0,50.0,501.5614,-1.5754,157.5013,535.0222,50.0,49.7667,41.4722,-0.2363,0.0349,0.007,41.6667,41.4722,
sp500_load050,59.9,response,500.0,50.0,501.5473,-1.5614,157.5013,535.0218,50.0,49.7655,41.4712,-0.2342,0.0318,0.007,41.6667,41.4712,
sp500_load050,60.0,response,500.0,50.0,501.5332,-1.5473,157.5013,535.0213,50.0,49.7644,41.4703,-0.2321,0.0287,0.007,41.6667,41.4703,
sp500_load075,0.1,baseline,500.0,60.0,500.0,0.0,165.0,540.04,60.0,60.0,50.0,0.0,0.0,0.0,50.0,50.0,
sp500_load075,0.2,baseline,500.0,60.0,500.0,0.0,165.0,540.0792,60.0,60.0,50.0,0.0,0.0,0.0,50.0,50.0,
sp500_load075,0.3,baseline,500.0,60.0,500.0,0.0,165.0,540.1176,60.0,60.0,50.0,0.0,0.0,0.0,50.0,50.0,
sp500_load075,0.4,baseline,500.0,60.0,500.0,0.0,165.0,540.1553,60.0,60.0,50.0,0.0,0.0,0.0,50.0,50.0,
sp500_load075,0.5,baseline,500.0,60.0,500.0,0.0,165.0,540.1922,60.0,60.0,50.0,0.0,0.0,0.0,50.0,50.0,
sp500_load075,0.6,baseline,500.0,60.0,500.0,0.0,165.0,540.2283,60.0,60.0,50.0,0.0,0.0,0.0,50.0,50.0,
sp500_load075,0.7,baseline,500.0,60.0,500.0,0.0,165.0,540.2637,60.0,60.0,50.0,0.0,0.0,0.0,50.0,50.0,
sp500_load075,0.8,baseline,500.0,60.0,500.0,0.0,165.0,540.2985,60.0,60.0,50.0,0.0,0.0,0.0,50.0,50.0,
sp500_load075,0.9,baseline,500.0,60.0,500.0,0.0,165.0,540.3325,60.0,60.0,50.0,0.0,0.0,0.0,50.0,50.0,
sp500_load075,1.0,baseline,500.0,60.0,500.0,0.0,165.0,540.3659,60.0,60.0,50.0,0.0,0.0,0.0,50.0,50.0,
sp500_load075,1.1,baseline,500.0,60.0,500.0,0.0,165.0,540.3985,60.0,60.0,50.0,0.0,0.0,0.0,50.0,50.0,
sp500_load075,1.2,baseline,500.0,60.0,500.0,0.0,165.0,540.4306,60.0,60.0,50.0,0.0,0.0,0.0,50.0,50.0,
sp500_load075,1.3,baseline,500.0,60.0,500.0,0.0,165.0,540.462,60.0,60.0,50.0,0.0,0.0,0.0,50.0,50.0,
sp500_load075,1.4,baseline,500.0,60.0,500.0,0.0,165.0,540.4927,60.0,60.0,50.0,0.0,0.0,0.0,50.0,50.0,
sp500_load075,1.5,baseline,500.0,60.0,500.0,0.0,165.0,540.5229,60.0,60.0,50.0,0.0,0.0,0.0,50.0,50.0,
sp500_load075,1.6,baseline,500.0,60.0,500.0,0.0,165.0,540.5524,60.0,60.0,50.0,0.0,0.0,0.0,50.0,50.0,
sp500_load075,1.7,baseline,500.0,60.0,500.0,0.0,165.0,540.5814,60.0,60.0,50.0,0.0,0.0,0.0,50.0,50.0,
sp500_load075,1.8,baseline,500.0,60.0,500.0,0.0,165.0,540.6097,60.0,60.0,50.0,0.0,0.0,0.0,50.0,50.0,
sp500_load075,1.9,baseline,500.0,60.0,500.0,0.0,165.0,540.6375,60.0,60.0,50.0,0.0,0.0,0.0,50.0,50.0,
sp500_load075,2.0,baseline,500.0,60.0,500.0,0.0,165.0,540.6648,60.0,60.0,50.0,0.0,0.0,0.0,50.0,50.0,
sp500_load075,2.1,baseline,500.0,60.0,500.0,0.0,165.0,540.6915,60.0,60.0,50.0,0.0,0.0,0.0,50.0,50.0,
sp500_load075,2.2,baseline,500.0,60.0,500.0,0.0,165.0,540.7177,60.0,60.0,50.0,0.0,0.0,0.0,50.0,50.0,
sp500_load075,2.3,baseline,500.0,60.0,500.0,0.0,165.0,540.7433,60.0,60.0,50.0,0.0,0.0,0.0,50.0,50.0,
sp500_load075,2.4,baseline,500.0,60.0,500.0,0.0,165.0,540.7684,60.0,60.0,50.0,0.0,0.0,0.0,50.0,50.0,
sp500_load075,2.5,baseline,500.0,60.0,500.0,0.0,165.0,540.7931,60.0,60.0,50.0,0.0,0.0,0.0,50.0,50.0,
sp500_load075,2.6,baseline,500.0,60.0,500.0,0.0,165.0,540.8172,60.0,60.0,50.0,0.0,0.0,0.0,50.0,50.0,
sp500_load075,2.7,baseline,500.0,60.0,500.0,0.0,165.0,540.8409,60.0,60.0,50.0,0.0,0.0,0.0,50.0,50.0,
sp500_load075,2.8,baseline,500.0,60.0,500.0,0.0,165.0,540.864,60.0,60.0,50.0,0.0,0.0,0.0,50.0,50.0,
sp500_load075,2.9,baseline,500.0,60.0,500.0,0.0,165.0,540.8868,60.0,60.0,50.0,0.0,0.0,0.0,50.0,50.0,
sp500_load075,3.0,baseline,500.0,60.0,500.0,0.0,165.0,540.909,60.0,60.0,50.0,0.0,0.0,0.0,50.0,50.0,
sp500_load075,3.1,baseline,500.0,60.0,500.0,0.0,165.0,540.9309,60.0,60.0,50.0,0.0,0.0,0.0,50.0,50.0,
sp500_load075,3.2,baseline,500.0,60.0,500.0,0.0,165.0,540.9522,60.0,60.0,50.0,0.0,0.0,0.0,50.0,50.0,
sp500_load075,3.3,baseline,500.0,60.0,500.0,0.0,165.0,540.9732,60.0,60.0,50.0,0.0,0.0,0.0,50.0,50.0,
sp500_load075,3.4,baseline,500.0,60.0,500.0,0.0,165.0,540.9937,60.0,60.0,50.0,0.0,0.0,0.0,50.0,50.0,
sp500_load075,3.5,baseline,500.0,60.0,500.0,0.0,165.0,541.0139,60.0,60.0,50.0,0.0,0.0,0.0,50.0,50.0,
sp500_load075,3.6,baseline,500.0,60.0,500.0,0.0,165.0,541.0336,60.0,60.0,50.0,0.0,0.0,0.0,50.0,50.0,
sp500_load075,3.7,baseline,500.0,60.0,500.0,0.0,165.0,541.0529,60.0,60.0,50.0,0.0,0.0,0.0,50.0,50.0,
sp500_load075,3.8,baseline,500.0,60.0,500.0,0.0,165.0,541.0718,60.0,60.0,50.0,0.0,0.0,0.0,50.0,50.0,
sp500_load075,3.9,baseline,500.0,60.0,500.0,0.0,165.0,541.0904,60.0,60.0,50.0,0.0,0.0,0.0,50.0,50.0,
sp500_load075,4.0,baseline,500.0,60.0,500.0,0.0,165.0,541.1086,60.0,60.0,50.0,0.0,0.0,0.0,50.0,50.0,
sp500_load075,4.1,baseline,500.0,60.0,500.0,0.0,165.0,541.1264,60.0,60.0,50.0,0.0,0.0,0.0,50.0,50.0,
sp500_load075,4.2,baseline,500.0,60.0,500.0,0.0,165.0,541.1439,60.0,60.0,50.0,0.0,0.0,0.0,50.0,50.0,
sp500_load075,4.3,baseline,500.0,60.0,500.0,0.0,165.0,541.161,60.0,60.0,50.0,0.0,0.0,0.0,50.0,50.0,
sp500_load075,4.4,baseline,500.0,60.0,500.0,0.0,165.0,541.1778,60.0,60.0,50.0,0.0,0.0,0.0,50.0,50.0,
sp500_load075,4.5,baseline,500.0,60.0,500.0,0.0,165.0,541.1942,60.0,60.0,50.0,0.0,0.0,0.0,50.0,50.0,
sp500_load075,4.6,baseline,500.0,60.0,500.0,0.0,165.0,541.2104,60.0,60.0,50.0,0.0,0.0,0.0,50.0,50.0,
sp500_load075,4.7,baseline,500.0,60.0,500.0,0.0,165.0,541.2262,60.0,60.0,50.0,0.0,0.0,0.0,50.0,50.0,
sp500_load075,4.8,baseline,500.0,60.0,500.0,0.0,165.0,541.2416,60.0,60.0,50.0,0.0,0.0,0.0,50.0,50.0,
sp500_load075,4.9,baseline,500.0,60.0,500.0,0.0,165.0,541.2568,60.0,60.0,50.0,0.0,0.0,0.0,50.0,50.0,
sp500_load075,5.0,baseline,500.0,60.0,500.0,0.0,165.0,541.2717,60.0,60.0,50.0,0.0,0.0,0.0,50.0,50.0,
sp500_load075,5.1,baseline,500.0,60.0,500.0,0.0,165.0,541.2862,60.0,60.0,50.0,0.0,0.0,0.0,50.0,50.0,
sp500_load075,5.2,baseline,500.0,60.0,500.0,0.0,165.0,541.3005,60.0,60.0,50.0,0.0,0.0,0.0,50.0,50.0,
sp500_load075,5.3,baseline,500.0,60.0,500.0,0.0,165.0,541.3145,60.0,60.0,50.0,0.0,0.0,0.0,50.0,50.0,
sp500_load075,5.4,baseline,500.0,60.0,500.0,0.0,165.0,541.3282,60.0,60.0,50.0,0.0,0.0,0.0,50.0,50.0,
sp500_load075,5.5,baseline,500.0,60.0,500.0,0.0,165.0,541.3416,60.0,60.0,50.0,0.0,0.0,0.0,50.0,50.0,
sp500_load075,5.6,baseline,500.0,60.0,500.0,0.0,165.0,541.3548,60.0,60.0,50.0,0.0,0.0,0.0,50.0,50.0,
sp500_load075,5.7,baseline,500.0,60.0,500.0,0.0,165.0,541.3677,60.0,60.0,50.0,0.0,0.0,0.0,50.0,50.0,
sp500_load075,5.8,baseline,500.0,60.0,500.0,0.0,165.0,541.3804,60.0,60.0,50.0,0.0,0.0,0.0,50.0,50.0,
sp500_load075,5.9,baseline,500.0,60.0,500.0,0.0,165.0,541.3927,60.0,60.0,50.0,0.0,0.0,0.0,50.0,50.0,
sp500_load075,6.0,baseline,500.0,60.0,500.0,0.0,165.0,541.4049,60.0,60.0,50.0,0.0,0.0,0.0,50.0,50.0,
sp500_load075,6.1,baseline,500.0,60.0,500.0,0.0,165.0,541.4168,60.0,60.0,50.0,0.0,0.0,0.0,50.0,50.0,
sp500_load075,6.2,baseline,500.0,60.0,500.0,0.0,165.0,541.4285,60.0,60.0,50.0,0.0,0.0,0.0,50.0,50.0,
sp500_load075,6.3,baseline,500.0,60.0,500.0,0.0,165.0,541.4399,60.0,60.0,50.0,0.0,0.0,0.0,50.0,50.0,
sp500_load075,6.4,baseline,500.0,60.0,500.0,0.0,165.0,541.4511,60.0,60.0,50.0,0.0,0.0,0.0,50.0,50.0,
sp500_load075,6.5,baseline,500.0,60.0,500.0,0.0,165.0,541.4621,60.0,60.0,50.0,0.0,0.0,0.0,50.0,50.0,
sp500_load075,6.6,baseline,500.0,60.0,500.0,0.0,165.0,541.4728,60.0,60.0,50.0,0.0,0.0,0.0,50.0,50.0,
sp500_load075,6.7,baseline,500.0,60.0,500.0,0.0,165.0,541.4834,60.0,60.0,50.0,0.0,0.0,0.0,50.0,50.0,
sp500_load075,6.8,baseline,500.0,60.0,500.0,0.0,165.0,541.4937,60.0,60.0,50.0,0.0,0.0,0.0,50.0,50.0,
sp500_load075,6.9,baseline,500.0,60.0,500.0,0.0,165.0,541.5038,60.0,60.0,50.0,0.0,0.0,0.0,50.0,50.0,
sp500_load075,7.0,baseline,500.0,60.0,500.0,0.0,165.0,541.5138,60.0,60.0,50.0,0.0,0.0,0.0,50.0,50.0,
sp500_load075,7.1,baseline,500.0,60.0,500.0,0.0,165.0,541.5235,60.0,60.0,50.0,0.0,0.0,0.0,50.0,50.0,
sp500_load075,7.2,baseline,500.0,60.0,500.0,0.0,165.0,541.533,60.0,60.0,50.0,0.0,0.0,0.0,50.0,50.0,
sp500_load075,7.3,baseline,500.0,60.0,500.0,0.0,165.0,541.5423,60.0,60.0,50.0,0.0,0.0,0.0,50.0,50.0,
sp500_load075,7.4,baseline,500.0,60.0,500.0,0.0,165.0,541.5515,60.0,60.0,50.0,0.0,0.0,0.0,50.0,50.0,
sp500_load075,7.5,baseline,500.0,60.0,500.0,0.0,165.0,541.5605,60.0,60.0,50.0,0.0,0.0,0.0,50.0,50.0,
sp500_load075,7.6,baseline,500.0,60.0,500.0,0.0,165.0,541.5693,60.0,60.0,50.0,0.0,0.0,0.0,50.0,50.0,
sp500_load075,7.7,baseline,500.0,60.0,500.0,0.0,165.0,541.5779,60.0,60.0,50.0,0.0,0.0,0.0,50.0,50.0,
sp500_load075,7.8,baseline,500.0,60.0,500.0,0.0,165.0,541.5863,60.0,60.0,50.0,0.0,0.0,0.0,50.0,50.0,
sp500_load075,7.9,baseline,500.0,60.0,500.0,0.0,165.0,541.5946,60.0,60.0,50.0,0.0,0.0,0.0,50.0,50.0,
sp500_load075,8.0,baseline,500.0,60.0,500.0,0.0,165.0,541.6027,60.0,60.0,50.0,0.0,0.0,0.0,50.0,50.0,
sp500_load075,8.1,baseline,500.0,60.0,500.0,0.0,165.0,541.6106,60.0,60.0,50.0,0.0,0.0,0.0,50.0,50.0,
sp500_load075,8.2,baseline,500.0,60.0,500.0,0.0,165.0,541.6184,60.0,60.0,50.0,0.0,0.0,0.0,50.0,50.0,
sp500_load075,8.3,baseline,500.0,60.0,500.0,0.0,165.0,541.6261,60.0,60.0,50.0,0.0,0.0,0.0,50.0,50.0,
sp500_load075,8.4,baseline,500.0,60.0,500.0,0.0,165.0,541.6335,60.0,60.0,50.0,0.0,0.0,0.0,50.0,50.0,
sp500_load075,8.5,baseline,500.0,60.0,500.0,0.0,165.0,541.6409,60.0,60.0,50.0,0.0,0.0,0.0,50.0,50.0,
sp500_load075,8.6,baseline,500.0,60.0,500.0,0.0,165.0,541.6481,60.0,60.0,50.0,0.0,0.0,0.0,50.0,50.0,
sp500_load075,8.7,baseline,500.0,60.0,500.0,0.0,165.0,541.6551,60.0,60.0,50.0,0.0,0.0,0.0,50.0,50.0,
sp500_load075,8.8,baseline,500.0,60.0,500.0,0.0,165.0,541.662,60.0,60.0,50.0,0.0,0.0,0.0,50.0,50.0,
sp500_load075,8.9,baseline,500.0,60.0,500.0,0.0,165.0,541.6688,60.0,60.0,50.0,0.0,0.0,0.0,50.0,50.0,
sp500_load075,9.0,baseline,500.0,60.0,500.0,0.0,165.0,541.6754,60.0,60.0,50.0,0.0,0.0,0.0,50.0,50.0,
sp500_load075,9.1,baseline,500.0,60.0,500.0,0.0,165.0,541.6819,60.0,60.0,50.0,0.0,0.0,0.0,50.0,50.0,
sp500_load075,9.2,baseline,500.0,60.0,500.0,0.0,165.0,541.6882,60.0,60.0,50.0,0.0,0.0,0.0,50.0,50.0,
sp500_load075,9.3,baseline,500.0,60.0,500.0,0.0,165.0,541.6945,60.0,60.0,50.0,0.0,0.0,0.0,50.0,50.0,
sp500_load075,9.4,baseline,500.0,60.0,500.0,0.0,165.0,541.7006,60.0,60.0,50.0,0.0,0.0,0.0,50.0,50.0,
sp500_load075,9.5,baseline,500.0,60.0,500.0,0.0,165.0,541.7066,60.0,60.0,50.0,0.0,0.0,0.0,50.0,50.0,
sp500_load075,9.6,baseline,500.0,60.0,500.0,0.0,165.0,541.7124,60.0,60.0,50.0,0.0,0.0,0.0,50.0,50.0,
sp500_load075,9.7,baseline,500.0,60.0,500.0,0.0,165.0,541.7182,60.0,60.0,50.0,0.0,0.0,0.0,50.0,50.0,
sp500_load075,9.8,baseline,500.0,60.0,500.0,0.0,165.0,541.7238,60.0,60.0,50.0,0.0,0.0,0.0,50.0,50.0,
sp500_load075,9.9,baseline,500.0,60.0,500.0,0.0,165.0,541.7293,60.0,60.0,50.0,0.0,0.0,0.0,50.0,50.0,
sp500_load075,10.0,baseline,500.0,60.0,500.0,0.0,165.0,541.7348,60.0,60.0,50.0,0.0,0.0,0.0,50.0,50.0,
sp500_load075,10.1,baseline,500.0,60.0,500.0,0.0,165.0,541.7401,60.0,60.0,50.0,0.0,0.0,0.0,50.0,50.0,
sp500_load075,10.2,baseline,500.0,60.0,500.0,0.0,165.0,541.7453,60.0,60.0,50.0,0.0,0.0,0.0,50.0,50.0,
sp500_load075,10.3,baseline,500.0,60.0,500.0,0.0,165.0,541.7504,60.0,60.0,50.0,0.0,0.0,0.0,50.0,50.0,
sp500_load075,10.4,baseline,500.0,60.0,500.0,0.0,165.0,541.7554,60.0,60.0,50.0,0.0,0.0,0.0,50.0,50.0,
sp500_load075,10.5,baseline,500.0,60.0,500.0,0.0,165.0,541.7602,60.0,60.0,50.0,0.0,0.0,0.0,50.0,50.0,
sp500_load075,10.6,baseline,500.0,60.0,500.0,0.0,165.0,541.765,60.0,60.0,50.0,0.0,0.0,0.0,50.0,50.0,
sp500_load075,10.7,baseline,500.0,60.0,500.0,0.0,165.0,541.7697,60.0,60.0,50.0,0.0,0.0,0.0,50.0,50.0,
sp500_load075,10.8,baseline,500.0,60.0,500.0,0.0,165.0,541.7743,60.0,60.0,50.0,0.0,0.0,0.0,50.0,50.0,
sp500_load075,10.9,baseline,500.0,60.0,500.0,0.0,165.0,541.7789,60.0,60.0,50.0,0.0,0.0,0.0,50.0,50.0,
sp500_load075,11.0,baseline,500.0,60.0,500.0,0.0,165.0,541.7833,60.0,60.0,50.0,0.0,0.0,0.0,50.0,50.0,
sp500_load075,11.1,baseline,500.0,60.0,500.0,0.0,165.0,541.7876,60.0,60.0,50.0,0.0,0.0,0.0,50.0,50.0,
sp500_load075,11.2,baseline,500.0,60.0,500.0,0.0,165.0,541.7919,60.0,60.0,50.0,0.0,0.0,0.0,50.0,50.0,
sp500_load075,11.3,baseline,500.0,60.0,500.0,0.0,165.0,541.796,60.0,60.0,50.0,0.0,0.0,0.0,50.0,50.0,
sp500_load075,11.4,baseline,500.0,60.0,500.0,0.0,165.0,541.8001,60.0,60.0,50.0,0.0,0.0,0.0,50.0,50.0,
sp500_load075,11.5,baseline,500.0,60.0,500.0,0.0,165.0,541.8041,60.0,60.0,50.0,0.0,0.0,0.0,50.0,50.0,
sp500_load075,11.6,baseline,500.0,60.0,500.0,0.0,165.0,541.808,60.0,60.0,50.0,0.0,0.0,0.0,50.0,50.0,
sp500_load075,11.7,baseline,500.0,60.0,500.0,0.0,165.0,541.8119,60.0,60.0,50.0,0.0,0.0,0.0,50.0,50.0,
sp500_load075,11.8,baseline,500.0,60.0,500.0,0.0,165.0,541.8156,60.0,60.0,50.0,0.0,0.0,0.0,50.0,50.0,
sp500_load075,11.9,baseline,500.0,60.0,500.0,0.0,165.0,541.8193,60.0,60.0,50.0,0.0,0.0,0.0,50.0,50.0,
sp500_load075,12.0,baseline,500.0,60.0,500.0,0.0,165.0,541.8229,60.0,60.0,50.0,0.0,0.0,0.0,50.0,50.0,
sp500_load075,12.1,baseline,500.0,60.0,500.0,0.0,165.0,541.8265,60.0,60.0,50.0,0.0,0.0,0.0,50.0,50.0,
sp500_load075,12.2,baseline,500.0,60.0,500.0,0.0,165.0,541.8299,60.0,60.0,50.0,0.0,0.0,0.0,50.0,50.0,
sp500_load075,12.3,baseline,500.0,60.0,500.0,0.0,165.0,541.8333,60.0,60.0,50.0,0.0,0.0,0.0,50.0,50.0,
sp500_load075,12.4,baseline,500.0,60.0,500.0,0.0,165.0,541.8367,60.0,60.0,50.0,0.0,0.0,0.0,50.0,50.0,
sp500_load075,12.5,baseline,500.0,60.0,500.0,0.0,165.0,541.8399,60.0,60.0,50.0,0.0,0.0,0.0,50.0,50.0,
sp500_load075,12.6,baseline,500.0,60.0,500.0,0.0,165.0,541.8431,60.0,60.0,50.0,0.0,0.0,0.0,50.0,50.0,
sp500_load075,12.7,baseline,500.0,60.0,500.0,0.0,165.0,541.8463,60.0,60.0,50.0,0.0,0.0,0.0,50.0,50.0,
sp500_load075,12.8,baseline,500.0,60.0,500.0,0.0,165.0,541.8494,60.0,60.0,50.0,0.0,0.0,0.0,50.0,50.0,
sp500_load075,12.9,baseline,500.0,60.0,500.0,0.0,165.0,541.8524,60.0,60.0,50.0,0.0,0.0,0.0,50.0,50.0,
sp500_load075,13.0,baseline,500.0,60.0,500.0,0.0,165.0,541.8553,60.0,60.0,50.0,0.0,0.0,0.0,50.0,50.0,
sp500_load075,13.1,baseline,500.0,60.0,500.0,0.0,165.0,541.8582,60.0,60.0,50.0,0.0,0.0,0.0,50.0,50.0,
sp500_load075,13.2,baseline,500.0,60.0,500.0,0.0,165.0,541.861,60.0,60.0,50.0,0.0,0.0,0.0,50.0,50.0,
sp500_load075,13.3,baseline,500.0,60.0,500.0,0.0,165.0,541.8638,60.0,60.0,50.0,0.0,0.0,0.0,50.0,50.0,
sp500_load075,13.4,baseline,500.0,60.0,500.0,0.0,165.0,541.8665,60.0,60.0,50.0,0.0,0.0,0.0,50.0,50.0,
sp500_load075,13.5,baseline,500.0,60.0,500.0,0.0,165.0,541.8692,60.0,60.0,50.0,0.0,0.0,0.0,50.0,50.0,
sp500_load075,13.6,baseline,500.0,60.0,500.0,0.0,165.0,541.8718,60.0,60.0,50.0,0.0,0.0,0.0,50.0,50.0,
sp500_load075,13.7,baseline,500.0,60.0,500.0,0.0,165.0,541.8744,60.0,60.0,50.0,0.0,0.0,0.0,50.0,50.0,
sp500_load075,13.8,baseline,500.0,60.0,500.0,0.0,165.0,541.8769,60.0,60.0,50.0,0.0,0.0,0.0,50.0,50.0,
sp500_load075,13.9,baseline,500.0,60.0,500.0,0.0,165.0,541.8794,60.0,60.0,50.0,0.0,0.0,0.0,50.0,50.0,
sp500_load075,14.0,baseline,500.0,60.0,500.0,0.0,165.0,541.8818,60.0,60.0,50.0,0.0,0.0,0.0,50.0,50.0,
sp500_load075,14.1,baseline,500.0,60.0,500.0,0.0,165.0,541.8841,60.0,60.0,50.0,0.0,0.0,0.0,50.0,50.0,
sp500_load075,14.2,baseline,500.0,60.0,500.0,0.0,165.0,541.8865,60.0,60.0,50.0,0.0,0.0,0.0,50.0,50.0,
sp500_load075,14.3,baseline,500.0,60.0,500.0,0.0,165.0,541.8887,60.0,60.0,50.0,0.0,0.0,0.0,50.0,50.0,
sp500_load075,14.4,baseline,500.0,60.0,500.0,0.0,165.0,541.891,60.0,60.0,50.0,0.0,0.0,0.0,50.0,50.0,
sp500_load075,14.5,baseline,500.0,60.0,500.0,0.0,165.0,541.8931,60.0,60.0,50.0,0.0,0.0,0.0,50.0,50.0,
sp500_load075,14.6,baseline,500.0,60.0,500.0,0.0,165.0,541.8953,60.0,60.0,50.0,0.0,0.0,0.0,50.0,50.0,
sp500_load075,14.7,baseline,500.0,60.0,500.0,0.0,165.0,541.8974,60.0,60.0,50.0,0.0,0.0,0.0,50.0,50.0,
sp500_load075,14.8,baseline,500.0,60.0,500.0,0.0,165.0,541.8994,60.0,60.0,50.0,0.0,0.0,0.0,50.0,50.0,
sp500_load075,14.9,baseline,500.0,60.0,500.0,0.0,165.0,541.9014,60.0,60.0,50.0,0.0,0.0,0.0,50.0,50.0,
sp500_load075,15.0,baseline,500.0,60.0,500.0,0.0,165.0,541.9034,60.0,60.0,50.0,0.0,0.0,0.0,50.0,50.0,
sp500_load075,15.1,baseline,500.0,60.0,500.0,0.0,165.0,541.9053,60.0,60.0,50.0,0.0,0.0,0.0,50.0,50.0,
sp500_load075,15.2,baseline,500.0,60.0,500.0,0.0,165.0,541.9072,60.0,60.0,50.0,0.0,0.0,0.0,50.0,50.0,
sp500_load075,15.3,baseline,500.0,60.0,500.0,0.0,165.0,541.9091,60.0,60.0,50.0,0.0,0.0,0.0,50.0,50.0,
sp500_load075,15.4,baseline,500.0,60.0,500.0,0.0,165.0,541.9109,60.0,60.0,50.0,0.0,0.0,0.0,50.0,50.0,
sp500_load075,15.5,baseline,500.0,60.0,500.0,0.0,165.0,541.9127,60.0,60.0,50.0,0.0,0.0,0.0,50.0,50.0,
sp500_load075,15.6,baseline,500.0,60.0,500.0,0.0,165.0,541.9144,60.0,60.0,50.0,0.0,0.0,0.0,50.0,50.0,
sp500_load075,15.7,baseline,500.0,60.0,500.0,0.0,165.0,541.9161,60.0,60.0,50.0,0.0,0.0,0.0,50.0,50.0,
sp500_load075,15.8,baseline,500.0,60.0,500.0,0.0,165.0,541.9178,60.0,60.0,50.0,0.0,0.0,0.0,50.0,50.0,
sp500_load075,15.9,baseline,500.0,60.0,500.0,0.0,165.0,541.9195,60.0,60.0,50.0,0.0,0.0,0.0,50.0,50.0,
sp500_load075,16.0,baseline,500.0,60.0,500.0,0.0,165.0,541.9211,60.0,60.0,50.0,0.0,0.0,0.0,50.0,50.0,
sp500_load075,16.1,baseline,500.0,60.0,500.0,0.0,165.0,541.9227,60.0,60.0,50.0,0.0,0.0,0.0,50.0,50.0,
sp500_load075,16.2,baseline,500.0,60.0,500.0,0.0,165.0,541.9242,60.0,60.0,50.0,0.0,0.0,0.0,50.0,50.0,
sp500_load075,16.3,baseline,500.0,60.0,500.0,0.0,165.0,541.9257,60.0,60.0,50.0,0.0,0.0,0.0,50.0,50.0,
sp500_load075,16.4,baseline,500.0,60.0,500.0,0.0,165.0,541.9272,60.0,60.0,50.0,0.0,0.0,0.0,50.0,50.0,
sp500_load075,16.5,baseline,500.0,60.0,500.0,0.0,165.0,541.9287,60.0,60.0,50.0,0.0,0.0,0.0,50.0,50.0,
sp500_load075,16.6,baseline,500.0,60.0,500.0,0.0,165.0,541.9301,60.0,60.0,50.0,0.0,0.0,0.0,50.0,50.0,
sp500_load075,16.7,baseline,500.0,60.0,500.0,0.0,165.0,541.9315,60.0,60.0,50.0,0.0,0.0,0.0,50.0,50.0,
sp500_load075,16.8,baseline,500.0,60.0,500.0,0.0,165.0,541.9329,60.0,60.0,50.0,0.0,0.0,0.0,50.0,50.0,
sp500_load075,16.9,baseline,500.0,60.0,500.0,0.0,165.0,541.9342,60.0,60.0,50.0,0.0,0.0,0.0,50.0,50.0,
sp500_load075,17.0,baseline,500.0,60.0,500.0,0.0,165.0,541.9355,60.0,60.0,50.0,0.0,0.0,0.0,50.0,50.0,
sp500_load075,17.1,baseline,500.0,60.0,500.0,0.0,165.0,541.9368,60.0,60.0,50.0,0.0,0.0,0.0,50.0,50.0,
sp500_load075,17.2,baseline,500.0,60.0,500.0,0.0,165.0,541.9381,60.0,60.0,50.0,0.0,0.0,0.0,50.0,50.0,
sp500_load075,17.3,baseline,500.0,60.0,500.0,0.0,165.0,541.9393,60.0,60.0,50.0,0.0,0.0,0.0,50.0,50.0,
sp500_load075,17.4,baseline,500.0,60.0,500.0,0.0,165.0,541.9405,60.0,60.0,50.0,0.0,0.0,0.0,50.0,50.0,
sp500_load075,17.5,baseline,500.0,60.0,500.0,0.0,165.0,541.9417,60.0,60.0,50.0,0.0,0.0,0.0,50.0,50.0,
sp500_load075,17.6,baseline,500.0,60.0,500.0,0.0,165.0,541.9429,60.0,60.0,50.0,0.0,0.0,0.0,50.0,50.0,
sp500_load075,17.7,baseline,500.0,60.0,500.0,0.0,165.0,541.944,60.0,60.0,50.0,0.0,0.0,0.0,50.0,50.0,
sp500_load075,17.8,baseline,500.0,60.0,500.0,0.0,165.0,541.9451,60.0,60.0,50.0,0.0,0.0,0.0,50.0,50.0,
sp500_load075,17.9,baseline,500.0,60.0,500.0,0.0,165.0,541.9462,60.0,60.0,50.0,0.0,0.0,0.0,50.0,50.0,
sp500_load075,18.0,baseline,500.0,60.0,500.0,0.0,165.0,541.9473,60.0,60.0,50.0,0.0,0.0,0.0,50.0,50.0,
sp500_load075,18.1,baseline,500.0,60.0,500.0,0.0,165.0,541.9484,60.0,60.0,50.0,0.0,0.0,0.0,50.0,50.0,
sp500_load075,18.2,baseline,500.0,60.0,500.0,0.0,165.0,541.9494,60.0,60.0,50.0,0.0,0.0,0.0,50.0,50.0,
sp500_load075,18.3,baseline,500.0,60.0,500.0,0.0,165.0,541.9504,60.0,60.0,50.0,0.0,0.0,0.0,50.0,50.0,
sp500_load075,18.4,baseline,500.0,60.0,500.0,0.0,165.0,541.9514,60.0,60.0,50.0,0.0,0.0,0.0,50.0,50.0,
sp500_load075,18.5,baseline,500.0,60.0,500.0,0.0,165.0,541.9524,60.0,60.0,50.0,0.0,0.0,0.0,50.0,50.0,
sp500_load075,18.6,baseline,500.0,60.0,500.0,0.0,165.0,541.9533,60.0,60.0,50.0,0.0,0.0,0.0,50.0,50.0,
sp500_load075,18.7,baseline,500.0,60.0,500.0,0.0,165.0,541.9543,60.0,60.0,50.0,0.0,0.0,0.0,50.0,50.0,
sp500_load075,18.8,baseline,500.0,60.0,500.0,0.0,165.0,541.9552,60.0,60.0,50.0,0.0,0.0,0.0,50.0,50.0,
sp500_load075,18.9,baseline,500.0,60.0,500.0,0.0,165.0,541.9561,60.0,60.0,50.0,0.0,0.0,0.0,50.0,50.0,
sp500_load075,19.0,baseline,500.0,60.0,500.0,0.0,165.0,541.9569,60.0,60.0,50.0,0.0,0.0,0.0,50.0,50.0,
sp500_load075,19.1,baseline,500.0,60.0,500.0,0.0,165.0,541.9578,60.0,60.0,50.0,0.0,0.0,0.0,50.0,50.0,
sp500_load075,19.2,baseline,500.0,60.0,500.0,0.0,165.0,541.9587,60.0,60.0,50.0,0.0,0.0,0.0,50.0,50.0,
sp500_load075,19.3,baseline,500.0,60.0,500.0,0.0,165.0,541.9595,60.0,60.0,50.0,0.0,0.0,0.0,50.0,50.0,
sp500_load075,19.4,baseline,500.0,60.0,500.0,0.0,165.0,541.9603,60.0,60.0,50.0,0.0,0.0,0.0,50.0,50.0,
sp500_load075,19.5,baseline,500.0,60.0,500.0,0.0,165.0,541.9611,60.0,60.0,50.0,0.0,0.0,0.0,50.0,50.0,
sp500_load075,19.6,baseline,500.0,60.0,500.0,0.0,165.0,541.9619,60.0,60.0,50.0,0.0,0.0,0.0,50.0,50.0,
sp500_load075,19.7,baseline,500.0,60.0,500.0,0.0,165.0,541.9626,60.0,60.0,50.0,0.0,0.0,0.0,50.0,50.0,
sp500_load075,19.8,baseline,500.0,60.0,500.0,0.0,165.0,541.9634,60.0,60.0,50.0,0.0,0.0,0.0,50.0,50.0,
sp500_load075,19.9,baseline,500.0,60.0,500.0,0.0,165.0,541.9641,60.0,60.0,50.0,0.0,0.0,0.0,50.0,50.0,
sp500_load075,20.0,baseline,500.0,60.0,500.0,0.0,165.0,541.9648,60.0,60.0,50.0,0.0,0.0,0.0,50.0,50.0,
sp500_load075,20.1,baseline,500.0,60.0,500.0,0.0,165.0,541.9655,60.0,60.0,50.0,0.0,0.0,0.0,50.0,50.0,
sp500_load075,20.2,baseline,500.0,60.0,500.0,0.0,165.0,541.9662,60.0,60.0,50.0,0.0,0.0,0.0,50.0,50.0,
sp500_load075,20.3,baseline,500.0,60.0,500.0,0.0,165.0,541.9669,60.0,60.0,50.0,0.0,0.0,0.0,50.0,50.0,
sp500_load075,20.4,baseline,500.0,60.0,500.0,0.0,165.0,541.9676,60.0,60.0,50.0,0.0,0.0,0.0,50.0,50.0,
sp500_load075,20.5,baseline,500.0,60.0,500.0,0.0,165.0,541.9682,60.0,60.0,50.0,0.0,0.0,0.0,50.0,50.0,
sp500_load075,20.6,baseline,500.0,60.0,500.0,0.0,165.0,541.9688,60.0,60.0,50.0,0.0,0.0,0.0,50.0,50.0,
sp500_load075,20.7,baseline,500.0,60.0,500.0,0.0,165.0,541.9695,60.0,60.0,50.0,0.0,0.0,0.0,50.0,50.0,
sp500_load075,20.8,baseline,500.0,60.0,500.0,0.0,165.0,541.9701,60.0,60.0,50.0,0.0,0.0,0.0,50.0,50.0,
sp500_load075,20.9,baseline,500.0,60.0,500.0,0.0,165.0,541.9707,60.0,60.0,50.0,0.0,0.0,0.0,50.0,50.0,
sp500_load075,21.0,baseline,500.0,60.0,500.0,0.0,165.0,541.9713,60.0,60.0,50.0,0.0,0.0,0.0,50.0,50.0,
sp500_load075,21.1,baseline,500.0,60.0,500.0,0.0,165.0,541.9718,60.0,60.0,50.0,0.0,0.0,0.0,50.0,50.0,
sp500_load075,21.2,baseline,500.0,60.0,500.0,0.0,165.0,541.9724,60.0,60.0,50.0,0.0,0.0,0.0,50.0,50.0,
sp500_load075,21.3,baseline,500.0,60.0,500.0,0.0,165.0,541.9729,60.0,60.0,50.0,0.0,0.0,0.0,50.0,50.0,
sp500_load075,21.4,baseline,500.0,60.0,500.0,0.0,165.0,541.9735,60.0,60.0,50.0,0.0,0.0,0.0,50.0,50.0,
sp500_load075,21.5,baseline,500.0,60.0,500.0,0.0,165.0,541.974,60.0,60.0,50.0,0.0,0.0,0.0,50.0,50.0,
sp500_load075,21.6,baseline,500.0,60.0,500.0,0.0,165.0,541.9745,60.0,60.0,50.0,0.0,0.0,0.0,50.0,50.0,
sp500_load075,21.7,baseline,500.0,60.0,500.0,0.0,165.0,541.975,60.0,60.0,50.0,0.0,0.0,0.0,50.0,50.0,
sp500_load075,21.8,baseline,500.0,60.0,500.0,0.0,165.0,541.9755,60.0,60.0,50.0,0.0,0.0,0.0,50.0,50.0,
sp500_load075,21.9,baseline,500.0,60.0,500.0,0.0,165.0,541.976,60.0,60.0,50.0,0.0,0.0,0.0,50.0,50.0,
sp500_load075,22.0,baseline,500.0,60.0,500.0,0.0,165.0,541.9765,60.0,60.0,50.0,0.0,0.0,0.0,50.0,50.0,
sp500_load075,22.1,baseline,500.0,60.0,500.0,0.0,165.0,541.977,60.0,60.0,50.0,0.0,0.0,0.0,50.0,50.0,
sp500_load075,22.2,baseline,500.0,60.0,500.0,0.0,165.0,541.9774,60.0,60.0,50.0,0.0,0.0,0.0,50.0,50.0,
sp500_load075,22.3,baseline,500.0,60.0,500.0,0.0,165.0,541.9779,60.0,60.0,50.0,0.0,0.0,0.0,50.0,50.0,
sp500_load075,22.4,baseline,500.0,60.0,500.0,0.0,165.0,541.9783,60.0,60.0,50.0,0.0,0.0,0.0,50.0,50.0,
sp500_load075,22.5,baseline,500.0,60.0,500.0,0.0,165.0,541.9788,60.0,60.0,50.0,0.0,0.0,0.0,50.0,50.0,
sp500_load075,22.6,baseline,500.0,60.0,500.0,0.0,165.0,541.9792,60.0,60.0,50.0,0.0,0.0,0.0,50.0,50.0,
sp500_load075,22.7,baseline,500.0,60.0,500.0,0.0,165.0,541.9796,60.0,60.0,50.0,0.0,0.0,0.0,50.0,50.0,
sp500_load075,22.8,baseline,500.0,60.0,500.0,0.0,165.0,541.98,60.0,60.0,50.0,0.0,0.0,0.0,50.0,50.0,
sp500_load075,22.9,baseline,500.0,60.0,500.0,0.0,165.0,541.9804,60.0,60.0,50.0,0.0,0.0,0.0,50.0,50.0,
sp500_load075,23.0,baseline,500.0,60.0,500.0,0.0,165.0,541.9808,60.0,60.0,50.0,0.0,0.0,0.0,50.0,50.0,
sp500_load075,23.1,baseline,500.0,60.0,500.0,0.0,165.0,541.9812,60.0,60.0,50.0,0.0,0.0,0.0,50.0,50.0,
sp500_load075,23.2,baseline,500.0,60.0,500.0,0.0,165.0,541.9816,60.0,60.0,50.0,0.0,0.0,0.0,50.0,50.0,
sp500_load075,23.3,baseline,500.0,60.0,500.0,0.0,165.0,541.9819,60.0,60.0,50.0,0.0,0.0,0.0,50.0,50.0,
sp500_load075,23.4,baseline,500.0,60.0,500.0,0.0,165.0,541.9823,60.0,60.0,50.0,0.0,0.0,0.0,50.0,50.0,
sp500_load075,23.5,baseline,500.0,60.0,500.0,0.0,165.0,541.9827,60.0,60.0,50.0,0.0,0.0,0.0,50.0,50.0,
sp500_load075,23.6,baseline,500.0,60.0,500.0,0.0,165.0,541.983,60.0,60.0,50.0,0.0,0.0,0.0,50.0,50.0,
sp500_load075,23.7,baseline,500.0,60.0,500.0,0.0,165.0,541.9833,60.0,60.0,50.0,0.0,0.0,0.0,50.0,50.0,
sp500_load075,23.8,baseline,500.0,60.0,500.0,0.0,165.0,541.9837,60.0,60.0,50.0,0.0,0.0,0.0,50.0,50.0,
sp500_load075,23.9,baseline,500.0,60.0,500.0,0.0,165.0,541.984,60.0,60.0,50.0,0.0,0.0,0.0,50.0,50.0,
sp500_load075,24.0,baseline,500.0,60.0,500.0,0.0,165.0,541.9843,60.0,60.0,50.0,0.0,0.0,0.0,50.0,50.0,
sp500_load075,24.1,baseline,500.0,60.0,500.0,0.0,165.0,541.9846,60.0,60.0,50.0,0.0,0.0,0.0,50.0,50.0,
sp500_load075,24.2,baseline,500.0,60.0,500.0,0.0,165.0,541.9849,60.0,60.0,50.0,0.0,0.0,0.0,50.0,50.0,
sp500_load075,24.3,baseline,500.0,60.0,500.0,0.0,165.0,541.9852,60.0,60.0,50.0,0.0,0.0,0.0,50.0,50.0,
sp500_load075,24.4,baseline,500.0,60.0,500.0,0.0,165.0,541.9855,60.0,60.0,50.0,0.0,0.0,0.0,50.0,50.0,
sp500_load075,24.5,baseline,500.0,60.0,500.0,0.0,165.0,541.9858,60.0,60.0,50.0,0.0,0.0,0.0,50.0,50.0,
sp500_load075,24.6,baseline,500.0,60.0,500.0,0.0,165.0,541.9861,60.0,60.0,50.0,0.0,0.0,0.0,50.0,50.0,
sp500_load075,24.7,baseline,500.0,60.0,500.0,0.0,165.0,541.9864,60.0,60.0,50.0,0.0,0.0,0.0,50.0,50.0,
sp500_load075,24.8,baseline,500.0,60.0,500.0,0.0,165.0,541.9867,60.0,60.0,50.0,0.0,0.0,0.0,50.0,50.0,
sp500_load075,24.9,baseline,500.0,60.0,500.0,0.0,165.0,541.9869,60.0,60.0,50.0,0.0,0.0,0.0,50.0,50.0,
sp500_load075,25.0,baseline,500.0,60.0,500.0,0.0,165.0,541.9872,60.0,60.0,50.0,0.0,0.0,0.0,50.0,50.0,
sp500_load075,25.1,baseline,500.0,60.0,500.0,0.0,165.0,541.9874,60.0,60.0,50.0,0.0,0.0,0.0,50.0,50.0,
sp500_load075,25.2,baseline,500.0,60.0,500.0,0.0,165.0,541.9877,60.0,60.0,50.0,0.0,0.0,0.0,50.0,50.0,
sp500_load075,25.3,baseline,500.0,60.0,500.0,0.0,165.0,541.9879,60.0,60.0,50.0,0.0,0.0,0.0,50.0,50.0,
sp500_load075,25.4,baseline,500.0,60.0,500.0,0.0,165.0,541.9882,60.0,60.0,50.0,0.0,0.0,0.0,50.0,50.0,
sp500_load075,25.5,baseline,500.0,60.0,500.0,0.0,165.0,541.9884,60.0,60.0,50.0,0.0,0.0,0.0,50.0,50.0,
sp500_load075,25.6,baseline,500.0,60.0,500.0,0.0,165.0,541.9887,60.0,60.0,50.0,0.0,0.0,0.0,50.0,50.0,
sp500_load075,25.7,baseline,500.0,60.0,500.0,0.0,165.0,541.9889,60.0,60.0,50.0,0.0,0.0,0.0,50.0,50.0,
sp500_load075,25.8,baseline,500.0,60.0,500.0,0.0,165.0,541.9891,60.0,60.0,50.0,0.0,0.0,0.0,50.0,50.0,
sp500_load075,25.9,baseline,500.0,60.0,500.0,0.0,165.0,541.9893,60.0,60.0,50.0,0.0,0.0,0.0,50.0,50.0,
sp500_load075,26.0,baseline,500.0,60.0,500.0,0.0,165.0,541.9895,60.0,60.0,50.0,0.0,0.0,0.0,50.0,50.0,
sp500_load075,26.1,baseline,500.0,60.0,500.0,0.0,165.0,541.9897,60.0,60.0,50.0,0.0,0.0,0.0,50.0,50.0,
sp500_load075,26.2,baseline,500.0,60.0,500.0,0.0,165.0,541.9899,60.0,60.0,50.0,0.0,0.0,0.0,50.0,50.0,
sp500_load075,26.3,baseline,500.0,60.0,500.0,0.0,165.0,541.9901,60.0,60.0,50.0,0.0,0.0,0.0,50.0,50.0,
sp500_load075,26.4,baseline,500.0,60.0,500.0,0.0,165.0,541.9903,60.0,60.0,50.0,0.0,0.0,0.0,50.0,50.0,
sp500_load075,26.5,baseline,500.0,60.0,500.0,0.0,165.0,541.9905,60.0,60.0,50.0,0.0,0.0,0.0,50.0,50.0,
sp500_load075,26.6,baseline,500.0,60.0,500.0,0.0,165.0,541.9907,60.0,60.0,50.0,0.0,0.0,0.0,50.0,50.0,
sp500_load075,26.7,baseline,500.0,60.0,500.0,0.0,165.0,541.9909,60.0,60.0,50.0,0.0,0.0,0.0,50.0,50.0,
sp500_load075,26.8,baseline,500.0,60.0,500.0,0.0,165.0,541.9911,60.0,60.0,50.0,0.0,0.0,0.0,50.0,50.0,
sp500_load075,26.9,baseline,500.0,60.0,500.0,0.0,165.0,541.9913,60.0,60.0,50.0,0.0,0.0,0.0,50.0,50.0,
sp500_load075,27.0,baseline,500.0,60.0,500.0,0.0,165.0,541.9914,60.0,60.0,50.0,0.0,0.0,0.0,50.0,50.0,
sp500_load075,27.1,baseline,500.0,60.0,500.0,0.0,165.0,541.9916,60.0,60.0,50.0,0.0,0.0,0.0,50.0,50.0,
sp500_load075,27.2,baseline,500.0,60.0,500.0,0.0,165.0,541.9918,60.0,60.0,50.0,0.0,0.0,0.0,50.0,50.0,
sp500_load075,27.3,baseline,500.0,60.0,500.0,0.0,165.0,541.992,60.0,60.0,50.0,0.0,0.0,0.0,50.0,50.0,
sp500_load075,27.4,baseline,500.0,60.0,500.0,0.0,165.0,541.9921,60.0,60.0,50.0,0.0,0.0,0.0,50.0,50.0,
sp500_load075,27.5,baseline,500.0,60.0,500.0,0.0,165.0,541.9923,60.0,60.0,50.0,0.0,0.0,0.0,50.0,50.0,
sp500_load075,27.6,baseline,500.0,60.0,500.0,0.0,165.0,541.9924,60.0,60.0,50.0,0.0,0.0,0.0,50.0,50.0,
sp500_load075,27.7,baseline,500.0,60.0,500.0,0.0,165.0,541.9926,60.0,60.0,50.0,0.0,0.0,0.0,50.0,50.0,
sp500_load075,27.8,baseline,500.0,60.0,500.0,0.0,165.0,541.9927,60.0,60.0,50.0,0.0,0.0,0.0,50.0,50.0,
sp500_load075,27.9,baseline,500.0,60.0,500.0,0.0,165.0,541.9929,60.0,60.0,50.0,0.0,0.0,0.0,50.0,50.0,
sp500_load075,28.0,baseline,500.0,60.0,500.0,0.0,165.0,541.993,60.0,60.0,50.0,0.0,0.0,0.0,50.0,50.0,
sp500_load075,28.1,baseline,500.0,60.0,500.0,0.0,165.0,541.9932,60.0,60.0,50.0,0.0,0.0,0.0,50.0,50.0,
sp500_load075,28.2,baseline,500.0,60.0,500.0,0.0,165.0,541.9933,60.0,60.0,50.0,0.0,0.0,0.0,50.0,50.0,
sp500_load075,28.3,baseline,500.0,60.0,500.0,0.0,165.0,541.9934,60.0,60.0,50.0,0.0,0.0,0.0,50.0,50.0,
sp500_load075,28.4,baseline,500.0,60.0,500.0,0.0,165.0,541.9936,60.0,60.0,50.0,0.0,0.0,0.0,50.0,50.0,
sp500_load075,28.5,baseline,500.0,60.0,500.0,0.0,165.0,541.9937,60.0,60.0,50.0,0.0,0.0,0.0,50.0,50.0,
sp500_load075,28.6,baseline,500.0,60.0,500.0,0.0,165.0,541.9938,60.0,60.0,50.0,0.0,0.0,0.0,50.0,50.0,
sp500_load075,28.7,baseline,500.0,60.0,500.0,0.0,165.0,541.9939,60.0,60.0,50.0,0.0,0.0,0.0,50.0,50.0,
sp500_load075,28.8,baseline,500.0,60.0,500.0,0.0,165.0,541.9941,60.0,60.0,50.0,0.0,0.0,0.0,50.0,50.0,
sp500_load075,28.9,baseline,500.0,60.0,500.0,0.0,165.0,541.9942,60.0,60.0,50.0,0.0,0.0,0.0,50.0,50.0,
sp500_load075,29.0,baseline,500.0,60.0,500.0,0.0,165.0,541.9943,60.0,60.0,50.0,0.0,0.0,0.0,50.0,50.0,
sp500_load075,29.1,baseline,500.0,60.0,500.0,0.0,165.0,541.9944,60.0,60.0,50.0,0.0,0.0,0.0,50.0,50.0,
sp500_load075,29.2,baseline,500.0,60.0,500.0,0.0,165.0,541.9945,60.0,60.0,50.0,0.0,0.0,0.0,50.0,50.0,
sp500_load075,29.3,baseline,500.0,60.0,500.0,0.0,165.0,541.9946,60.0,60.0,50.0,0.0,0.0,0.0,50.0,50.0,
sp500_load075,29.4,baseline,500.0,60.0,500.0,0.0,165.0,541.9947,60.0,60.0,50.0,0.0,0.0,0.0,50.0,50.0,
sp500_load075,29.5,baseline,500.0,60.0,500.0,0.0,165.0,541.9948,60.0,60.0,50.0,0.0,0.0,0.0,50.0,50.0,
sp500_load075,29.6,baseline,500.0,60.0,500.0,0.0,165.0,541.9949,60.0,60.0,50.0,0.0,0.0,0.0,50.0,50.0,
sp500_load075,29.7,baseline,500.0,60.0,500.0,0.0,165.0,541.995,60.0,60.0,50.0,0.0,0.0,0.0,50.0,50.0,
sp500_load075,29.8,baseline,500.0,60.0,500.0,0.0,165.0,541.9951,60.0,60.0,50.0,0.0,0.0,0.0,50.0,50.0,
sp500_load075,29.9,baseline,500.0,60.0,500.0,0.0,165.0,541.9952,60.0,60.0,50.0,0.0,0.0,0.0,50.0,50.0,
sp500_load075,30.0,baseline,500.0,60.0,500.0,0.0,165.0,541.9953,60.0,60.0,50.0,0.0,0.0,0.0,50.0,50.0,
sp500_load075,30.1,response,500.0,75.0,500.828,0.0,165.027,542.0122,61.2,75.0,62.5,0.0,0.0,0.0,62.5,62.5,
sp500_load075,30.2,response,500.0,75.0,501.5509,-0.828,165.078,542.0442,62.304,74.3522,61.9601,-0.1242,-0.0017,-0.414,62.5,61.9601,
sp500_load075,30.3,response,500.0,75.0,502.2086,-1.5509,165.1504,542.0898,63.3197,74.2814,61.9012,-0.2326,-0.0048,-0.3614,62.5,61.9012,
sp500_load075,30.4,response,500.0,75.0,502.8052,-2.2086,165.2416,542.1476,64.2541,74.1968,61.8307,-0.3313,-0.0092,-0.3289,62.5,61.8307,
sp500_load075,30.5,response,500.0,75.0,503.3455,-2.8052,165.3494,542.2162,65.1138,74.1194,61.7662,-0.4208,-0.0148,-0.2983,62.5,61.7662,
sp500_load075,30.6,response,500.0,75.0,503.8341,-3.3455,165.4718,542.2946,65.9047,74.0478,61.7065,-0.5018,-0.0215,-0.2702,62.5,61.7065,
sp500_load075,30.7,response,500.0,75.0,504.275,-3.8341,165.6068,542.3815,66.6323,73.9817,61.6514,-0.5751,-0.0291,-0.2443,62.5,61.6514,
sp500_load075,30.8,response,500.0,75.0,504.6722,-4.275,165.7529,542.4761,67.3017,73.9207,61.6006,-0.6413,-0.0377,-0.2205,62.5,61.6006,
sp500_load075,30.9,response,500.0,75.0,505.029,-4.6722,165.9085,542.5775,67.9176,73.8643,61.5536,-0.7008,-0.047,-0.1986,62.5,61.5536,
sp500_load075,31.0,response,500.0,75.0,505.3487,-5.029,166.0721,542.6847,68.4842,73.8122,61.5102,-0.7543,-0.0571,-0.1784,62.5,61.5102,
sp500_load075,31.1,response,500.0,75.0,505.6342,-5.3487,166.2426,542.7971,69.0054,73.7641,61.4701,-0.8023,-0.0678,-0.1598,62.5,61.4701,
sp500_load075,31.2,response,500.0,75.0,505.8883,-5.6342,166.4187,542.9139,69.485,73.7197,61.4331,-0.8451,-0.0791,-0.1428,62.5,61.4331,
sp500_load075,31.3,response,500.0,75.0,506.1134,-5.8883,166.5995,543.0346,69.9262,73.6787,61.3989,-0.8832,-0.0908,-0.127,62.5,61.3989,
sp500_load075,31.4,response,500.0,75.0,506.3119,-6.1134,166.784,543.1586,70.3321,73.6408,61.3673,-0.917,-0.1031,-0.1126,62.5,61.3673,
sp500_load075,31.5,response,500.0,75.0,506.486,-6.3119,166.9713,543.2853,70.7055,73.6059,61.3383,-0.9468,-0.1157,-0.0993,62.5,61.3383,
sp500_load075,31.6,response,500.0,75.0,506.6374,-6.486,167.1608,543.4142,71.0491,73.5737,61.3114,-0.9729,-0.1287,-0.087,62.5,61.3114,
sp500_load075,31.7,response,500.0,75.0,506.7682,-6.6374,167.3517,543.5451,71.3652,73.5441,61.2867,-0.9956,-0.1419,-0.0757,62.5,61.2867,
sp500_load075,31.8,response,500.0,75.0,506.8798,-6.7682,167.5434,543.6774,71.656,73.5167,61.2639,-1.0152,-0.1555,-0.0654,62.5,61.2639,
sp500_load075,31.9,response,500.0,75.0,506.9739,-6.8798,167.7354,543.8107,71.9235,73.4916,61.243,-1.032,-0.1692,-0.0558,62.5,61.243,
sp500_load075,32.0,response,500.0,75.0,507.0518,-6.9739,167.9271,543.9449,72.1696,73.4684,61.2237,-1.0461,-0.1832,-0.047,62.5,61.2237,
sp500_load075,32.1,response,500.0,75.0,507.1149,-7.0518,168.1182,544.0795,72.396,73.4472,61.206,-1.0578,-0.1973,-0.039,62.5,61.206,
sp500_load075,32.2,response,500.0,75.0,507.1643,-7.1149,168.3083,544.2144,72.6043,73.4277,61.1897,-1.0672,-0.2115,-0.0315,62.5,61.1897,
sp500_load075,32.3,response,500.0,75.0,507.2011,-7.1643,168.4969,544.3493,72.796,73.4098,61.1748,-1.0746,-0.2258,-0.0247,62.5,61.1748,
sp500_load075,32.4,response,500.0,75.0,507.2264,-7.2011,168.6839,544.4839,72.9723,73.3934,61.1612,-1.0802,-0.2402,-0.0184,62.5,61.1612,
sp500_load075,32.5,response,500.0,75.0,507.241,-7.2264,168.8689,544.6181,73.1345,73.3785,61.1487,-1.084,-0.2547,-0.0126,62.5,61.1487,
sp500_load075,32.6,response,500.0,75.0,507.2459,-7.241,169.0517,544.7517,73.2838,73.3648,61.1373,-1.0862,-0.2692,-0.0073,62.5,61.1373,
sp500_load075,32.7,response,500.0,75.0,507.2418,-7.2459,169.2322,544.8846,73.4211,73.3524,61.127,-1.0869,-0.2837,-0.0024,62.5,61.127,
sp500_load075,32.8,response,500.0,75.0,507.2294,-7.2418,169.41,545.0165,73.5474,73.3412,61.1176,-1.0863,-0.2982,0.0021,62.5,61.1176,
sp500_load075,32.9,response,500.0,75.0,507.2094,-7.2294,169.5851,545.1475,73.6636,73.331,61.1092,-1.0844,-0.3126,0.0062,62.5,61.1092,
sp500_load075,33.0,response,500.0,75.0,507.1825,-7.2094,169.7574,545.2773,73.7705,73.3218,61.1015,-1.0814,-0.327,0.01,62.5,61.1015,
sp500_load075,33.1,response,500.0,75.0,507.1492,-7.1825,169.9268,545.406,73.8689,73.3136,61.0947,-1.0774,-0.3414,0.0135,62.5,61.0947,
sp500_load075,33.2,response,500.0,75.0,507.11,-7.1492,170.093,545.5333,73.9594,73.3063,61.0886,-1.0724,-0.3557,0.0167,62.5,61.0886,
sp500_load075,33.3,response,500.0,75.0,507.0655,-7.11,170.2562,545.6592,74.0426,73.2998,61.0832,-1.0665,-0.3699,0.0196,62.5,61.0832,
sp500_load075,33.4,response,500.0,75.0,507.0159,-7.0655,170.4162,545.7837,74.1192,73.2941,61.0784,-1.0598,-0.384,0.0223,62.5,61.0784,
sp500_load075,33.5,response,500.0,75.0,506.9619,-7.0159,170.573,545.9067,74.1897,73.2891,61.0743,-1.0524,-0.3981,0.0248,62.5,61.0743,
sp500_load075,33.6,response,500.0,75.0,506.9037,-6.9619,170.7265,546.0281,74.2545,73.2849,61.0707,-1.0443,-0.412,0.027,62.5,61.0707,
sp500_load075,33.7,response,500.0,75.0,506.8418,-6.9037,170.8768,546.1479,74.3141,73.2813,61.0677,-1.0356,-0.4258,0.0291,62.5,61.0677,
sp500_load075,33.8,response,500.0,75.0,506.7763,-6.8418,171.0238,546.2661,74.369,73.2783,61.0652,-1.0263,-0.4395,0.031,62.5,61.0652,
sp500_load075,33.9,response,500.0,75.0,506.7077,-6.7763,171.1675,546.3827,74.4195,73.2759,61.0632,-1.0164,-0.453,0.0327,62.5,61.0632,
sp500_load075,34.0,response,500.0,75.0,506.6362,-6.7077,171.308,546.4976,74.4659,73.274,61.0617,-1.0062,-0.4665,0.0343,62.5,61.0617,
sp500_load075,34.1,response,500.0,75.0,506.562,-6.6362,171.4452,546.6107,74.5086,73.2727,61.0606,-0.9954,-0.4797,0.0358,62.5,61.0606,
sp500_load075,34.2,response,500.0,75.0,506.4855,-6.562,171.5792,546.7222,74.548,73.2719,61.0599,-0.9843,-0.4929,0.0371,62.5,61.0599,
sp500_load075,34.3,response,500.0,75.0,506.4067,-6.4855,171.7099,546.8319,74.5841,73.2716,61.0596,-0.9728,-0.5058,0.0383,62.5,61.0596,
sp500_load075,34.4,response,500.0,75.0,506.326,-6.4067,171.8375,546.9399,74.6174,73.2717,61.0597,-0.961,-0.5186,0.0394,62.5,61.0597,
sp500_load075,34.5,response,500.0,75.0,506.2434,-6.326,171.962,547.0462,74.648,73.2722,61.0602,-0.9489,-0.5313,0.0404,62.5,61.0602,
sp500_load075,34.6,response,500.0,75.0,506.1592,-6.2434,172.0833,547.1507,74.6762,73.2732,61.061,-0.9365,-0.5438,0.0413,62.5,61.061,
sp500_load075,34.7,response,500.0,75.0,506.0736,-6.1592,172.2016,547.2536,74.7021,73.2745,61.0621,-0.9239,-0.5561,0.0421,62.5,61.0621,
sp500_load075,34.8,response,500.0,75.0,505.9866,-6.0736,172.3169,547.3546,74.7259,73.2762,61.0635,-0.911,-0.5682,0.0428,62.5,61.0635,
sp500_load075,34.9,response,500.0,75.0,505.8984,-5.9866,172.4292,547.454,74.7478,73.2783,61.0653,-0.898,-0.5802,0.0435,62.5,61.0653,
sp500_load075,35.0,response,500.0,75.0,505.8092,-5.8984,172.5386,547.5517,74.768,73.2808,61.0673,-0.8848,-0.592,0.0441,62.5,61.0673,
sp500_load075,35.1,response,500.0,75.0,505.719,-5.8092,172.6452,547.6477,74.7866,73.2835,61.0696,-0.8714,-0.6036,0.0446,62.5,61.0696,
sp500_load075,35.2,response,500.0,75.0,505.628,-5.719,172.7489,547.742,74.8036,73.2866,61.0722,-0.8579,-0.6151,0.0451,62.5,61.0722,
sp500_load075,35.3,response,500.0,75.0,505.5362,-5.628,172.8499,547.8346,74.8193,73.29,61.075,-0.8442,-0.6263,0.0455,62.5,61.075,
sp500_load075,35.4,response,500.0,75.0,505.4438,-5.5362,172.9481,547.9256,74.8338,73.2937,61.078,-0.8304,-0.6374,0.0459,62.5,61.078,
sp500_load075,35.5,response,500.0,75.0,505.3509,-5.4438,173.0437,548.0149,74.8471,73.2976,61.0813,-0.8166,-0.6483,0.0462,62.5,61.0813,
sp500_load075,35.6,response,500.0,75.0,505.2574,-5.3509,173.1368,548.1027,74.8593,73.3018,61.0849,-0.8026,-0.659,0.0465,62.5,61.0849,
sp500_load075,35.7,response,500.0,75.0,505.1636,-5.2574,173.2272,548.1888,74.8706,73.3063,61.0886,-0.7886,-0.6695,0.0467,62.5,61.0886,
sp500_load075,35.8,response,500.0,75.0,505.0694,-5.1636,173.3153,548.2734,74.8809,73.3111,61.0926,-0.7745,-0.6798,0.0469,62.5,61.0926,
sp500_load075,35.9,response,500.0,75.0,504.9749,-5.0694,173.4008,548.3564,74.8905,73.3161,61.0967,-0.7604,-0.69,0.0471,62.5,61.0967,
sp500_load075,36.0,response,500.0,75.0,504.8802,-4.9749,173.484,548.4378,74.8992,73.3213,61.1011,-0.7462,-0.6999,0.0472,62.5,61.1011,
sp500_load075,36.1,response,500.0,75.0,504.7854,-4.8802,173.5649,548.5178,74.9073,73.3267,61.1056,-0.732,-0.7097,0.0473,62.5,61.1056,
sp500_load075,36.2,response,500.0,75.0,504.6905,-4.7854,173.6436,548.5962,74.9147,73.3324,61.1104,-0.7178,-0.7193,0.0474,62.5,61.1104,
sp500_load075,36.3,response,500.0,75.0,504.5955,-4.6905,173.72,548.6732,74.9215,73.3383,61.1153,-0.7036,-0.7286,0.0475,62.5,61.1153,
sp500_load075,36.4,response,500.0,75.0,504.5005,-4.5955,173.7943,548.7487,74.9278,73.3444,61.1204,-0.6893,-0.7378,0.0475,62.5,61.1204,
sp500_load075,36.5,response,500.0,75.0,504.4055,-4.5005,173.8664,548.8228,74.9336,73.3507,61.1256,-0.6751,-0.7468,0.0475,62.5,61.1256,
sp500_load075,36.6,response,500.0,75.0,504.3106,-4.4055,173.9366,548.8955,74.9389,73.3572,61.131,-0.6608,-0.7556,0.0475,62.5,61.131,
sp500_load075,36.7,response,500.0,75.0,504.2158,-4.3106,174.0047,548.9668,74.9438,73.3639,61.1366,-0.6466,-0.7643,0.0474,62.5,61.1366,
sp500_load075,36.8,response,500.0,75.0,504.1212,-4.2158,174.0709,549.0367,74.9483,73.3708,61.1423,-0.6324,-0.7727,0.0474,62.5,61.1423,
sp500_load075,36.9,response,500.0,75.0,504.0267,-4.1212,174.1352,549.1053,74.9524,73.3779,61.1482,-0.6182,-0.7809,0.0473,62.5,61.1482,
sp500_load075,37.0,response,500.0,75.0,503.9324,-4.0267,174.1977,549.1726,74.9562,73.3851,61.1542,-0.604,-0.789,0.0472,62.5,61.1542,
sp500_load075,37.1,response,500.0,75.0,503.8384,-3.9324,174.2583,549.2386,74.9597,73.3925,61.1604,-0.5899,-0.7969,0.0471,62.5,61.1604,
sp500_load075,37.2,response,500.0,75.0,503.7446,-3.8384,174.3172,549.3033,74.9629,73.4001,61.1667,-0.5758,-0.8045,0.047,62.5,61.1667,
sp500_load075,37.3,response,500.0,75.0,503.6511,-3.7446,174.3745,549.3668,74.9659,73.4078,61.1732,-0.5617,-0.812,0.0469,62.5,61.1732,
sp500_load075,37.4,response,500.0,75.0,503.5579,-3.6511,174.43,549.429,74.9686,73.4157,61.1798,-0.5477,-0.8193,0.0467,62.5,61.1798,
sp500_load075,37.5,response,500.0,75.0,503.4651,-3.5579,174.484,549.49,74.9711,73.4238,61.1865,-0.5337,-0.8264,0.0466,62.5,61.1865,
sp500_load075,37.6,response,500.0,75.0,503.3726,-3.4651,174.5364,549.5498,74.9735,73.4319,61.1933,-0.5198,-0.8334,0.0464,62.5,61.1933,
sp500_load075,37.7,response,500.0,75.0,503.2805,-3.3726,174.5872,549.6085,74.9756,73.4403,61.2002,-0.5059,-0.8401,0.0462,62.5,61.2002,
sp500_load075,37.8,response,500.0,75.0,503.1888,-3.2805,174.6366,549.666,74.9775,73.4488,61.2073,-0.4921,-0.8467,0.0461,62.5,61.2073,
sp500_load075,37.9,response,500.0,75.0,503.0975,-3.1888,174.6845,549.7224,74.9793,73.4574,61.2145,-0.4783,-0.853,0.0459,62.5,61.2145,
sp500_load075,38.0,response,500.0,75.0,503.0066,-3.0975,174.7311,549.7777,74.981,73.4662,61.2218,-0.4646,-0.8592,0.0457,62.5,61.2218,
sp500_load075,38.1,response,500.0,75.0,502.9161,-3.0066,174.7762,549.8319,74.9825,73.475,61.2292,-0.451,-0.8653,0.0454,62.5,61.2292,
sp500_load075,38.2,response,500.0,75.0,502.8261,-2.9161,174.8201,549.885,74.9839,73.4841,61.2367,-0.4374,-0.8711,0.0452,62.5,61.2367,
sp500_load075,38.3,response,500.0,75.0,502.7366,-2.8261,174.8627,549.9371,74.9852,73.4932,61.2443,-0.4239,-0.8767,0.045,62.5,61.2443,
sp500_load075,38.4,response,500.0,75.0,502.6476,-2.7366,174.904,549.9882,74.9864,73.5025,61.2521,-0.4105,-0.8822,0.0448,62.5,61.2521,
sp500_load075,38.5,response,500.0,75.0,502.559,-2.6476,174.9441,550.0383,74.9875,73.5118,61.2599,-0.3971,-0.8875,0.0445,62.5,61.2599,
sp500_load075,38.6,response,500.0,75.0,502.471,-2.559,174.983,550.0873,74.9885,73.5213,61.2678,-0.3839,-0.8926,0.0443,62.5,61.2678,
sp500_load075,38.7,response,500.0,75.0,502.3835,-2.471,175.0208,550.1354,74.9894,73.531,61.2758,-0.3707,-0.8976,0.044,62.5,61.2758,
sp500_load075,38.8,response,500.0,75.0,502.2965,-2.3835,175.0574,550.1826,74.9902,73.5407,61.2839,-0.3575,-0.9023,0.0438,62.5,61.2839,
sp500_load075,38.9,response,500.0,75.0,502.2101,-2.2965,175.093,550.2288,74.991,73.5505,61.2921,-0.3445,-0.9069,0.0435,62.5,61.2921,
sp500_load075,39.0,response,500.0,75.0,502.1242,-2.2101,175.1275,550.2741,74.9917,73.5604,61.3004,-0.3315,-0.9113,0.0432,62.5,61.3004,
sp500_load075,39.1,response,500.0,75.0,502.0389,-2.1242,175.161,550.3185,74.9924,73.5705,61.3087,-0.3186,-0.9156,0.0429,62.5,61.3087,
sp500_load075,39.2,response,500.0,75.0,501.9542,-2.0389,175.1935,550.3621,74.993,73.5806,61.3171,-0.3058,-0.9197,0.0427,62.5,61.3171,
sp500_load075,39.3,response,500.0,75.0,501.87,-1.9542,175.2251,550.4047,74.9936,73.5908,61.3257,-0.2931,-0.9236,0.0424,62.5,61.3257,
sp500_load075,39.4,response,500.0,75.0,501.7864,-1.87,175.2557,550.4465,74.9941,73.6011,61.3343,-0.2805,-0.9273,0.0421,62.5,61.3343,
sp500_load075,39.5,response,500.0,75.0,501.7034,-1.7864,175.2854,550.4875,74.9946,73.6115,61.3429,-0.268,-0.9309,0.0418,62.5,61.3429,
sp500_load075,39.6,response,500.0,75.0,501.621,-1.7034,175.3142,550.5277,74.995,73.622,61.3517,-0.2555,-0.9343,0.0415,62.5,61.3517,
sp500_load075,39.7,response,500.0,75.0,501.5393,-1.621,175.3422,550.5671,74.9954,73.6326,61.3605,-0.2432,-0.9375,0.0412,62.5,61.3605,
sp500_load075,39.8,response,500.0,75.0,501.4581,-1.5393,175.3693,550.6057,74.9958,73.6432,61.3694,-0.2309,-0.9406,0.0409,62.5,61.3694,
sp500_load075,39.9,response,500.0,75.0,501.3776,-1.4581,175.3957,550.6435,74.9961,73.654,61.3783,-0.2187,-0.9435,0.0406,62.5,61.3783,
sp500_load075,40.0,response,500.0,75.0,501.2977,-1.3776,175.4212,550.6806,74.9964,73.6648,61.3873,-0.2066,-0.9463,0.0403,62.5,61.3873,
sp500_load075,40.1,response,500.0,75.0,501.2184,-1.2977,175.446,550.717,74.9967,73.6757,61.3964,-0.1947,-0.9489,0.0399,62.5,61.3964,
sp500_load075,40.2,response,500.0,75.0,501.1398,-1.2184,175.4701,550.7526,74.997,73.6866,61.4055,-0.1828,-0.9513,0.0396,62.5,61.4055,
sp500_load075,40.3,response,500.0,75.0,501.0619,-1.1398,175.4934,550.7875,74.9972,73.6977,61.4147,-0.171,-0.9536,0.0393,62.5,61.4147,
sp500_load075,40.4,response,500.0,75.0,500.9845,-1.0619,175.516,550.8217,74.9974,73.7088,61.424,-0.1593,-0.9557,0.039,62.5,61.424,
sp500_load075,40.5,response,500.0,75.0,500.9079,-0.9845,175.538,550.8552,74.9976,73.7199,61.4333,-0.1477,-0.9577,0.0387,62.5,61.4333,
sp500_load075,40.6,response,500.0,75.0,500.8319,-0.9079,175.5593,550.8881,74.9978,73.7312,61.4426,-0.1362,-0.9595,0.0383,62.5,61.4426,
sp500_load075,40.7,response,500.0,75.0,500.7565,-0.8319,175.58,550.9203,74.998,73.7424,61.452,-0.1248,-0.9612,0.038,62.5,61.452,
sp500_load075,40.8,response,500.0,75.0,500.6819,-0.7565,175.6,550.9519,74.9982,73.7538,61.4615,-0.1135,-0.9627,0.0377,62.5,61.4615,
sp500_load075,40.9,response,500.0,75.0,500.6079,-0.6819,175.6195,550.9828,74.9983,73.7652,61.471,-0.1023,-0.9641,0.0373,62.5,61.471,
sp500_load075,41.0,response,500.0,75.0,500.5346,-0.6079,175.6384,551.0131,74.9984,73.7766,61.4805,-0.0912,-0.9653,0.037,62.5,61.4805,
sp500_load075,41.1,response,500.0,75.0,500.462,-0.5346,175.6567,551.0428,74.9986,73.7881,61.4901,-0.0802,-0.9663,0.0367,62.5,61.4901,
sp500_load075,41.2,response,500.0,75.0,500.39,-0.462,175.6745,551.072,74.9987,73.7997,61.4998,-0.0693,-0.9673,0.0363,62.5,61.4998,
sp500_load075,41.3,response,500.0,75.0,500.3188,-0.39,175.6917,551.1005,74.9988,73.8113,61.5094,-0.0585,-0.968,0.036,62.5,61.5094,
sp500_load075,41.4,response,500.0,75.0,500.2482,-0.3188,175.7084,551.1285,74.9989,73.823,61.5191,-0.0478,-0.9687,0.0356,62.5,61.5191,
sp500_load075,41.5,response,500.0,75.0,500.1784,-0.2482,175.7247,551.1559,74.999,73.8346,61.5289,-0.0372,-0.9692,0.0353,62.5,61.5289,
sp500_load075,41.6,response,500.0,75.0,500.1092,-0.1784,175.7404,551.1828,74.9991,73.8464,61.5386,-0.0268,-0.9695,0.0349,62.5,61.5386,
sp500_load075,41.7,response,500.0,75.0,500.0407,-0.1092,175.7557,551.2091,74.9991,73.8581,61.5484,-0.0164,-0.9698,0.0346,62.5,61.5484,
sp500_load075,41.8,response,500.0,75.0,499.973,-0.0407,175.7705,551.2349,74.9992,73.8699,61.5583,-0.0061,-0.9698,0.0342,62.5,61.5583,
sp500_load075,41.9,response,500.0,75.0,499.9059,0.027,175.7848,551.2602,74.9993,73.8818,61.5681,0.0041,-0.9698,0.0339,62.5,61.5681,
sp500_load075,42.0,response,500.0,75.0,499.8396,0.0941,175.7988,551.285,74.9993,73.8936,61.578,0.0141,-0.9696,0.0335,62.5,61.578,
sp500_load075,42.1,response,500.0,75.0,499.774,0.1604,175.8123,551.3093,74.9994,73.9056,61.588,0.0241,-0.9693,0.0332,62.5,61.588,
sp500_load075,42.2,response,500.0,75.0,499.709,0.226,175.8254,551.3331,74.9994,73.9175,61.5979,0.0339,-0.9688,0.0328,62.5,61.5979,
sp500_load075,42.3,response,500.0,75.0,499.6448,0.291,175.8382,551.3564,74.9995,73.9294,61.6079,0.0436,-0.9682,0.0325,62.5,61.6079,
sp500_load075,42.4,response,500.0,75.0,499.5814,0.3552,175.8505,551.3793,74.9995,73.9414,61.6178,0.0533,-0.9675,0.0321,62.5,61.6178,
sp500_load075,42.5,response,500.0,75.0,499.5186,0.4186,175.8625,551.4017,74.9996,73.9534,61.6278,0.0628,-0.9667,0.0317,62.5,61.6278,
sp500_load075,42.6,response,500.0,75.0,499.4565,0.4814,175.8741,551.4237,74.9996,73.9654,61.6379,0.0722,-0.9657,0.0314,62.5,61.6379,
sp500_load075,42.7,response,500.0,75.0,499.3952,0.5435,175.8854,551.4452,74.9996,73.9775,61.6479,0.0815,-0.9646,0.031,62.5,61.6479,
sp500_load075,42.8,response,500.0,75.0,499.3346,0.6048,175.8963,551.4663,74.9997,73.9895,61.658,0.0907,-0.9634,0.0307,62.5,61.658,
sp500_load075,42.9,response,500.0,75.0,499.2747,0.6654,175.9069,551.4869,74.9997,74.0016,61.668,0.0998,-0.9621,0.0303,62.5,61.668,
sp500_load075,43.0,response,500.0,75.0,499.2156,0.7253,175.9172,551.5072,74.9997,74.0137,61.6781,0.1088,-0.9607,0.0299,62.5,61.6781,
sp500_load075,43.1,response,500.0,75.0,499.1571,0.7844,175.9272,551.527,74.9997,74.0258,61.6882,0.1177,-0.9591,0.0296,62.5,61.6882,
sp500_load075,43.2,response,500.0,75.0,499.0994,0.8429,175.9368,551.5465,74.9998,74.0379,61.6983,0.1264,-0.9574,0.0292,62.5,61.6983,
sp500_load075,43.3,response,500.0,75.0,499.0424,0.9006,175.9462,551.5656,74.9998,74.05,61.7083,0.1351,-0.9556,0.0289,62.5,61.7083,
sp500_load075,43.4,response,500.0,75.0,498.9862,0.9576,175.9553,551.5843,74.9998,74.0621,61.7184,0.1436,-0.9537,0.0285,62.5,61.7184,
sp500_load075,43.5,response,500.0,75.0,498.9306,1.0138,175.9642,551.6026,74.9998,74.0743,61.7286,0.1521,-0.9517,0.0281,62.5,61.7286,
sp500_load075,43.6,response,500.0,75.0,498.8758,1.0694,175.9727,551.6205,74.9998,74.0864,61.7387,0.1604,-0.9495,0.0278,62.5,61.7387,
sp500_load075,43.7,response,500.0,75.0,498.8217,1.1242,175.9811,551.6381,74.9998,74.0985,61.7488,0.1686,-0.9473,0.0274,62.5,61.7488,
sp500_load075,43.8,response,500.0,75.0,498.7684,1.1783,175.9891,551.6553,74.9998,74.1106,61.7589,0.1767,-0.9449,0.027,62.5,61.7589,
sp500_load075,43.9,response,500.0,75.0,498.7158,1.2316,175.9969,551.6722,74.9999,74.1228,61.769,0.1847,-0.9424,0.0267,62.5,61.769,
sp500_load075,44.0,response,500.0,75.0,498.6639,1.2842,176.0045,551.6888,74.9999,74.1349,61.7791,0.1926,-0.9399,0.0263,62.5,61.7791,
sp500_load075,44.1,response,500.0,75.0,498.6127,1.3361,176.0119,551.705,74.9999,74.147,61.7892,0.2004,-0.9372,0.0259,62.5,61.7892,
sp500_load075,44.2,response,500.0,75.0,498.5622,1.3873,176.019,551.7209,74.9999,74.1591,61.7993,0.2081,-0.9344,0.0256,62.5,61.7993,
sp500_load075,44.3,response,500.0,75.0,498.5125,1.4378,176.026,551.7365,74.9999,74.1712,61.8093,0.2157,-0.9316,0.0252,62.5,61.8093,
sp500_load075,44.4,response,500.0,75.0,498.4635,1.4875,176.0327,551.7518,74.9999,74.1833,61.8194,0.2231,-0.9286,0.0249,62.5,61.8194,
sp500_load075,44.5,response,500.0,75.0,498.4153,1.5365,176.0392,551.7667,74.9999,74.1954,61.8295,0.2305,-0.9255,0.0245,62.5,61.8295,
sp500_load075,44.6,response,500.0,75.0,498.3677,1.5847,176.0455,551.7814,74.9999,74.2074,61.8395,0.2377,-0.9223,0.0241,62.5,61.8395,
sp500_load075,44.7,response,500.0,75.0,498.3209,1.6323,176.0517,551.7958,74.9999,74.2195,61.8495,0.2448,-0.9191,0.0238,62.5,61.8495,
sp500_load075,44.8,response,500.0,75.0,498.2748,1.6791,176.0576,551.8098,74.9999,74.2315,61.8596,0.2519,-0.9157,0.0234,62.5,61.8596,
sp500_load075,44.9,response,500.0,75.0,498.2294,1.7252,176.0634,551.8236,74.9999,74.2435,61.8696,0.2588,-0.9123,0.0231,62.5,61.8696,
sp500_load075,45.0,response,500.0,75.0,498.1847,1.7706,176.069,551.8372,74.9999,74.2555,61.8796,0.2656,-0.9087,0.0227,62.5,61.8796,
sp500_load075,45.1,response,500.0,75.0,498.1408,1.8153,176.0744,551.8504,74.9999,74.2674,61.8895,0.2723,-0.9051,0.0223,62.5,61.8895,
sp500_load075,45.2,response,500.0,75.0,498.0975,1.8592,176.0797,551.8634,75.0,74.2794,61.8995,0.2789,-0.9014,0.022,62.5,61.8995,
sp500_load075,45.3,response,500.0,75.0,498.055,1.9025,176.0848,551.8761,75.0,74.2913,61.9094,0.2854,-0.8976,0.0216,62.5,61.9094,
sp500_load075,45.4,response,500.0,75.0,498.0132,1.945,176.0897,551.8886,75.0,74.3032,61.9193,0.2917,-0.8937,0.0213,62.5,61.9193,
sp500_load075,45.5,response,500.0,75.0,497.9721,1.9868,176.0945,551.9008,75.0,74.3151,61.9292,0.298,-0.8897,0.0209,62.5,61.9292,
sp500_load075,45.6,response,500.0,75.0,497.9317,2.0279,176.0992,551.9128,75.0,74.3269,61.9391,0.3042,-0.8856,0.0205,62.5,61.9391,
sp500_load075,45.7,response,500.0,75.0,497.8921,2.0683,176.1037,551.9246,75.0,74.3387,61.9489,0.3102,-0.8815,0.0202,62.5,61.9489,
sp500_load075,45.8,response,500.0,75.0,497.8531,2.1079,176.1081,551.9361,75.0,74.3505,61.9587,0.3162,-0.8773,0.0198,62.5,61.9587,
sp500_load075,45.9,response,500.0,75.0,497.8148,2.1469,176.1124,551.9474,75.0,74.3622,61.9685,0.322,-0.873,0.0195,62.5,61.9685,
sp500_load075,46.0,response,500.0,75.0,497.7773,2.1852,176.1165,551.9584,75.0,74.3739,61.9783,0.3278,-0.8686,0.0191,62.5,61.9783,
sp500_load075,46.1,response,500.0,75.0,497.7404,2.2227,176.1205,551.9692,75.0,74.3856,61.988,0.3334,-0.8642,0.0188,62.5,61.988,
sp500_load075,46.2,response,500.0,75.0,497.7042,2.2596,176.1244,551.9799,75.0,74.3972,61.9977,0.3389,-0.8597,0.0184,62.5,61.9977,
sp500_load075,46.3,response,500.0,75.0,497.6688,2.2958,176.1282,551.9903,75.0,74.4088,62.0074,0.3444,-0.8551,0.0181,62.5,62.0074,
sp500_load075,46.4,response,500.0,75.0,497.634,2.3312,176.1318,552.0005,75.0,74.4204,62.017,0.3497,-0.8504,0.0177,62.5,62.017,
sp500_load075,46.5,response,500.0,75.0,497.5999,2.366,176.1354,552.0104,75.0,74.4319,62.0266,0.3549,-0.8457,0.0174,62.5,62.0266,
sp500_load075,46.6,response,500.0,75.0,497.5665,2.4001,176.1388,552.0202,75.0,74.4434,62.0362,0.36,-0.8409,0.017,62.5,62.0362,
sp500_load075,46.7,response,500.0,75.0,497.5338,2.4335,176.1421,552.0298,75.0,74.4548,62.0457,0.365,-0.836,0.0167,62.5,62.0457,
sp500_load075,46.8,response,500.0,75.0,497.5018,2.4662,176.1454,552.0392,75.0,74.4662,62.0552,0.3699,-0.8311,0.0164,62.5,62.0552,
sp500_load075,46.9,response,500.0,75.0,497.4704,2.4982,176.1485,552.0484,75.0,74.4776,62.0647,0.3747,-0.8261,0.016,62.5,62.0647,
sp500_load075,47.0,response,500.0,75.0,497.4398,2.5296,176.1515,552.0575,75.0,74.4889,62.0741,0.3794,-0.821,0.0157,62.5,62.0741,
sp500_load075,47.1,response,500.0,75.0,497.4098,2.5602,176.1545,552.0663,75.0,74.5002,62.0835,0.384,-0.8159,0.0153,62.5,62.0835,
sp500_load075,47.2,response,500.0,75.0,497.3805,2.5902,176.1574,552.075,75.0,74.5114,62.0928,0.3885,-0.8107,0.015,62.5,62.0928,
sp500_load075,47.3,response,500.0,75.0,497.3518,2.6195,176.1601,552.0835,75.0,74.5225,62.1021,0.3929,-0.8055,0.0147,62.5,62.1021,
sp500_load075,47.4,response,500.0,75.0,497.3238,2.6482,176.1628,552.0918,75.0,74.5336,62.1114,0.3972,-0.8002,0.0143,62.5,62.1114,
sp500_load075,47.5,response,500.0,75.0,497.2965,2.6762,176.1655,552.1,75.0,74.5447,62.1206,0.4014,-0.7948,0.014,62.5,62.1206,
sp500_load075,47.6,response,500.0,75.0,497.2699,2.7035,176.168,552.108,75.0,74.5557,62.1298,0.4055,-0.7894,0.0137,62.5,62.1298,
sp500_load075,47.7,response,500.0,75.0,497.2439,2.7301,176.1705,552.1158,75.0,74.5667,62.1389,0.4095,-0.784,0.0133,62.5,62.1389,
sp500_load075,47.8,response,500.0,75.0,497.2185,2.7561,176.1728,552.1235,75.0,74.5776,62.148,0.4134,-0.7785,0.013,62.5,62.148,
sp500_load075,47.9,response,500.0,75.0,497.1938,2.7815,176.1752,552.131,75.0,74.5884,62.157,0.4172,-0.7729,0.0127,62.5,62.157,
sp500_load075,48.0,response,500.0,75.0,497.1698,2.8062,176.1774,552.1384,75.0,74.5992,62.166,0.4209,-0.7673,0.0123,62.5,62.166,
sp500_load075,48.1,response,500.0,75.0,497.1464,2.8302,176.1796,552.1457,75.0,74.6099,62.1749,0.4245,-0.7616,0.012,62.5,62.1749,
sp500_load075,48.2,response,500.0,75.0,497.1236,2.8536,176.1817,552.1527,75.0,74.6206,62.1838,0.428,-0.7559,0.0117,62.5,62.1838,
sp500_load075,48.3,response,500.0,75.0,497.1015,2.8764,176.1837,552.1597,75.0,74.6312,62.1927,0.4315,-0.7502,0.0114,62.5,62.1927,
sp500_load075,48.4,response,500.0,75.0,497.08,2.8985,176.1857,552.1665,75.0,74.6418,62.2015,0.4348,-0.7444,0.0111,62.5,62.2015,
sp500_load075,48.5,response,500.0,75.0,497.0591,2.92,176.1877,552.1732,75.0,74.6523,62.2102,0.438,-0.7385,0.0107,62.5,62.2102,
sp500_load075,48.6,response,500.0,75.0,497.0389,2.9409,176.1895,552.1797,75.0,74.6627,62.2189,0.4411,-0.7326,0.0104,62.5,62.2189,
sp500_load075,48.7,response,500.0,75.0,497.0193,2.9611,176.1913,552.1861,75.0,74.6731,62.2276,0.4442,-0.7267,0.0101,62.5,62.2276,
sp500_load075,48.8,response,500.0,75.0,497.0003,2.9807,176.1931,552.1924,75.0,74.6834,62.2362,0.4471,-0.7208,0.0098,62.5,62.2362,
sp500_load075,48.9,response,500.0,75.0,496.9819,2.9997,176.1948,552.1985,75.0,74.6936,62.2447,0.45,-0.7148,0.0095,62.5,62.2447,
sp500_load075,49.0,response,500.0,75.0,496.9641,3.0181,176.1965,552.2046,75.0,74.7038,62.2532,0.4527,-0.7087,0.0092,62.5,62.2532,
sp500_load075,49.1,response,500.0,75.0,496.9469,3.0359,176.1981,552.2105,75.0,74.7139,62.2616,0.4554,-0.7027,0.0089,62.5,62.2616,
sp500_load075,49.2,response,500.0,75.0,496.9304,3.0531,176.1996,552.2163,75.0,74.724,62.27,0.458,-0.6965,0.0086,62.5,62.27,
sp500_load075,49.3,response,500.0,75.0,496.9144,3.0696,176.2011,552.2219,75.0,74.734,62.2783,0.4604,-0.6904,0.0083,62.5,62.2783,
sp500_load075,49.4,response,500.0,75.0,496.8991,3.0856,176.2026,552.2275,75.0,74.7439,62.2866,0.4628,-0.6842,0.008,62.5,62.2866,
sp500_load075,49.5,response,500.0,75.0,496.8843,3.1009,176.204,552.233,75.0,74.7537,62.2948,0.4651,-0.678,0.0077,62.5,62.2948,
sp500_load075,49.6,response,500.0,75.0,496.8701,3.1157,176.2054,552.2383,75.0,74.7635,62.3029,0.4674,-0.6718,0.0074,62.5,62.3029,
sp500_load075,49.7,response,500.0,75.0,496.8565,3.1299,176.2067,552.2435,75.0,74.7732,62.311,0.4695,-0.6655,0.0071,62.5,62.311,
sp500_load075,49.8,response,500.0,75.0,496.8435,3.1435,176.208,552.2487,75.0,74.7829,62.3191,0.4715,-0.6593,0.0068,62.5,62.3191,
sp500_load075,49.9,response,500.0,75.0,496.831,3.1565,176.2093,552.2537,75.0,74.7925,62.3271,0.4735,-0.6529,0.0065,62.5,62.3271,
sp500_load075,50.0,response,500.0,75.0,496.8191,3.169,176.2105,552.2586,75.0,74.802,62.335,0.4753,-0.6466,0.0062,62.5,62.335,
sp500_load075,50.1,response,500.0,75.0,496.8078,3.1809,176.2117,552.2634,75.0,74.8114,62.3428,0.4771,-0.6402,0.0059,62.5,62.3428,
sp500_load075,50.2,response,500.0,75.0,496.7971,3.1922,176.2129,552.2682,75.0,74.8208,62.3506,0.4788,-0.6339,0.0057,62.5,62.3506,
sp500_load075,50.3,response,500.0,75.0,496.7869,3.2029,176.214,552.2728,75.0,74.83,62.3584,0.4804,-0.6275,0.0054,62.5,62.3584,
sp500_load075,50.4,response,500.0,75.0,496.7772,3.2131,176.215,552.2774,75.0,74.8393,62.366,0.482,-0.621,0.0051,62.5,62.366,
sp500_load075,50.5,response,500.0,75.0,496.7681,3.2228,176.2161,552.2818,75.0,74.8484,62.3737,0.4834,-0.6146,0.0048,62.5,62.3737,
sp500_load075,50.6,response,500.0,75.0,496.7596,3.2319,176.2171,552.2862,75.0,74.8575,62.3812,0.4848,-0.6081,0.0045,62.5,62.3812,
sp500_load075,50.7,response,500.0,75.0,496.7516,3.2404,176.2181,552.2904,75.0,74.8664,62.3887,0.4861,-0.6016,0.0043,62.5,62.3887,
sp500_load075,50.8,response,500.0,75.0,496.7441,3.2484,176.2191,552.2946,75.0,74.8754,62.3961,0.4873,-0.5951,0.004,62.5,62.3961,
sp500_load075,50.9,response,500.0,75.0,496.7371,3.2559,176.22,552.2987,75.0,74.8842,62.4035,0.4884,-0.5886,0.0037,62.5,62.4035,
sp500_load075,51.0,response,500.0,75.0,496.7307,3.2629,176.2209,552.3028,75.0,74.893,62.4108,0.4894,-0.5821,0.0035,62.5,62.4108,
sp500_load075,51.1,response,500.0,75.0,496.7248,3.2693,176.2218,552.3067,75.0,74.9017,62.418,0.4904,-0.5756,0.0032,62.5,62.418,
sp500_load075,51.2,response,500.0,75.0,496.7194,3.2752,176.2226,552.3106,75.0,74.9103,62.4252,0.4913,-0.569,0.003,62.5,62.4252,
sp500_load075,51.3,response,500.0,75.0,496.7145,3.2806,176.2234,552.3144,75.0,74.9188,62.4323,0.4921,-0.5625,0.0027,62.5,62.4323,
sp500_load075,51.4,response,500.0,75.0,496.7102,3.2855,176.2242,552.3181,75.0,74.9272,62.4394,0.4928,-0.5559,0.0024,62.5,62.4394,
sp500_load075,51.5,response,500.0,75.0,496.7063,3.2898,176.225,552.3217,75.0,74.9356,62.4464,0.4935,-0.5493,0.0022,62.5,62.4464,
sp500_load075,51.6,response,500.0,75.0,496.703,3.2937,176.2257,552.3253,75.0,74.9439,62.4533,0.4941,-0.5427,0.0019,62.5,62.4533,
sp500_load075,51.7,response,500.0,75.0,496.7001,3.297,176.2265,552.3288,75.0,74.9521,62.4601,0.4946,-0.5361,0.0017,62.5,62.4601,
sp500_load075,51.8,response,500.0,75.0,496.6977,3.2999,176.2272,552.3322,75.0,74.9603,62.4669,0.495,-0.5295,0.0014,62.5,62.4669,
sp500_load075,51.9,response,500.0,75.0,496.6958,3.3023,176.2279,552.3356,75.0,74.9683,62.4736,0.4953,-0.5229,0.0012,62.5,62.4736,
sp500_load075,52.0,response,500.0,75.0,496.6944,3.3042,176.2285,552.3388,75.0,74.9763,62.4803,0.4956,-0.5163,0.0009,62.5,62.4803,
sp500_load075,52.1,response,500.0,75.0,496.6934,3.3056,176.2292,552.3421,75.0,74.9842,62.4869,0.4958,-0.5097,0.0007,62.5,62.4869,
sp500_load075,52.2,response,500.0,75.0,496.693,3.3066,176.2298,552.3452,75.0,74.9921,62.4934,0.496,-0.5031,0.0005,62.5,62.4934,
sp500_load075,52.3,response,500.0,75.0,496.6929,3.307,176.2304,552.3483,75.0,74.9998,62.4998,0.4961,-0.4965,0.0002,62.5,62.4998,
sp500_load075,52.4,response,500.0,75.0,496.6934,3.3071,176.231,552.3514,75.0,75.0075,62.5062,0.4961,-0.4899,0.0,62.5,62.5062,
sp500_load075,52.5,response,500.0,75.0,496.6943,3.3066,176.2316,552.3543,75.0,75.015,62.5125,0.496,-0.4832,-0.0002,62.5,62.5125,
sp500_load075,52.6,response,500.0,75.0,496.6956,3.3057,176.2321,552.3572,75.0,75.0225,62.5188,0.4959,-0.4766,-0.0005,62.5,62.5188,
sp500_load075,52.7,response,500.0,75.0,496.6974,3.3044,176.2327,552.3601,75.0,75.0299,62.525,0.4957,-0.47,-0.0007,62.5,62.525,
sp500_load075,52.8,response,500.0,75.0,496.6997,3.3026,176.2332,552.3629,75.0,75.0373,62.5311,0.4954,-0.4634,-0.0009,62.5,62.5311,
sp500_load075,52.9,response,500.0,75.0,496.7024,3.3003,176.2337,552.3656,75.0,75.0445,62.5371,0.495,-0.4568,-0.0011,62.5,62.5371,
sp500_load075,53.0,response,500.0,75.0,496.7055,3.2976,176.2342,552.3683,75.0,75.0517,62.5431,0.4946,-0.4502,-0.0013,62.5,62.5431,
sp500_load075,53.1,response,500.0,75.0,496.709,3.2945,176.2346,552.371,75.0,75.0588,62.549,0.4942,-0.4436,-0.0016,62.5,62.549,
sp500_load075,53.2,response,500.0,75.0,496.7129,3.291,176.2351,552.3735,75.0,75.0658,62.5548,0.4937,-0.437,-0.0018,62.5,62.5548,
sp500_load075,53.3,response,500.0,75.0,496.7173,3.2871,176.2356,552.3761,75.0,75.0727,62.5606,0.4931,-0.4305,-0.002,62.5,62.5606,
sp500_load075,53.4,response,500.0,75.0,496.7221,3.2827,176.236,552.3785,75.0,75.0796,62.5663,0.4924,-0.4239,-0.0022,62.5,62.5663,
sp500_load075,53.5,response,500.0,75.0,496.7272,3.2779,176.2364,552.381,75.0,75.0863,62.5719,0.4917,-0.4174,-0.0024,62.5,62.5719,
sp500_load075,53.6,response,500.0,75.0,496.7328,3.2728,176.2368,552.3834,75.0,75.093,62.5775,0.4909,-0.4108,-0.0026,62.5,62.5775,
sp500_load075,53.7,response,500.0,75.0,496.7388,3.2672,176.2372,552.3857,75.0,75.0996,62.583,0.4901,-0.4043,-0.0028,62.5,62.583,
sp500_load075,53.8,response,500.0,75.0,496.7452,3.2612,176.2376,552.388,75.0,75.1061,62.5884,0.4892,-0.3978,-0.003,62.5,62.5884,
sp500_load075,53.9,response,500.0,75.0,496.7519,3.2548,176.238,552.3902,75.0,75.1126,62.5938,0.4882,-0.3912,-0.0032,62.5,62.5938,
sp500_load075,54.0,response,500.0,75.0,496.7591,3.2481,176.2383,552.3924,75.0,75.1189,62.5991,0.4872,-0.3847,-0.0034,62.5,62.5991,
sp500_load075,54.1,response,500.0,75.0,496.7666,3.2409,176.2387,552.3946,75.0,75.1252,62.6043,0.4861,-0.3783,-0.0036,62.5,62.6043,
sp500_load075,54.2,response,500.0,75.0,496.7745,3.2334,176.239,552.3967,75.0,75.1314,62.6095,0.485,-0.3718,-0.0038,62.5,62.6095,
sp500_load075,54.3,response,500.0,75.0,496.7827,3.2255,176.2393,552.3987,75.0,75.1375,62.6145,0.4838,-0.3653,-0.0039,62.5,62.6145,
sp500_load075,54.4,response,500.0,75.0,496.7913,3.2173,176.2397,552.4008,75.0,75.1435,62.6196,0.4826,-0.3589,-0.0041,62.5,62.6196,
sp500_load075,54.5,response,500.0,75.0,496.8003,3.2087,176.24,552.4027,75.0,75.1494,62.6245,0.4813,-0.3525,-0.0043,62.5,62.6245,
sp500_load075,54.6,response,500.0,75.0,496.8096,3.1997,176.2403,552.4047,75.0,75.1553,62.6294,0.48,-0.3461,-0.0045,62.5,62.6294,
sp500_load075,54.7,response,500.0,75.0,496.8193,3.1904,176.2406,552.4066,75.0,75.161,62.6342,0.4786,-0.3397,-0.0047,62.5,62.6342,
sp500_load075,54.8,response,500.0,75.0,496.8293,3.1807,176.2408,552.4085,75.0,75.1667,62.6389,0.4771,-0.3334,-0.0048,62.5,62.6389,
sp500_load075,54.9,response,500.0,75.0,496.8396,3.1707,176.2411,552.4103,75.0,75.1723,62.6436,0.4756,-0.327,-0.005,62.5,62.6436,
sp500_load075,55.0,response,500.0,75.0,496.8503,3.1604,176.2414,552.4121,75.0,75.1778,62.6482,0.4741,-0.3207,-0.0052,62.5,62.6482,
sp500_load075,55.1,response,500.0,75.0,496.8613,3.1497,176.2416,552.4139,75.0,75.1833,62.6527,0.4725,-0.3144,-0.0053,62.5,62.6527,
sp500_load075,55.2,response,500.0,75.0,496.8726,3.1387,176.2419,552.4156,75.0,75.1886,62.6572,0.4708,-0.3081,-0.0055,62.5,62.6572,
sp500_load075,55.3,response,500.0,75.0,496.8842,3.1274,176.2421,552.4173,75.0,75.1939,62.6616,0.4691,-0.3019,-0.0057,62.5,62.6616,
sp500_load075,55.4,response,500.0,75.0,496.8962,3.1158,176.2424,552.4189,75.0,75.1991,62.6659,0.4674,-0.2956,-0.0058,62.5,62.6659,
sp500_load075,55.5,response,500.0,75.0,496.9084,3.1038,176.2426,552.4205,75.0,75.2042,62.6702,0.4656,-0.2894,-0.006,62.5,62.6702,
sp500_load075,55.6,response,500.0,75.0,496.921,3.0916,176.2428,552.4221,75.0,75.2093,62.6744,0.4637,-0.2832,-0.0061,62.5,62.6744,
sp500_load075,55.7,response,500.0,75.0,496.9338,3.079,176.243,552.4237,75.0,75.2142,62.6785,0.4619,-0.2771,-0.0063,62.5,62.6785,
sp500_load075,55.8,response,500.0,75.0,496.947,3.0662,176.2433,552.4252,75.0,75.2191,62.6826,0.4599,-0.2709,-0.0064,62.5,62.6826,
sp500_load075,55.9,response,500.0,75.0,496.9604,3.053,176.2435,552.4267,75.0,75.2239,62.6865,0.458,-0.2648,-0.0066,62.5,62.6865,
sp500_load075,56.0,response,500.0,75.0,496.9741,3.0396,176.2437,552.4282,75.0,75.2286,62.6905,0.4559,-0.2588,-0.0067,62.5,62.6905,
sp500_load075,56.1,response,500.0,75.0,496.9881,3.0259,176.2438,552.4296,75.0,75.2332,62.6943,0.4539,-0.2527,-0.0069,62.5,62.6943,
sp500_load075,56.2,response,500.0,75.0,497.0024,3.0119,176.244,552.431,75.0,75.2377,62.6981,0.4518,-0.2467,-0.007,62.5,62.6981,
sp500_load075,56.3,response,500.0,75.0,497.0169,2.9976,176.2442,552.4324,75.0,75.2422,62.7018,0.4496,-0.2407,-0.0071,62.5,62.7018,
sp500_load075,56.4,response,500.0,75.0,497.0317,2.9831,176.2444,552.4338,75.0,75.2466,62.7055,0.4475,-0.2347,-0.0073,62.5,62.7055,
sp500_load075,56.5,response,500.0,75.0,497.0467,2.9683,176.2445,552.4351,75.0,75.2509,62.7091,0.4452,-0.2288,-0.0074,62.5,62.7091,
sp500_load075,56.6,response,500.0,75.0,497.062,2.9533,176.2447,552.4364,75.0,75.2551,62.7126,0.443,-0.2229,-0.0075,62.5,62.7126,
sp500_load075,56.7,response,500.0,75.0,497.0776,2.938,176.2449,552.4376,75.0,75.2592,62.716,0.4407,-0.217,-0.0077,62.5,62.716,
sp500_load075,56.8,response,500.0,75.0,497.0934,2.9224,176.245,552.4389,75.0,75.2633,62.7194,0.4384,-0.2112,-0.0078,62.5,62.7194,
sp500_load075,56.9,response,500.0,75.0,497.1094,2.9066,176.2452,552.4401,75.0,75.2673,62.7227,0.436,-0.2053,-0.0079,62.5,62.7227,
sp500_load075,57.0,response,500.0,75.0,497.1257,2.8906,176.2453,552.4413,75.0,75.2712,62.726,0.4336,-0.1996,-0.008,62.5,62.726,
sp500_load075,57.1,response,500.0,75.0,497.1422,2.8743,176.2455,552.4425,75.0,75.275,62.7292,0.4311,-0.1938,-0.0081,62.5,62.7292,
sp500_load075,57.2,response,500.0,75.0,497.1589,2.8578,176.2456,552.4436,75.0,75.2788,62.7323,0.4287,-0.1881,-0.0083,62.5,62.7323,
sp500_load075,57.3,response,500.0,75.0,497.1759,2.8411,176.2457,552.4448,75.0,75.2825,62.7354,0.4262,-0.1824,-0.0084,62.5,62.7354,
sp500_load075,57.4,response,500.0,75.0,497.1931,2.8241,176.2459,552.4459,75.0,75.286,62.7384,0.4236,-0.1768,-0.0085,62.5,62.7384,
sp500_load075,57.5,response,500.0,75.0,497.2104,2.8069,176.246,552.447,75.0,75.2896,62.7413,0.421,-0.1712,-0.0086,62.5,62.7413,
sp500_load075,57.6,response,500.0,75.0,497.228,2.7896,176.2461,552.448,75.0,75.293,62.7442,0.4184,-0.1656,-0.0087,62.5,62.7442,
sp500_load075,57.7,response,500.0,75.0,497.2458,2.772,176.2462,552.4491,75.0,75.2964,62.747,0.4158,-0.16,-0.0088,62.5,62.747,
sp500_load075,57.8,response,500.0,75.0,497.2638,2.7542,176.2463,552.4501,75.0,75.2997,62.7497,0.4131,-0.1545,-0.0089,62.5,62.7497,
sp500_load075,57.9,response,500.0,75.0,497.2819,2.7362,176.2464,552.4511,75.0,75.3029,62.7524,0.4104,-0.1491,-0.009,62.5,62.7524,
sp500_load075,58.0,response,500.0,75.0,497.3003,2.7181,176.2465,552.452,75.0,75.306,62.755,0.4077,-0.1436,-0.0091,62.5,62.755,
sp500_load075,58.1,response,500.0,75.0,497.3188,2.6997,176.2467,552.453,75.0,75.3091,62.7576,0.405,-0.1382,-0.0092,62.5,62.7576,
sp500_load075,58.2,response,500.0,75.0,497.3376,2.6812,176.2468,552.4539,75.0,75.3121,62.76,0.4022,-0.1329,-0.0093,62.5,62.76,
sp500_load075,58.3,response,500.0,75.0,497.3565,2.6624,176.2468,552.4549,75.0,75.315,62.7625,0.3994,-0.1275,-0.0094,62.5,62.7625,
sp500_load075,58.4,response,500.0,75.0,497.3755,2.6435,176.2469,552.4558,75.0,75.3178,62.7648,0.3965,-0.1222,-0.0094,62.5,62.7648,
sp500_load075,58.5,response,500.0,75.0,497.3948,2.6245,176.247,552.4567,75.0,75.3206,62.7671,0.3937,-0.117,-0.0095,62.5,62.7671,
sp500_load075,58.6,response,500.0,75.0,497.4142,2.6052,176.2471,552.4575,75.0,75.3233,62.7694,0.3908,-0.1118,-0.0096,62.5,62.7694,
sp500_load075,58.7,response,500.0,75.0,497.4337,2.5858,176.2472,552.4584,75.0,75.3259,62.7716,0.3879,-0.1066,-0.0097,62.5,62.7716,
sp500_load075,58.8,response,500.0,75.0,497.4534,2.5663,176.2473,552.4592,75.0,75.3284,62.7737,0.3849,-0.1015,-0.0098,62.5,62.7737,
sp500_load075,58.9,response,500.0,75.0,497.4733,2.5466,176.2474,552.46,75.0,75.3309,62.7757,0.382,-0.0964,-0.0099,62.5,62.7757,
sp500_load075,59.0,response,500.0,75.0,497.4933,2.5267,176.2475,552.4608,75.0,75.3333,62.7777,0.379,-0.0913,-0.0099,62.5,62.7777,
sp500_load075,59.1,response,500.0,75.0,497.5134,2.5067,176.2475,552.4616,75.0,75.3356,62.7797,0.376,-0.0863,-0.01,62.5,62.7797,
sp500_load075,59.2,response,500.0,75.0,497.5337,2.4866,176.2476,552.4624,75.0,75.3379,62.7816,0.373,-0.0813,-0.0101,62.5,62.7816,
sp500_load075,59.3,response,500.0,75.0,497.5541,2.4663,176.2477,552.4631,75.0,75.3401,62.7834,0.3699,-0.0764,-0.0101,62.5,62.7834,
sp500_load075,59.4,response,500.0,75.0,497.5746,2.4459,176.2477,552.4639,75.0,75.3422,62.7852,0.3669,-0.0715,-0.0102,62.5,62.7852,
sp500_load075,59.5,response,500.0,75.0,497.5953,2.4254,176.2478,552.4646,75.0,75.3442,62.7869,0.3638,-0.0667,-0.0103,62.5,62.7869,
sp500_load075,59.6,response,500.0,75.0,497.616,2.4047,176.2479,552.4653,75.0,75.3462,62.7885,0.3607,-0.0619,-0.0103,62.5,62.7885,
sp500_load075,59.7,response,500.0,75.0,497.6369,2.384,176.2479,552.466,75.0,75.3481,62.7901,0.3576,-0.0571,-0.0104,62.5,62.7901,
sp500_load075,59.8,response,500.0,75.0,497.6579,2.3631,176.248,552.4667,75.0,75.35,62.7916,0.3545,-0.0524,-0.0104,62.5,62.7916,
sp500_load075,59.9,response,500.0,75.0,497.679,2.3421,176.2481,552.4673,75.0,75.3518,62.7931,0.3513,-0.0477,-0.0105,62.5,62.7931,
sp500_load075,60.0,response,500.0,75.0,497.7002,2.321,176.2481,552.468,75.0,75.3535,62.7946,0.3481,-0.043,-0.0106,62.5,62.7946,
sp500_load100,0.1,baseline,500.0,60.0,500.0,0.0,165.0,540.04,60.0,60.0,50.0,0.0,0.0,0.0,50.0,50.0,
sp500_load100,0.2,baseline,500.0,60.0,500.0,0.0,165.0,540.0792,60.0,60.0,50.0,0.0,0.0,0.0,50.0,50.0,
sp500_load100,0.3,baseline,500.0,60.0,500.0,0.0,165.0,540.1176,60.0,60.0,50.0,0.0,0.0,0.0,50.0,50.0,
sp500_load100,0.4,baseline,500.0,60.0,500.0,0.0,165.0,540.1553,60.0,60.0,50.0,0.0,0.0,0.0,50.0,50.0,
sp500_load100,0.5,baseline,500.0,60.0,500.0,0.0,165.0,540.1922,60.0,60.0,50.0,0.0,0.0,0.0,50.0,50.0,
sp500_load100,0.6,baseline,500.0,60.0,500.0,0.0,165.0,540.2283,60.0,60.0,50.0,0.0,0.0,0.0,50.0,50.0,
sp500_load100,0.7,baseline,500.0,60.0,500.0,0.0,165.0,540.2637,60.0,60.0,50.0,0.0,0.0,0.0,50.0,50.0,
sp500_load100,0.8,baseline,500.0,60.0,500.0,0.0,165.0,540.2985,60.0,60.0,50.0,0.0,0.0,0.0,50.0,50.0,
sp500_load100,0.9,baseline,500.0,60.0,500.0,0.0,165.0,540.3325,60.0,60.0,50.0,0.0,0.0,0.0,50.0,50.0,
sp500_load100,1.0,baseline,500.0,60.0,500.0,0.0,165.0,540.3659,60.0,60.0,50.0,0.0,0.0,0.0,50.0,50.0,
sp500_load100,1.1,baseline,500.0,60.0,500.0,0.0,165.0,540.3985,60.0,60.0,50.0,0.0,0.0,0.0,50.0,50.0,
sp500_load100,1.2,baseline,500.0,60.0,500.0,0.0,165.0,540.4306,60.0,60.0,50.0,0.0,0.0,0.0,50.0,50.0,
sp500_load100,1.3,baseline,500.0,60.0,500.0,0.0,165.0,540.462,60.0,60.0,50.0,0.0,0.0,0.0,50.0,50.0,
sp500_load100,1.4,baseline,500.0,60.0,500.0,0.0,165.0,540.4927,60.0,60.0,50.0,0.0,0.0,0.0,50.0,50.0,
sp500_load100,1.5,baseline,500.0,60.0,500.0,0.0,165.0,540.5229,60.0,60.0,50.0,0.0,0.0,0.0,50.0,50.0,
sp500_load100,1.6,baseline,500.0,60.0,500.0,0.0,165.0,540.5524,60.0,60.0,50.0,0.0,0.0,0.0,50.0,50.0,
sp500_load100,1.7,baseline,500.0,60.0,500.0,0.0,165.0,540.5814,60.0,60.0,50.0,0.0,0.0,0.0,50.0,50.0,
sp500_load100,1.8,baseline,500.0,60.0,500.0,0.0,165.0,540.6097,60.0,60.0,50.0,0.0,0.0,0.0,50.0,50.0,
sp500_load100,1.9,baseline,500.0,60.0,500.0,0.0,165.0,540.6375,60.0,60.0,50.0,0.0,0.0,0.0,50.0,50.0,
sp500_load100,2.0,baseline,500.0,60.0,500.0,0.0,165.0,540.6648,60.0,60.0,50.0,0.0,0.0,0.0,50.0,50.0,
sp500_load100,2.1,baseline,500.0,60.0,500.0,0.0,165.0,540.6915,60.0,60.0,50.0,0.0,0.0,0.0,50.0,50.0,
sp500_load100,2.2,baseline,500.0,60.0,500.0,0.0,165.0,540.7177,60.0,60.0,50.0,0.0,0.0,0.0,50.0,50.0,
sp500_load100,2.3,baseline,500.0,60.0,500.0,0.0,165.0,540.7433,60.0,60.0,50.0,0.0,0.0,0.0,50.0,50.0,
sp500_load100,2.4,baseline,500.0,60.0,500.0,0.0,165.0,540.7684,60.0,60.0,50.0,0.0,0.0,0.0,50.0,50.0,
sp500_load100,2.5,baseline,500.0,60.0,500.0,0.0,165.0,540.7931,60.0,60.0,50.0,0.0,0.0,0.0,50.0,50.0,
sp500_load100,2.6,baseline,500.0,60.0,500.0,0.0,165.0,540.8172,60.0,60.0,50.0,0.0,0.0,0.0,50.0,50.0,
sp500_load100,2.7,baseline,500.0,60.0,500.0,0.0,165.0,540.8409,60.0,60.0,50.0,0.0,0.0,0.0,50.0,50.0,
sp500_load100,2.8,baseline,500.0,60.0,500.0,0.0,165.0,540.864,60.0,60.0,50.0,0.0,0.0,0.0,50.0,50.0,
sp500_load100,2.9,baseline,500.0,60.0,500.0,0.0,165.0,540.8868,60.0,60.0,50.0,0.0,0.0,0.0,50.0,50.0,
sp500_load100,3.0,baseline,500.0,60.0,500.0,0.0,165.0,540.909,60.0,60.0,50.0,0.0,0.0,0.0,50.0,50.0,
sp500_load100,3.1,baseline,500.0,60.0,500.0,0.0,165.0,540.9309,60.0,60.0,50.0,0.0,0.0,0.0,50.0,50.0,
sp500_load100,3.2,baseline,500.0,60.0,500.0,0.0,165.0,540.9522,60.0,60.0,50.0,0.0,0.0,0.0,50.0,50.0,
sp500_load100,3.3,baseline,500.0,60.0,500.0,0.0,165.0,540.9732,60.0,60.0,50.0,0.0,0.0,0.0,50.0,50.0,
sp500_load100,3.4,baseline,500.0,60.0,500.0,0.0,165.0,540.9937,60.0,60.0,50.0,0.0,0.0,0.0,50.0,50.0,
sp500_load100,3.5,baseline,500.0,60.0,500.0,0.0,165.0,541.0139,60.0,60.0,50.0,0.0,0.0,0.0,50.0,50.0,
sp500_load100,3.6,baseline,500.0,60.0,500.0,0.0,165.0,541.0336,60.0,60.0,50.0,0.0,0.0,0.0,50.0,50.0,
sp500_load100,3.7,baseline,500.0,60.0,500.0,0.0,165.0,541.0529,60.0,60.0,50.0,0.0,0.0,0.0,50.0,50.0,
sp500_load100,3.8,baseline,500.0,60.0,500.0,0.0,165.0,541.0718,60.0,60.0,50.0,0.0,0.0,0.0,50.0,50.0,
sp500_load100,3.9,baseline,500.0,60.0,500.0,0.0,165.0,541.0904,60.0,60.0,50.0,0.0,0.0,0.0,50.0,50.0,
sp500_load100,4.0,baseline,500.0,60.0,500.0,0.0,165.0,541.1086,60.0,60.0,50.0,0.0,0.0,0.0,50.0,50.0,
sp500_load100,4.1,baseline,500.0,60.0,500.0,0.0,165.0,541.1264,60.0,60.0,50.0,0.0,0.0,0.0,50.0,50.0,
sp500_load100,4.2,baseline,500.0,60.0,500.0,0.0,165.0,541.1439,60.0,60.0,50.0,0.0,0.0,0.0,50.0,50.0,
sp500_load100,4.3,baseline,500.0,60.0,500.0,0.0,165.0,541.161,60.0,60.0,50.0,0.0,0.0,0.0,50.0,50.0,
sp500_load100,4.4,baseline,500.0,60.0,500.0,0.0,165.0,541.1778,60.0,60.0,50.0,0.0,0.0,0.0,50.0,50.0,
sp500_load100,4.5,baseline,500.0,60.0,500.0,0.0,165.0,541.1942,60.0,60.0,50.0,0.0,0.0,0.0,50.0,50.0,
sp500_load100,4.6,baseline,500.0,60.0,500.0,0.0,165.0,541.2104,60.0,60.0,50.0,0.0,0.0,0.0,50.0,50.0,
sp500_load100,4.7,baseline,500.0,60.0,500.0,0.0,165.0,541.2262,60.0,60.0,50.0,0.0,0.0,0.0,50.0,50.0,
sp500_load100,4.8,baseline,500.0,60.0,500.0,0.0,165.0,541.2416,60.0,60.0,50.0,0.0,0.0,0.0,50.0,50.0,
sp500_load100,4.9,baseline,500.0,60.0,500.0,0.0,165.0,541.2568,60.0,60.0,50.0,0.0,0.0,0.0,50.0,50.0,
sp500_load100,5.0,baseline,500.0,60.0,500.0,0.0,165.0,541.2717,60.0,60.0,50.0,0.0,0.0,0.0,50.0,50.0,
sp500_load100,5.1,baseline,500.0,60.0,500.0,0.0,165.0,541.2862,60.0,60.0,50.0,0.0,0.0,0.0,50.0,50.0,
sp500_load100,5.2,baseline,500.0,60.0,500.0,0.0,165.0,541.3005,60.0,60.0,50.0,0.0,0.0,0.0,50.0,50.0,
sp500_load100,5.3,baseline,500.0,60.0,500.0,0.0,165.0,541.3145,60.0,60.0,50.0,0.0,0.0,0.0,50.0,50.0,
sp500_load100,5.4,baseline,500.0,60.0,500.0,0.0,165.0,541.3282,60.0,60.0,50.0,0.0,0.0,0.0,50.0,50.0,
sp500_load100,5.5,baseline,500.0,60.0,500.0,0.0,165.0,541.3416,60.0,60.0,50.0,0.0,0.0,0.0,50.0,50.0,
sp500_load100,5.6,baseline,500.0,60.0,500.0,0.0,165.0,541.3548,60.0,60.0,50.0,0.0,0.0,0.0,50.0,50.0,
sp500_load100,5.7,baseline,500.0,60.0,500.0,0.0,165.0,541.3677,60.0,60.0,50.0,0.0,0.0,0.0,50.0,50.0,
sp500_load100,5.8,baseline,500.0,60.0,500.0,0.0,165.0,541.3804,60.0,60.0,50.0,0.0,0.0,0.0,50.0,50.0,
sp500_load100,5.9,baseline,500.0,60.0,500.0,0.0,165.0,541.3927,60.0,60.0,50.0,0.0,0.0,0.0,50.0,50.0,
sp500_load100,6.0,baseline,500.0,60.0,500.0,0.0,165.0,541.4049,60.0,60.0,50.0,0.0,0.0,0.0,50.0,50.0,
sp500_load100,6.1,baseline,500.0,60.0,500.0,0.0,165.0,541.4168,60.0,60.0,50.0,0.0,0.0,0.0,50.0,50.0,
sp500_load100,6.2,baseline,500.0,60.0,500.0,0.0,165.0,541.4285,60.0,60.0,50.0,0.0,0.0,0.0,50.0,50.0,
sp500_load100,6.3,baseline,500.0,60.0,500.0,0.0,165.0,541.4399,60.0,60.0,50.0,0.0,0.0,0.0,50.0,50.0,
sp500_load100,6.4,baseline,500.0,60.0,500.0,0.0,165.0,541.4511,60.0,60.0,50.0,0.0,0.0,0.0,50.0,50.0,
sp500_load100,6.5,baseline,500.0,60.0,500.0,0.0,165.0,541.4621,60.0,60.0,50.0,0.0,0.0,0.0,50.0,50.0,
sp500_load100,6.6,baseline,500.0,60.0,500.0,0.0,165.0,541.4728,60.0,60.0,50.0,0.0,0.0,0.0,50.0,50.0,
sp500_load100,6.7,baseline,500.0,60.0,500.0,0.0,165.0,541.4834,60.0,60.0,50.0,0.0,0.0,0.0,50.0,50.0,
sp500_load100,6.8,baseline,500.0,60.0,500.0,0.0,165.0,541.4937,60.0,60.0,50.0,0.0,0.0,0.0,50.0,50.0,
sp500_load100,6.9,baseline,500.0,60.0,500.0,0.0,165.0,541.5038,60.0,60.0,50.0,0.0,0.0,0.0,50.0,50.0,
sp500_load100,7.0,baseline,500.0,60.0,500.0,0.0,165.0,541.5138,60.0,60.0,50.0,0.0,0.0,0.0,50.0,50.0,
sp500_load100,7.1,baseline,500.0,60.0,500.0,0.0,165.0,541.5235,60.0,60.0,50.0,0.0,0.0,0.0,50.0,50.0,
sp500_load100,7.2,baseline,500.0,60.0,500.0,0.0,165.0,541.533,60.0,60.0,50.0,0.0,0.0,0.0,50.0,50.0,
sp500_load100,7.3,baseline,500.0,60.0,500.0,0.0,165.0,541.5423,60.0,60.0,50.0,0.0,0.0,0.0,50.0,50.0,
sp500_load100,7.4,baseline,500.0,60.0,500.0,0.0,165.0,541.5515,60.0,60.0,50.0,0.0,0.0,0.0,50.0,50.0,
sp500_load100,7.5,baseline,500.0,60.0,500.0,0.0,165.0,541.5605,60.0,60.0,50.0,0.0,0.0,0.0,50.0,50.0,
sp500_load100,7.6,baseline,500.0,60.0,500.0,0.0,165.0,541.5693,60.0,60.0,50.0,0.0,0.0,0.0,50.0,50.0,
sp500_load100,7.7,baseline,500.0,60.0,500.0,0.0,165.0,541.5779,60.0,60.0,50.0,0.0,0.0,0.0,50.0,50.0,
sp500_load100,7.8,baseline,500.0,60.0,500.0,0.0,165.0,541.5863,60.0,60.0,50.0,0.0,0.0,0.0,50.0,50.0,
sp500_load100,7.9,baseline,500.0,60.0,500.0,0.0,165.0,541.5946,60.0,60.0,50.0,0.0,0.0,0.0,50.0,50.0,
sp500_load100,8.0,baseline,500.0,60.0,500.0,0.0,165.0,541.6027,60.0,60.0,50.0,0.0,0.0,0.0,50.0,50.0,
sp500_load100,8.1,baseline,500.0,60.0,500.0,0.0,165.0,541.6106,60.0,60.0,50.0,0.0,0.0,0.0,50.0,50.0,
sp500_load100,8.2,baseline,500.0,60.0,500.0,0.0,165.0,541.6184,60.0,60.0,50.0,0.0,0.0,0.0,50.0,50.0,
sp500_load100,8.3,baseline,500.0,60.0,500.0,0.0,165.0,541.6261,60.0,60.0,50.0,0.0,0.0,0.0,50.0,50.0,
sp500_load100,8.4,baseline,500.0,60.0,500.0,0.0,165.0,541.6335,60.0,60.0,50.0,0.0,0.0,0.0,50.0,50.0,
sp500_load100,8.5,baseline,500.0,60.0,500.0,0.0,165.0,541.6409,60.0,60.0,50.0,0.0,0.0,0.0,50.0,50.0,
sp500_load100,8.6,baseline,500.0,60.0,500.0,0.0,165.0,541.6481,60.0,60.0,50.0,0.0,0.0,0.0,50.0,50.0,
sp500_load100,8.7,baseline,500.0,60.0,500.0,0.0,165.0,541.6551,60.0,60.0,50.0,0.0,0.0,0.0,50.0,50.0,
sp500_load100,8.8,baseline,500.0,60.0,500.0,0.0,165.0,541.662,60.0,60.0,50.0,0.0,0.0,0.0,50.0,50.0,
sp500_load100,8.9,baseline,500.0,60.0,500.0,0.0,165.0,541.6688,60.0,60.0,50.0,0.0,0.0,0.0,50.0,50.0,
sp500_load100,9.0,baseline,500.0,60.0,500.0,0.0,165.0,541.6754,60.0,60.0,50.0,0.0,0.0,0.0,50.0,50.0,
sp500_load100,9.1,baseline,500.0,60.0,500.0,0.0,165.0,541.6819,60.0,60.0,50.0,0.0,0.0,0.0,50.0,50.0,
sp500_load100,9.2,baseline,500.0,60.0,500.0,0.0,165.0,541.6882,60.0,60.0,50.0,0.0,0.0,0.0,50.0,50.0,
sp500_load100,9.3,baseline,500.0,60.0,500.0,0.0,165.0,541.6945,60.0,60.0,50.0,0.0,0.0,0.0,50.0,50.0,
sp500_load100,9.4,baseline,500.0,60.0,500.0,0.0,165.0,541.7006,60.0,60.0,50.0,0.0,0.0,0.0,50.0,50.0,
sp500_load100,9.5,baseline,500.0,60.0,500.0,0.0,165.0,541.7066,60.0,60.0,50.0,0.0,0.0,0.0,50.0,50.0,
sp500_load100,9.6,baseline,500.0,60.0,500.0,0.0,165.0,541.7124,60.0,60.0,50.0,0.0,0.0,0.0,50.0,50.0,
sp500_load100,9.7,baseline,500.0,60.0,500.0,0.0,165.0,541.7182,60.0,60.0,50.0,0.0,0.0,0.0,50.0,50.0,
sp500_load100,9.8,baseline,500.0,60.0,500.0,0.0,165.0,541.7238,60.0,60.0,50.0,0.0,0.0,0.0,50.0,50.0,
sp500_load100,9.9,baseline,500.0,60.0,500.0,0.0,165.0,541.7293,60.0,60.0,50.0,0.0,0.0,0.0,50.0,50.0,
sp500_load100,10.0,baseline,500.0,60.0,500.0,0.0,165.0,541.7348,60.0,60.0,50.0,0.0,0.0,0.0,50.0,50.0,
sp500_load100,10.1,baseline,500.0,60.0,500.0,0.0,165.0,541.7401,60.0,60.0,50.0,0.0,0.0,0.0,50.0,50.0,
sp500_load100,10.2,baseline,500.0,60.0,500.0,0.0,165.0,541.7453,60.0,60.0,50.0,0.0,0.0,0.0,50.0,50.0,
sp500_load100,10.3,baseline,500.0,60.0,500.0,0.0,165.0,541.7504,60.0,60.0,50.0,0.0,0.0,0.0,50.0,50.0,
sp500_load100,10.4,baseline,500.0,60.0,500.0,0.0,165.0,541.7554,60.0,60.0,50.0,0.0,0.0,0.0,50.0,50.0,
sp500_load100,10.5,baseline,500.0,60.0,500.0,0.0,165.0,541.7602,60.0,60.0,50.0,0.0,0.0,0.0,50.0,50.0,
sp500_load100,10.6,baseline,500.0,60.0,500.0,0.0,165.0,541.765,60.0,60.0,50.0,0.0,0.0,0.0,50.0,50.0,
sp500_load100,10.7,baseline,500.0,60.0,500.0,0.0,165.0,541.7697,60.0,60.0,50.0,0.0,0.0,0.0,50.0,50.0,
sp500_load100,10.8,baseline,500.0,60.0,500.0,0.0,165.0,541.7743,60.0,60.0,50.0,0.0,0.0,0.0,50.0,50.0,
sp500_load100,10.9,baseline,500.0,60.0,500.0,0.0,165.0,541.7789,60.0,60.0,50.0,0.0,0.0,0.0,50.0,50.0,
sp500_load100,11.0,baseline,500.0,60.0,500.0,0.0,165.0,541.7833,60.0,60.0,50.0,0.0,0.0,0.0,50.0,50.0,
sp500_load100,11.1,baseline,500.0,60.0,500.0,0.0,165.0,541.7876,60.0,60.0,50.0,0.0,0.0,0.0,50.0,50.0,
sp500_load100,11.2,baseline,500.0,60.0,500.0,0.0,165.0,541.7919,60.0,60.0,50.0,0.0,0.0,0.0,50.0,50.0,
sp500_load100,11.3,baseline,500.0,60.0,500.0,0.0,165.0,541.796,60.0,60.0,50.0,0.0,0.0,0.0,50.0,50.0,
sp500_load100,11.4,baseline,500.0,60.0,500.0,0.0,165.0,541.8001,60.0,60.0,50.0,0.0,0.0,0.0,50.0,50.0,
sp500_load100,11.5,baseline,500.0,60.0,500.0,0.0,165.0,541.8041,60.0,60.0,50.0,0.0,0.0,0.0,50.0,50.0,
sp500_load100,11.6,baseline,500.0,60.0,500.0,0.0,165.0,541.808,60.0,60.0,50.0,0.0,0.0,0.0,50.0,50.0,
sp500_load100,11.7,baseline,500.0,60.0,500.0,0.0,165.0,541.8119,60.0,60.0,50.0,0.0,0.0,0.0,50.0,50.0,
sp500_load100,11.8,baseline,500.0,60.0,500.0,0.0,165.0,541.8156,60.0,60.0,50.0,0.0,0.0,0.0,50.0,50.0,
sp500_load100,11.9,baseline,500.0,60.0,500.0,0.0,165.0,541.8193,60.0,60.0,50.0,0.0,0.0,0.0,50.0,50.0,
sp500_load100,12.0,baseline,500.0,60.0,500.0,0.0,165.0,541.8229,60.0,60.0,50.0,0.0,0.0,0.0,50.0,50.0,
sp500_load100,12.1,baseline,500.0,60.0,500.0,0.0,165.0,541.8265,60.0,60.0,50.0,0.0,0.0,0.0,50.0,50.0,
sp500_load100,12.2,baseline,500.0,60.0,500.0,0.0,165.0,541.8299,60.0,60.0,50.0,0.0,0.0,0.0,50.0,50.0,
sp500_load100,12.3,baseline,500.0,60.0,500.0,0.0,165.0,541.8333,60.0,60.0,50.0,0.0,0.0,0.0,50.0,50.0,
sp500_load100,12.4,baseline,500.0,60.0,500.0,0.0,165.0,541.8367,60.0,60.0,50.0,0.0,0.0,0.0,50.0,50.0,
sp500_load100,12.5,baseline,500.0,60.0,500.0,0.0,165.0,541.8399,60.0,60.0,50.0,0.0,0.0,0.0,50.0,50.0,
sp500_load100,12.6,baseline,500.0,60.0,500.0,0.0,165.0,541.8431,60.0,60.0,50.0,0.0,0.0,0.0,50.0,50.0,
sp500_load100,12.7,baseline,500.0,60.0,500.0,0.0,165.0,541.8463,60.0,60.0,50.0,0.0,0.0,0.0,50.0,50.0,
sp500_load100,12.8,baseline,500.0,60.0,500.0,0.0,165.0,541.8494,60.0,60.0,50.0,0.0,0.0,0.0,50.0,50.0,
sp500_load100,12.9,baseline,500.0,60.0,500.0,0.0,165.0,541.8524,60.0,60.0,50.0,0.0,0.0,0.0,50.0,50.0,
sp500_load100,13.0,baseline,500.0,60.0,500.0,0.0,165.0,541.8553,60.0,60.0,50.0,0.0,0.0,0.0,50.0,50.0,
sp500_load100,13.1,baseline,500.0,60.0,500.0,0.0,165.0,541.8582,60.0,60.0,50.0,0.0,0.0,0.0,50.0,50.0,
sp500_load100,13.2,baseline,500.0,60.0,500.0,0.0,165.0,541.861,60.0,60.0,50.0,0.0,0.0,0.0,50.0,50.0,
sp500_load100,13.3,baseline,500.0,60.0,500.0,0.0,165.0,541.8638,60.0,60.0,50.0,0.0,0.0,0.0,50.0,50.0,
sp500_load100,13.4,baseline,500.0,60.0,500.0,0.0,165.0,541.8665,60.0,60.0,50.0,0.0,0.0,0.0,50.0,50.0,
sp500_load100,13.5,baseline,500.0,60.0,500.0,0.0,165.0,541.8692,60.0,60.0,50.0,0.0,0.0,0.0,50.0,50.0,
sp500_load100,13.6,baseline,500.0,60.0,500.0,0.0,165.0,541.8718,60.0,60.0,50.0,0.0,0.0,0.0,50.0,50.0,
sp500_load100,13.7,baseline,500.0,60.0,500.0,0.0,165.0,541.8744,60.0,60.0,50.0,0.0,0.0,0.0,50.0,50.0,
sp500_load100,13.8,baseline,500.0,60.0,500.0,0.0,165.0,541.8769,60.0,60.0,50.0,0.0,0.0,0.0,50.0,50.0,
sp500_load100,13.9,baseline,500.0,60.0,500.0,0.0,165.0,541.8794,60.0,60.0,50.0,0.0,0.0,0.0,50.0,50.0,
sp500_load100,14.0,baseline,500.0,60.0,500.0,0.0,165.0,541.8818,60.0,60.0,50.0,0.0,0.0,0.0,50.0,50.0,
sp500_load100,14.1,baseline,500.0,60.0,500.0,0.0,165.0,541.8841,60.0,60.0,50.0,0.0,0.0,0.0,50.0,50.0,
sp500_load100,14.2,baseline,500.0,60.0,500.0,0.0,165.0,541.8865,60.0,60.0,50.0,0.0,0.0,0.0,50.0,50.0,
sp500_load100,14.3,baseline,500.0,60.0,500.0,0.0,165.0,541.8887,60.0,60.0,50.0,0.0,0.0,0.0,50.0,50.0,
sp500_load100,14.4,baseline,500.0,60.0,500.0,0.0,165.0,541.891,60.0,60.0,50.0,0.0,0.0,0.0,50.0,50.0,
sp500_load100,14.5,baseline,500.0,60.0,500.0,0.0,165.0,541.8931,60.0,60.0,50.0,0.0,0.0,0.0,50.0,50.0,
sp500_load100,14.6,baseline,500.0,60.0,500.0,0.0,165.0,541.8953,60.0,60.0,50.0,0.0,0.0,0.0,50.0,50.0,
sp500_load100,14.7,baseline,500.0,60.0,500.0,0.0,165.0,541.8974,60.0,60.0,50.0,0.0,0.0,0.0,50.0,50.0,
sp500_load100,14.8,baseline,500.0,60.0,500.0,0.0,165.0,541.8994,60.0,60.0,50.0,0.0,0.0,0.0,50.0,50.0,
sp500_load100,14.9,baseline,500.0,60.0,500.0,0.0,165.0,541.9014,60.0,60.0,50.0,0.0,0.0,0.0,50.0,50.0,
sp500_load100,15.0,baseline,500.0,60.0,500.0,0.0,165.0,541.9034,60.0,60.0,50.0,0.0,0.0,0.0,50.0,50.0,
sp500_load100,15.1,baseline,500.0,60.0,500.0,0.0,165.0,541.9053,60.0,60.0,50.0,0.0,0.0,0.0,50.0,50.0,
sp500_load100,15.2,baseline,500.0,60.0,500.0,0.0,165.0,541.9072,60.0,60.0,50.0,0.0,0.0,0.0,50.0,50.0,
sp500_load100,15.3,baseline,500.0,60.0,500.0,0.0,165.0,541.9091,60.0,60.0,50.0,0.0,0.0,0.0,50.0,50.0,
sp500_load100,15.4,baseline,500.0,60.0,500.0,0.0,165.0,541.9109,60.0,60.0,50.0,0.0,0.0,0.0,50.0,50.0,
sp500_load100,15.5,baseline,500.0,60.0,500.0,0.0,165.0,541.9127,60.0,60.0,50.0,0.0,0.0,0.0,50.0,50.0,
sp500_load100,15.6,baseline,500.0,60.0,500.0,0.0,165.0,541.9144,60.0,60.0,50.0,0.0,0.0,0.0,50.0,50.0,
sp500_load100,15.7,baseline,500.0,60.0,500.0,0.0,165.0,541.9161,60.0,60.0,50.0,0.0,0.0,0.0,50.0,50.0,
sp500_load100,15.8,baseline,500.0,60.0,500.0,0.0,165.0,541.9178,60.0,60.0,50.0,0.0,0.0,0.0,50.0,50.0,
sp500_load100,15.9,baseline,500.0,60.0,500.0,0.0,165.0,541.9195,60.0,60.0,50.0,0.0,0.0,0.0,50.0,50.0,
sp500_load100,16.0,baseline,500.0,60.0,500.0,0.0,165.0,541.9211,60.0,60.0,50.0,0.0,0.0,0.0,50.0,50.0,
sp500_load100,16.1,baseline,500.0,60.0,500.0,0.0,165.0,541.9227,60.0,60.0,50.0,0.0,0.0,0.0,50.0,50.0,
sp500_load100,16.2,baseline,500.0,60.0,500.0,0.0,165.0,541.9242,60.0,60.0,50.0,0.0,0.0,0.0,50.0,50.0,
sp500_load100,16.3,baseline,500.0,60.0,500.0,0.0,165.0,541.9257,60.0,60.0,50.0,0.0,0.0,0.0,50.0,50.0,
sp500_load100,16.4,baseline,500.0,60.0,500.0,0.0,165.0,541.9272,60.0,60.0,50.0,0.0,0.0,0.0,50.0,50.0,
sp500_load100,16.5,baseline,500.0,60.0,500.0,0.0,165.0,541.9287,60.0,60.0,50.0,0.0,0.0,0.0,50.0,50.0,
sp500_load100,16.6,baseline,500.0,60.0,500.0,0.0,165.0,541.9301,60.0,60.0,50.0,0.0,0.0,0.0,50.0,50.0,
sp500_load100,16.7,baseline,500.0,60.0,500.0,0.0,165.0,541.9315,60.0,60.0,50.0,0.0,0.0,0.0,50.0,50.0,
sp500_load100,16.8,baseline,500.0,60.0,500.0,0.0,165.0,541.9329,60.0,60.0,50.0,0.0,0.0,0.0,50.0,50.0,
sp500_load100,16.9,baseline,500.0,60.0,500.0,0.0,165.0,541.9342,60.0,60.0,50.0,0.0,0.0,0.0,50.0,50.0,
sp500_load100,17.0,baseline,500.0,60.0,500.0,0.0,165.0,541.9355,60.0,60.0,50.0,0.0,0.0,0.0,50.0,50.0,
sp500_load100,17.1,baseline,500.0,60.0,500.0,0.0,165.0,541.9368,60.0,60.0,50.0,0.0,0.0,0.0,50.0,50.0,
sp500_load100,17.2,baseline,500.0,60.0,500.0,0.0,165.0,541.9381,60.0,60.0,50.0,0.0,0.0,0.0,50.0,50.0,
sp500_load100,17.3,baseline,500.0,60.0,500.0,0.0,165.0,541.9393,60.0,60.0,50.0,0.0,0.0,0.0,50.0,50.0,
sp500_load100,17.4,baseline,500.0,60.0,500.0,0.0,165.0,541.9405,60.0,60.0,50.0,0.0,0.0,0.0,50.0,50.0,
sp500_load100,17.5,baseline,500.0,60.0,500.0,0.0,165.0,541.9417,60.0,60.0,50.0,0.0,0.0,0.0,50.0,50.0,
sp500_load100,17.6,baseline,500.0,60.0,500.0,0.0,165.0,541.9429,60.0,60.0,50.0,0.0,0.0,0.0,50.0,50.0,
sp500_load100,17.7,baseline,500.0,60.0,500.0,0.0,165.0,541.944,60.0,60.0,50.0,0.0,0.0,0.0,50.0,50.0,
sp500_load100,17.8,baseline,500.0,60.0,500.0,0.0,165.0,541.9451,60.0,60.0,50.0,0.0,0.0,0.0,50.0,50.0,
sp500_load100,17.9,baseline,500.0,60.0,500.0,0.0,165.0,541.9462,60.0,60.0,50.0,0.0,0.0,0.0,50.0,50.0,
sp500_load100,18.0,baseline,500.0,60.0,500.0,0.0,165.0,541.9473,60.0,60.0,50.0,0.0,0.0,0.0,50.0,50.0,
sp500_load100,18.1,baseline,500.0,60.0,500.0,0.0,165.0,541.9484,60.0,60.0,50.0,0.0,0.0,0.0,50.0,50.0,
sp500_load100,18.2,baseline,500.0,60.0,500.0,0.0,165.0,541.9494,60.0,60.0,50.0,0.0,0.0,0.0,50.0,50.0,
sp500_load100,18.3,baseline,500.0,60.0,500.0,0.0,165.0,541.9504,60.0,60.0,50.0,0.0,0.0,0.0,50.0,50.0,
sp500_load100,18.4,baseline,500.0,60.0,500.0,0.0,165.0,541.9514,60.0,60.0,50.0,0.0,0.0,0.0,50.0,50.0,
sp500_load100,18.5,baseline,500.0,60.0,500.0,0.0,165.0,541.9524,60.0,60.0,50.0,0.0,0.0,0.0,50.0,50.0,
sp500_load100,18.6,baseline,500.0,60.0,500.0,0.0,165.0,541.9533,60.0,60.0,50.0,0.0,0.0,0.0,50.0,50.0,
sp500_load100,18.7,baseline,500.0,60.0,500.0,0.0,165.0,541.9543,60.0,60.0,50.0,0.0,0.0,0.0,50.0,50.0,
sp500_load100,18.8,baseline,500.0,60.0,500.0,0.0,165.0,541.9552,60.0,60.0,50.0,0.0,0.0,0.0,50.0,50.0,
sp500_load100,18.9,baseline,500.0,60.0,500.0,0.0,165.0,541.9561,60.0,60.0,50.0,0.0,0.0,0.0,50.0,50.0,
sp500_load100,19.0,baseline,500.0,60.0,500.0,0.0,165.0,541.9569,60.0,60.0,50.0,0.0,0.0,0.0,50.0,50.0,
sp500_load100,19.1,baseline,500.0,60.0,500.0,0.0,165.0,541.9578,60.0,60.0,50.0,0.0,0.0,0.0,50.0,50.0,
sp500_load100,19.2,baseline,500.0,60.0,500.0,0.0,165.0,541.9587,60.0,60.0,50.0,0.0,0.0,0.0,50.0,50.0,
sp500_load100,19.3,baseline,500.0,60.0,500.0,0.0,165.0,541.9595,60.0,60.0,50.0,0.0,0.0,0.0,50.0,50.0,
sp500_load100,19.4,baseline,500.0,60.0,500.0,0.0,165.0,541.9603,60.0,60.0,50.0,0.0,0.0,0.0,50.0,50.0,
sp500_load100,19.5,baseline,500.0,60.0,500.0,0.0,165.0,541.9611,60.0,60.0,50.0,0.0,0.0,0.0,50.0,50.0,
sp500_load100,19.6,baseline,500.0,60.0,500.0,0.0,165.0,541.9619,60.0,60.0,50.0,0.0,0.0,0.0,50.0,50.0,
sp500_load100,19.7,baseline,500.0,60.0,500.0,0.0,165.0,541.9626,60.0,60.0,50.0,0.0,0.0,0.0,50.0,50.0,
sp500_load100,19.8,baseline,500.0,60.0,500.0,0.0,165.0,541.9634,60.0,60.0,50.0,0.0,0.0,0.0,50.0,50.0,
sp500_load100,19.9,baseline,500.0,60.0,500.0,0.0,165.0,541.9641,60.0,60.0,50.0,0.0,0.0,0.0,50.0,50.0,
sp500_load100,20.0,baseline,500.0,60.0,500.0,0.0,165.0,541.9648,60.0,60.0,50.0,0.0,0.0,0.0,50.0,50.0,
sp500_load100,20.1,baseline,500.0,60.0,500.0,0.0,165.0,541.9655,60.0,60.0,50.0,0.0,0.0,0.0,50.0,50.0,
sp500_load100,20.2,baseline,500.0,60.0,500.0,0.0,165.0,541.9662,60.0,60.0,50.0,0.0,0.0,0.0,50.0,50.0,
sp500_load100,20.3,baseline,500.0,60.0,500.0,0.0,165.0,541.9669,60.0,60.0,50.0,0.0,0.0,0.0,50.0,50.0,
sp500_load100,20.4,baseline,500.0,60.0,500.0,0.0,165.0,541.9676,60.0,60.0,50.0,0.0,0.0,0.0,50.0,50.0,
sp500_load100,20.5,baseline,500.0,60.0,500.0,0.0,165.0,541.9682,60.0,60.0,50.0,0.0,0.0,0.0,50.0,50.0,
sp500_load100,20.6,baseline,500.0,60.0,500.0,0.0,165.0,541.9688,60.0,60.0,50.0,0.0,0.0,0.0,50.0,50.0,
sp500_load100,20.7,baseline,500.0,60.0,500.0,0.0,165.0,541.9695,60.0,60.0,50.0,0.0,0.0,0.0,50.0,50.0,
sp500_load100,20.8,baseline,500.0,60.0,500.0,0.0,165.0,541.9701,60.0,60.0,50.0,0.0,0.0,0.0,50.0,50.0,
sp500_load100,20.9,baseline,500.0,60.0,500.0,0.0,165.0,541.9707,60.0,60.0,50.0,0.0,0.0,0.0,50.0,50.0,
sp500_load100,21.0,baseline,500.0,60.0,500.0,0.0,165.0,541.9713,60.0,60.0,50.0,0.0,0.0,0.0,50.0,50.0,
sp500_load100,21.1,baseline,500.0,60.0,500.0,0.0,165.0,541.9718,60.0,60.0,50.0,0.0,0.0,0.0,50.0,50.0,
sp500_load100,21.2,baseline,500.0,60.0,500.0,0.0,165.0,541.9724,60.0,60.0,50.0,0.0,0.0,0.0,50.0,50.0,
sp500_load100,21.3,baseline,500.0,60.0,500.0,0.0,165.0,541.9729,60.0,60.0,50.0,0.0,0.0,0.0,50.0,50.0,
sp500_load100,21.4,baseline,500.0,60.0,500.0,0.0,165.0,541.9735,60.0,60.0,50.0,0.0,0.0,0.0,50.0,50.0,
sp500_load100,21.5,baseline,500.0,60.0,500.0,0.0,165.0,541.974,60.0,60.0,50.0,0.0,0.0,0.0,50.0,50.0,
sp500_load100,21.6,baseline,500.0,60.0,500.0,0.0,165.0,541.9745,60.0,60.0,50.0,0.0,0.0,0.0,50.0,50.0,
sp500_load100,21.7,baseline,500.0,60.0,500.0,0.0,165.0,541.975,60.0,60.0,50.0,0.0,0.0,0.0,50.0,50.0,
sp500_load100,21.8,baseline,500.0,60.0,500.0,0.0,165.0,541.9755,60.0,60.0,50.0,0.0,0.0,0.0,50.0,50.0,
sp500_load100,21.9,baseline,500.0,60.0,500.0,0.0,165.0,541.976,60.0,60.0,50.0,0.0,0.0,0.0,50.0,50.0,
sp500_load100,22.0,baseline,500.0,60.0,500.0,0.0,165.0,541.9765,60.0,60.0,50.0,0.0,0.0,0.0,50.0,50.0,
sp500_load100,22.1,baseline,500.0,60.0,500.0,0.0,165.0,541.977,60.0,60.0,50.0,0.0,0.0,0.0,50.0,50.0,
sp500_load100,22.2,baseline,500.0,60.0,500.0,0.0,165.0,541.9774,60.0,60.0,50.0,0.0,0.0,0.0,50.0,50.0,
sp500_load100,22.3,baseline,500.0,60.0,500.0,0.0,165.0,541.9779,60.0,60.0,50.0,0.0,0.0,0.0,50.0,50.0,
sp500_load100,22.4,baseline,500.0,60.0,500.0,0.0,165.0,541.9783,60.0,60.0,50.0,0.0,0.0,0.0,50.0,50.0,
sp500_load100,22.5,baseline,500.0,60.0,500.0,0.0,165.0,541.9788,60.0,60.0,50.0,0.0,0.0,0.0,50.0,50.0,
sp500_load100,22.6,baseline,500.0,60.0,500.0,0.0,165.0,541.9792,60.0,60.0,50.0,0.0,0.0,0.0,50.0,50.0,
sp500_load100,22.7,baseline,500.0,60.0,500.0,0.0,165.0,541.9796,60.0,60.0,50.0,0.0,0.0,0.0,50.0,50.0,
sp500_load100,22.8,baseline,500.0,60.0,500.0,0.0,165.0,541.98,60.0,60.0,50.0,0.0,0.0,0.0,50.0,50.0,
sp500_load100,22.9,baseline,500.0,60.0,500.0,0.0,165.0,541.9804,60.0,60.0,50.0,0.0,0.0,0.0,50.0,50.0,
sp500_load100,23.0,baseline,500.0,60.0,500.0,0.0,165.0,541.9808,60.0,60.0,50.0,0.0,0.0,0.0,50.0,50.0,
sp500_load100,23.1,baseline,500.0,60.0,500.0,0.0,165.0,541.9812,60.0,60.0,50.0,0.0,0.0,0.0,50.0,50.0,
sp500_load100,23.2,baseline,500.0,60.0,500.0,0.0,165.0,541.9816,60.0,60.0,50.0,0.0,0.0,0.0,50.0,50.0,
sp500_load100,23.3,baseline,500.0,60.0,500.0,0.0,165.0,541.9819,60.0,60.0,50.0,0.0,0.0,0.0,50.0,50.0,
sp500_load100,23.4,baseline,500.0,60.0,500.0,0.0,165.0,541.9823,60.0,60.0,50.0,0.0,0.0,0.0,50.0,50.0,
sp500_load100,23.5,baseline,500.0,60.0,500.0,0.0,165.0,541.9827,60.0,60.0,50.0,0.0,0.0,0.0,50.0,50.0,
sp500_load100,23.6,baseline,500.0,60.0,500.0,0.0,165.0,541.983,60.0,60.0,50.0,0.0,0.0,0.0,50.0,50.0,
sp500_load100,23.7,baseline,500.0,60.0,500.0,0.0,165.0,541.9833,60.0,60.0,50.0,0.0,0.0,0.0,50.0,50.0,
sp500_load100,23.8,baseline,500.0,60.0,500.0,0.0,165.0,541.9837,60.0,60.0,50.0,0.0,0.0,0.0,50.0,50.0,
sp500_load100,23.9,baseline,500.0,60.0,500.0,0.0,165.0,541.984,60.0,60.0,50.0,0.0,0.0,0.0,50.0,50.0,
sp500_load100,24.0,baseline,500.0,60.0,500.0,0.0,165.0,541.9843,60.0,60.0,50.0,0.0,0.0,0.0,50.0,50.0,
sp500_load100,24.1,baseline,500.0,60.0,500.0,0.0,165.0,541.9846,60.0,60.0,50.0,0.0,0.0,0.0,50.0,50.0,
sp500_load100,24.2,baseline,500.0,60.0,500.0,0.0,165.0,541.9849,60.0,60.0,50.0,0.0,0.0,0.0,50.0,50.0,
sp500_load100,24.3,baseline,500.0,60.0,500.0,0.0,165.0,541.9852,60.0,60.0,50.0,0.0,0.0,0.0,50.0,50.0,
sp500_load100,24.4,baseline,500.0,60.0,500.0,0.0,165.0,541.9855,60.0,60.0,50.0,0.0,0.0,0.0,50.0,50.0,
sp500_load100,24.5,baseline,500.0,60.0,500.0,0.0,165.0,541.9858,60.0,60.0,50.0,0.0,0.0,0.0,50.0,50.0,
sp500_load100,24.6,baseline,500.0,60.0,500.0,0.0,165.0,541.9861,60.0,60.0,50.0,0.0,0.0,0.0,50.0,50.0,
sp500_load100,24.7,baseline,500.0,60.0,500.0,0.0,165.0,541.9864,60.0,60.0,50.0,0.0,0.0,0.0,50.0,50.0,
sp500_load100,24.8,baseline,500.0,60.0,500.0,0.0,165.0,541.9867,60.0,60.0,50.0,0.0,0.0,0.0,50.0,50.0,
sp500_load100,24.9,baseline,500.0,60.0,500.0,0.0,165.0,541.9869,60.0,60.0,50.0,0.0,0.0,0.0,50.0,50.0,
sp500_load100,25.0,baseline,500.0,60.0,500.0,0.0,165.0,541.9872,60.0,60.0,50.0,0.0,0.0,0.0,50.0,50.0,
sp500_load100,25.1,baseline,500.0,60.0,500.0,0.0,165.0,541.9874,60.0,60.0,50.0,0.0,0.0,0.0,50.0,50.0,
sp500_load100,25.2,baseline,500.0,60.0,500.0,0.0,165.0,541.9877,60.0,60.0,50.0,0.0,0.0,0.0,50.0,50.0,
sp500_load100,25.3,baseline,500.0,60.0,500.0,0.0,165.0,541.9879,60.0,60.0,50.0,0.0,0.0,0.0,50.0,50.0,
sp500_load100,25.4,baseline,500.0,60.0,500.0,0.0,165.0,541.9882,60.0,60.0,50.0,0.0,0.0,0.0,50.0,50.0,
sp500_load100,25.5,baseline,500.0,60.0,500.0,0.0,165.0,541.9884,60.0,60.0,50.0,0.0,0.0,0.0,50.0,50.0,
sp500_load100,25.6,baseline,500.0,60.0,500.0,0.0,165.0,541.9887,60.0,60.0,50.0,0.0,0.0,0.0,50.0,50.0,
sp500_load100,25.7,baseline,500.0,60.0,500.0,0.0,165.0,541.9889,60.0,60.0,50.0,0.0,0.0,0.0,50.0,50.0,
sp500_load100,25.8,baseline,500.0,60.0,500.0,0.0,165.0,541.9891,60.0,60.0,50.0,0.0,0.0,0.0,50.0,50.0,
sp500_load100,25.9,baseline,500.0,60.0,500.0,0.0,165.0,541.9893,60.0,60.0,50.0,0.0,0.0,0.0,50.0,50.0,
sp500_load100,26.0,baseline,500.0,60.0,500.0,0.0,165.0,541.9895,60.0,60.0,50.0,0.0,0.0,0.0,50.0,50.0,
sp500_load100,26.1,baseline,500.0,60.0,500.0,0.0,165.0,541.9897,60.0,60.0,50.0,0.0,0.0,0.0,50.0,50.0,
sp500_load100,26.2,baseline,500.0,60.0,500.0,0.0,165.0,541.9899,60.0,60.0,50.0,0.0,0.0,0.0,50.0,50.0,
sp500_load100,26.3,baseline,500.0,60.0,500.0,0.0,165.0,541.9901,60.0,60.0,50.0,0.0,0.0,0.0,50.0,50.0,
sp500_load100,26.4,baseline,500.0,60.0,500.0,0.0,165.0,541.9903,60.0,60.0,50.0,0.0,0.0,0.0,50.0,50.0,
sp500_load100,26.5,baseline,500.0,60.0,500.0,0.0,165.0,541.9905,60.0,60.0,50.0,0.0,0.0,0.0,50.0,50.0,
sp500_load100,26.6,baseline,500.0,60.0,500.0,0.0,165.0,541.9907,60.0,60.0,50.0,0.0,0.0,0.0,50.0,50.0,
sp500_load100,26.7,baseline,500.0,60.0,500.0,0.0,165.0,541.9909,60.0,60.0,50.0,0.0,0.0,0.0,50.0,50.0,
sp500_load100,26.8,baseline,500.0,60.0,500.0,0.0,165.0,541.9911,60.0,60.0,50.0,0.0,0.0,0.0,50.0,50.0,
sp500_load100,26.9,baseline,500.0,60.0,500.0,0.0,165.0,541.9913,60.0,60.0,50.0,0.0,0.0,0.0,50.0,50.0,
sp500_load100,27.0,baseline,500.0,60.0,500.0,0.0,165.0,541.9914,60.0,60.0,50.0,0.0,0.0,0.0,50.0,50.0,
sp500_load100,27.1,baseline,500.0,60.0,500.0,0.0,165.0,541.9916,60.0,60.0,50.0,0.0,0.0,0.0,50.0,50.0,
sp500_load100,27.2,baseline,500.0,60.0,500.0,0.0,165.0,541.9918,60.0,60.0,50.0,0.0,0.0,0.0,50.0,50.0,
sp500_load100,27.3,baseline,500.0,60.0,500.0,0.0,165.0,541.992,60.0,60.0,50.0,0.0,0.0,0.0,50.0,50.0,
sp500_load100,27.4,baseline,500.0,60.0,500.0,0.0,165.0,541.9921,60.0,60.0,50.0,0.0,0.0,0.0,50.0,50.0,
sp500_load100,27.5,baseline,500.0,60.0,500.0,0.0,165.0,541.9923,60.0,60.0,50.0,0.0,0.0,0.0,50.0,50.0,
sp500_load100,27.6,baseline,500.0,60.0,500.0,0.0,165.0,541.9924,60.0,60.0,50.0,0.0,0.0,0.0,50.0,50.0,
sp500_load100,27.7,baseline,500.0,60.0,500.0,0.0,165.0,541.9926,60.0,60.0,50.0,0.0,0.0,0.0,50.0,50.0,
sp500_load100,27.8,baseline,500.0,60.0,500.0,0.0,165.0,541.9927,60.0,60.0,50.0,0.0,0.0,0.0,50.0,50.0,
sp500_load100,27.9,baseline,500.0,60.0,500.0,0.0,165.0,541.9929,60.0,60.0,50.0,0.0,0.0,0.0,50.0,50.0,
sp500_load100,28.0,baseline,500.0,60.0,500.0,0.0,165.0,541.993,60.0,60.0,50.0,0.0,0.0,0.0,50.0,50.0,
sp500_load100,28.1,baseline,500.0,60.0,500.0,0.0,165.0,541.9932,60.0,60.0,50.0,0.0,0.0,0.0,50.0,50.0,
sp500_load100,28.2,baseline,500.0,60.0,500.0,0.0,165.0,541.9933,60.0,60.0,50.0,0.0,0.0,0.0,50.0,50.0,
sp500_load100,28.3,baseline,500.0,60.0,500.0,0.0,165.0,541.9934,60.0,60.0,50.0,0.0,0.0,0.0,50.0,50.0,
sp500_load100,28.4,baseline,500.0,60.0,500.0,0.0,165.0,541.9936,60.0,60.0,50.0,0.0,0.0,0.0,50.0,50.0,
sp500_load100,28.5,baseline,500.0,60.0,500.0,0.0,165.0,541.9937,60.0,60.0,50.0,0.0,0.0,0.0,50.0,50.0,
sp500_load100,28.6,baseline,500.0,60.0,500.0,0.0,165.0,541.9938,60.0,60.0,50.0,0.0,0.0,0.0,50.0,50.0,
sp500_load100,28.7,baseline,500.0,60.0,500.0,0.0,165.0,541.9939,60.0,60.0,50.0,0.0,0.0,0.0,50.0,50.0,
sp500_load100,28.8,baseline,500.0,60.0,500.0,0.0,165.0,541.9941,60.0,60.0,50.0,0.0,0.0,0.0,50.0,50.0,
sp500_load100,28.9,baseline,500.0,60.0,500.0,0.0,165.0,541.9942,60.0,60.0,50.0,0.0,0.0,0.0,50.0,50.0,
sp500_load100,29.0,baseline,500.0,60.0,500.0,0.0,165.0,541.9943,60.0,60.0,50.0,0.0,0.0,0.0,50.0,50.0,
sp500_load100,29.1,baseline,500.0,60.0,500.0,0.0,165.0,541.9944,60.0,60.0,50.0,0.0,0.0,0.0,50.0,50.0,
sp500_load100,29.2,baseline,500.0,60.0,500.0,0.0,165.0,541.9945,60.0,60.0,50.0,0.0,0.0,0.0,50.0,50.0,
sp500_load100,29.3,baseline,500.0,60.0,500.0,0.0,165.0,541.9946,60.0,60.0,50.0,0.0,0.0,0.0,50.0,50.0,
sp500_load100,29.4,baseline,500.0,60.0,500.0,0.0,165.0,541.9947,60.0,60.0,50.0,0.0,0.0,0.0,50.0,50.0,
sp500_load100,29.5,baseline,500.0,60.0,500.0,0.0,165.0,541.9948,60.0,60.0,50.0,0.0,0.0,0.0,50.0,50.0,
sp500_load100,29.6,baseline,500.0,60.0,500.0,0.0,165.0,541.9949,60.0,60.0,50.0,0.0,0.0,0.0,50.0,50.0,
sp500_load100,29.7,baseline,500.0,60.0,500.0,0.0,165.0,541.995,60.0,60.0,50.0,0.0,0.0,0.0,50.0,50.0,
sp500_load100,29.8,baseline,500.0,60.0,500.0,0.0,165.0,541.9951,60.0,60.0,50.0,0.0,0.0,0.0,50.0,50.0,
sp500_load100,29.9,baseline,500.0,60.0,500.0,0.0,165.0,541.9952,60.0,60.0,50.0,0.0,0.0,0.0,50.0,50.0,
sp500_load100,30.0,baseline,500.0,60.0,500.0,0.0,165.0,541.9953,60.0,60.0,50.0,0.0,0.0,0.0,50.0,50.0,
sp500_load100,30.1,response,500.0,100.0,502.208,0.0,165.072,542.0402,63.2,100.0,83.3333,0.0,0.0,0.0,83.3333,83.3333,
sp500_load100,30.2,response,500.0,100.0,504.1357,-2.208,165.2081,542.1254,66.144,98.2725,81.8937,-0.3312,-0.0044,-1.104,83.3333,81.8937,
sp500_load100,30.3,response,500.0,100.0,505.8896,-4.1357,165.401,542.2469,68.8525,98.0837,81.7364,-0.6204,-0.0127,-0.9639,83.3333,81.7364,
sp500_load100,30.4,response,500.0,100.0,507.4804,-5.8896,165.6442,542.4007,71.3443,97.8582,81.5485,-0.8834,-0.0245,-0.8769,83.3333,81.5485,
sp500_load100,30.5,response,500.0,100.0,508.9213,-7.4804,165.9317,542.5836,73.6367,97.6517,81.3764,-1.1221,-0.0394,-0.7954,83.3333,81.3764,
sp500_load100,30.6,response,500.0,100.0,510.2242,-8.9213,166.2581,542.7924,75.7458,97.4609,81.2174,-1.3382,-0.0573,-0.7204,83.3333,81.2174,
sp500_load100,30.7,response,500.0,100.0,511.4001,-10.2242,166.6183,543.0242,77.6861,97.2846,81.0705,-1.5336,-0.0777,-0.6515,83.3333,81.0705,
sp500_load100,30.8,response,500.0,100.0,512.4592,-11.4001,167.0078,543.2763,79.4712,97.1218,80.9348,-1.71,-0.1005,-0.588,83.3333,80.9348,
sp500_load100,30.9,response,500.0,100.0,513.4106,-12.4592,167.4226,543.5464,81.1135,96.9714,80.8095,-1.8689,-0.1254,-0.5295,83.3333,80.8095,
sp500_load100,31.0,response,500.0,100.0,514.2631,-13.4106,167.859,543.8322,82.6245,96.8325,80.6937,-2.0116,-0.1523,-0.4757,83.3333,80.6937,
sp500_load100,31.1,response,500.0,100.0,515.0245,-14.2631,168.3136,544.1317,84.0145,96.7042,80.5868,-2.1395,-0.1808,-0.4262,83.3333,80.5868,
sp500_load100,31.2,response,500.0,100.0,515.702,-15.0245,168.7833,544.4432,85.2933,96.5858,80.4881,-2.2537,-0.2108,-0.3807,83.3333,80.4881,
sp500_load100,31.3,response,500.0,100.0,516.3024,-15.702,169.2653,544.7649,86.4699,96.4764,80.397,-2.3553,-0.2422,-0.3388,83.3333,80.397,
sp500_load100,31.4,response,500.0,100.0,516.8318,-16.3024,169.7573,545.0953,87.5523,96.3755,80.3129,-2.4454,-0.2748,-0.3002,83.3333,80.3129,
sp500_load100,31.5,response,500.0,100.0,517.2959,-16.8318,170.2569,545.4331,88.5481,96.2824,80.2354,-2.5248,-0.3085,-0.2647,83.3333,80.2354,
sp500_load100,31.6,response,500.0,100.0,517.6998,-17.2959,170.7621,545.777,89.4643,96.1966,80.1638,-2.5944,-0.3431,-0.232,83.3333,80.1638,
sp500_load100,31.7,response,500.0,100.0,518.0485,-17.6998,171.2712,546.1257,90.3071,96.1175,80.0979,-2.655,-0.3785,-0.202,83.3333,80.0979,
sp500_load100,31.8,response,500.0,100.0,518.3462,-18.0485,171.7824,546.4784,91.0825,96.0446,80.0372,-2.7073,-0.4146,-0.1743,83.3333,80.0372,
sp500_load100,31.9,response,500.0,100.0,518.5971,-18.3462,172.2944,546.8339,91.7959,95.9775,79.9813,-2.7519,-0.4513,-0.1489,83.3333,79.9813,
sp500_load100,32.0,response,500.0,100.0,518.8049,-18.5971,172.8057,547.1916,92.4523,95.9158,79.9298,-2.7896,-0.4885,-0.1254,83.3333,79.9298,
sp500_load100,32.1,response,500.0,100.0,518.9731,-18.8049,173.3153,547.5505,93.0561,95.8591,79.8826,-2.8207,-0.5261,-0.1039,83.3333,79.8826,
sp500_load100,32.2,response,500.0,100.0,519.1048,-18.9731,173.8221,547.9101,93.6116,95.8071,79.8392,-2.846,-0.564,-0.0841,83.3333,79.8392,
sp500_load100,32.3,response,500.0,100.0,519.203,-19.1048,174.3252,548.2696,94.1227,95.7594,79.7995,-2.8657,-0.6022,-0.0659,83.3333,79.7995,
sp500_load100,32.4,response,500.0,100.0,519.2704,-19.203,174.8238,548.6285,94.5929,95.7158,79.7631,-2.8804,-0.6407,-0.0491,83.3333,79.7631,
sp500_load100,32.5,response,500.0,100.0,519.3094,-19.2704,175.3171,548.9863,95.0254,95.6759,79.7299,-2.8906,-0.6792,-0.0337,83.3333,79.7299,
sp500_load100,32.6,response,500.0,100.0,519.3224,-19.3094,175.8046,549.3425,95.4234,95.6395,79.6996,-2.8964,-0.7178,-0.0195,83.3333,79.6996,
sp500_load100,32.7,response,500.0,100.0,519.3114,-19.3224,176.2858,549.6967,95.7895,95.6064,79.672,-2.8984,-0.7565,-0.0065,83.3333,79.672,
sp500_load100,32.8,response,500.0,100.0,519.2784,-19.3114,176.76,550.0485,96.1264,95.5764,79.647,-2.8967,-0.7951,0.0055,83.3333,79.647,
sp500_load100,32.9,response,500.0,100.0,519.2252,-19.2784,177.2271,550.3977,96.4363,95.5493,79.6244,-2.8918,-0.8336,0.0165,83.3333,79.6244,
sp500_load100,33.0,response,500.0,100.0,519.1534,-19.2252,177.6865,550.7438,96.7214,95.5249,79.6041,-2.8838,-0.8721,0.0266,83.3333,79.6041,
sp500_load100,33.1,response,500.0,100.0,519.0645,-19.1534,178.138,551.0867,96.9836,95.503,79.5858,-2.873,-0.9104,0.0359,83.3333,79.5858,
sp500_load100,33.2,response,500.0,100.0,518.9601,-19.0645,178.5814,551.4261,97.225,95.4835,79.5695,-2.8597,-0.9485,0.0444,83.3333,79.5695,
sp500_load100,33.3,response,500.0,100.0,518.8412,-18.9601,179.0165,551.7619,97.447,95.4662,79.5551,-2.844,-0.9864,0.0522,83.3333,79.5551,
sp500_load100,33.4,response,500.0,100.0,518.7092,-18.8412,179.4432,552.0937,97.6512,95.4509,79.5425,-2.8262,-1.0241,0.0594,83.3333,79.5425,
sp500_load100,33.5,response,500.0,100.0,518.5651,-18.7092,179.8613,552.4216,97.8391,95.4377,79.5314,-2.8064,-1.0615,0.066,83.3333,79.5314,
sp500_load100,33.6,response,500.0,100.0,518.41,-18.5651,180.2707,552.7454,98.012,95.4263,79.5219,-2.7848,-1.0987,0.072,83.3333,79.5219,
sp500_load100,33.7,response,500.0,100.0,518.2447,-18.41,180.6714,553.0648,98.171,95.4167,79.5139,-2.7615,-1.1355,0.0776,83.3333,79.5139,
sp500_load100,33.8,response,500.0,100.0,518.0702,-18.2447,181.0634,553.38,98.3173,95.4087,79.5073,-2.7367,-1.172,0.0826,83.3333,79.5073,
sp500_load100,33.9,response,500.0,100.0,517.8872,-18.0702,181.4467,553.6907,98.4519,95.4023,79.5019,-2.7105,-1.2081,0.0873,83.3333,79.5019,
sp500_load100,34.0,response,500.0,100.0,517.6965,-17.8872,181.8213,553.997,98.5758,95.3974,79.4978,-2.6831,-1.2439,0.0915,83.3333,79.4978,
sp500_load100,34.1,response,500.0,100.0,517.4988,-17.6965,182.1871,554.2987,98.6897,95.3939,79.4949,-2.6545,-1.2793,0.0954,83.3333,79.4949,
sp500_load100,34.2,response,500.0,100.0,517.2946,-17.4988,182.5444,554.5958,98.7946,95.3917,79.4931,-2.6248,-1.3143,0.0989,83.3333,79.4931,
sp500_load100,34.3,response,500.0,100.0,517.0846,-17.2946,182.8931,554.8884,98.891,95.3908,79.4924,-2.5942,-1.3489,0.1021,83.3333,79.4924,
sp500_load100,34.4,response,500.0,100.0,516.8693,-17.0846,183.2334,555.1763,98.9797,95.3911,79.4926,-2.5627,-1.383,0.105,83.3333,79.4926,
sp500_load100,34.5,response,500.0,100.0,516.6491,-16.8693,183.5652,555.4597,99.0613,95.3926,79.4938,-2.5304,-1.4168,0.1077,83.3333,79.4938,
sp500_load100,34.6,response,500.0,100.0,516.4247,-16.6491,183.8889,555.7384,99.1364,95.3951,79.4959,-2.4974,-1.4501,0.1101,83.3333,79.4959,
sp500_load100,34.7,response,500.0,100.0,516.1963,-16.4247,184.2043,556.0125,99.2055,95.3987,79.4989,-2.4637,-1.4829,0.1122,83.3333,79.4989,
sp500_load100,34.8,response,500.0,100.0,515.9643,-16.1963,184.5117,556.282,99.2691,95.4033,79.5028,-2.4294,-1.5153,0.1142,83.3333,79.5028,
sp500_load100,34.9,response,500.0,100.0,515.7292,-15.9643,184.8113,556.547,99.3275,95.4089,79.5074,-2.3946,-1.5473,0.116,83.3333,79.5074,
sp500_load100,35.0,response,500.0,100.0,515.4912,-15.7292,185.103,556.8074,99.3813,95.4154,79.5128,-2.3594,-1.5787,0.1176,83.3333,79.5128,
sp500_load100,35.1,response,500.0,100.0,515.2507,-15.4912,185.3871,557.0632,99.4308,95.4227,79.5189,-2.3237,-1.6097,0.119,83.3333,79.5189,
sp500_load100,35.2,response,500.0,100.0,515.008,-15.2507,185.6637,557.3146,99.4764,95.4309,79.5258,-2.2876,-1.6402,0.1202,83.3333,79.5258,
sp500_load100,35.3,response,500.0,100.0,514.7633,-15.008,185.933,557.5616,99.5183,95.4399,79.5333,-2.2512,-1.6702,0.1214,83.3333,79.5333,
sp500_load100,35.4,response,500.0,100.0,514.5169,-14.7633,186.195,557.8042,99.5568,95.4497,79.5414,-2.2145,-1.6997,0.1223,83.3333,79.5414,
sp500_load100,35.5,response,500.0,100.0,514.269,-14.5169,186.45,558.0424,99.5923,95.4603,79.5502,-2.1775,-1.7288,0.1232,83.3333,79.5502,
sp500_load100,35.6,response,500.0,100.0,514.0198,-14.269,186.698,558.2763,99.6249,95.4716,79.5596,-2.1403,-1.7573,0.124,83.3333,79.5596,
sp500_load100,35.7,response,500.0,100.0,513.7695,-14.0198,186.9393,558.5059,99.6549,95.4835,79.5696,-2.103,-1.7854,0.1246,83.3333,79.5696,
sp500_load100,35.8,response,500.0,100.0,513.5183,-13.7695,187.174,558.7314,99.6825,95.4962,79.5802,-2.0654,-1.8129,0.1251,83.3333,79.5802,
sp500_load100,35.9,response,500.0,100.0,513.2664,-13.5183,187.4022,558.9526,99.7079,95.5095,79.5912,-2.0277,-1.8399,0.1256,83.3333,79.5912,
sp500_load100,36.0,response,500.0,100.0,513.0139,-13.2664,187.6241,559.1698,99.7313,95.5234,79.6029,-1.99,-1.8665,0.126,83.3333,79.6029,
sp500_load100,36.1,response,500.0,100.0,512.7611,-13.0139,187.8398,559.383,99.7528,95.538,79.615,-1.9521,-1.8925,0.1262,83.3333,79.615,
sp500_load100,36.2,response,500.0,100.0,512.5079,-12.7611,188.0495,559.5921,99.7725,95.5531,79.6276,-1.9142,-1.918,0.1264,83.3333,79.6276,
sp500_load100,36.3,response,500.0,100.0,512.2546,-12.5079,188.2533,559.7973,99.7907,95.5688,79.6407,-1.8762,-1.943,0.1266,83.3333,79.6407,
sp500_load100,36.4,response,500.0,100.0,512.0012,-12.2546,188.4514,559.9987,99.8075,95.5851,79.6543,-1.8382,-1.9675,0.1267,83.3333,79.6543,
sp500_load100,36.5,response,500.0,100.0,511.748,-12.0012,188.6439,560.1963,99.8229,95.6019,79.6683,-1.8002,-1.9915,0.1267,83.3333,79.6683,
sp500_load100,36.6,response,500.0,100.0,511.4949,-11.748,188.8309,560.39,99.837,95.6193,79.6827,-1.7622,-2.015,0.1266,83.3333,79.6827,
sp500_load100,36.7,response,500.0,100.0,511.2421,-11.4949,189.0126,560.5801,99.8501,95.6371,79.6976,-1.7242,-2.038,0.1265,83.3333,79.6976,
sp500_load100,36.8,response,500.0,100.0,510.9897,-11.2421,189.1891,560.7666,99.8621,95.6555,79.7129,-1.6863,-2.0605,0.1264,83.3333,79.7129,
sp500_load100,36.9,response,500.0,100.0,510.7378,-10.9897,189.3606,560.9495,99.8731,95.6743,79.7286,-1.6485,-2.0825,0.1262,83.3333,79.7286,
sp500_load100,37.0,response,500.0,100.0,510.4864,-10.7378,189.5271,561.1289,99.8833,95.6936,79.7447,-1.6107,-2.104,0.126,83.3333,79.7447,
sp500_load100,37.1,response,500.0,100.0,510.2357,-10.4864,189.6889,561.3048,99.8926,95.7133,79.7611,-1.573,-2.1249,0.1257,83.3333,79.7611,
sp500_load100,37.2,response,500.0,100.0,509.9856,-10.2357,189.846,561.4773,99.9012,95.7335,79.778,-1.5354,-2.1454,0.1254,83.3333,79.778,
sp500_load100,37.3,response,500.0,100.0,509.7363,-9.9856,189.9986,561.6465,99.9091,95.7542,79.7951,-1.4978,-2.1654,0.125,83.3333,79.7951,
sp500_load100,37.4,response,500.0,100.0,509.4879,-9.7363,190.1467,561.8124,99.9164,95.7752,79.8127,-1.4604,-2.1848,0.1246,83.3333,79.8127,
sp500_load100,37.5,response,500.0,100.0,509.2403,-9.4879,190.2906,561.9751,99.9231,95.7967,79.8306,-1.4232,-2.2038,0.1242,83.3333,79.8306,
sp500_load100,37.6,response,500.0,100.0,508.9936,-9.2403,190.4303,562.1346,99.9292,95.8185,79.8488,-1.386,-2.2223,0.1238,83.3333,79.8488,
sp500_load100,37.7,response,500.0,100.0,508.748,-8.9936,190.5659,562.291,99.9349,95.8408,79.8673,-1.349,-2.2403,0.1233,83.3333,79.8673,
sp500_load100,37.8,response,500.0,100.0,508.5034,-8.748,190.6976,562.4443,99.9401,95.8634,79.8862,-1.3122,-2.2578,0.1228,83.3333,79.8862,
sp500_load100,37.9,response,500.0,100.0,508.2599,-8.5034,190.8254,562.5947,99.9449,95.8864,79.9053,-1.2755,-2.2748,0.1223,83.3333,79.9053,
sp500_load100,38.0,response,500.0,100.0,508.0175,-8.2599,190.9495,562.7421,99.9493,95.9097,79.9248,-1.239,-2.2913,0.1218,83.3333,79.9248,
sp500_load100,38.1,response,500.0,100.0,507.7763,-8.0175,191.07,562.8866,99.9533,95.9335,79.9445,-1.2026,-2.3074,0.1212,83.3333,79.9445,
sp500_load100,38.2,response,500.0,100.0,507.5363,-7.7763,191.1869,563.0282,99.9571,95.9575,79.9646,-1.1664,-2.3229,0.1206,83.3333,79.9646,
sp500_load100,38.3,response,500.0,100.0,507.2976,-7.5363,191.3004,563.1671,99.9605,95.9819,79.9849,-1.1305,-2.338,0.12,83.3333,79.9849,
sp500_load100,38.4,response,500.0,100.0,507.0602,-7.2976,191.4106,563.3033,99.9637,96.0066,80.0055,-1.0946,-2.3526,0.1194,83.3333,80.0055,
sp500_load100,38.5,response,500.0,100.0,506.8241,-7.0602,191.5175,563.4367,99.9666,96.0316,80.0263,-1.059,-2.3667,0.1187,83.3333,80.0263,
sp500_load100,38.6,response,500.0,100.0,506.5894,-6.8241,191.6213,563.5676,99.9693,96.0569,80.0474,-1.0236,-2.3803,0.118,83.3333,80.0474,
sp500_load100,38.7,response,500.0,100.0,506.356,-6.5894,191.722,563.6958,99.9717,96.0825,80.0688,-0.9884,-2.3935,0.1174,83.3333,80.0688,
sp500_load100,38.8,response,500.0,100.0,506.1241,-6.356,191.8198,563.8215,99.974,96.1085,80.0904,-0.9534,-2.4062,0.1167,83.3333,80.0904,
sp500_load100,38.9,response,500.0,100.0,505.8936,-6.1241,191.9147,563.9448,99.9761,96.1347,80.1122,-0.9186,-2.4185,0.116,83.3333,80.1122,
sp500_load100,39.0,response,500.0,100.0,505.6646,-5.8936,192.0067,564.0656,99.978,96.1611,80.1343,-0.884,-2.4303,0.1152,83.3333,80.1343,
sp500_load100,39.1,response,500.0,100.0,505.4371,-5.6646,192.0961,564.184,99.9797,96.1879,80.1566,-0.8497,-2.4416,0.1145,83.3333,80.1566,
sp500_load100,39.2,response,500.0,100.0,505.2111,-5.4371,192.1828,564.3,99.9814,96.2149,80.1791,-0.8156,-2.4525,0.1138,83.3333,80.1791,
sp500_load100,39.3,response,500.0,100.0,504.9866,-5.2111,192.2669,564.4138,99.9828,96.2421,80.2018,-0.7817,-2.4629,0.113,83.3333,80.2018,
sp500_load100,39.4,response,500.0,100.0,504.7638,-4.9866,192.3485,564.5253,99.9842,96.2696,80.2247,-0.748,-2.4729,0.1122,83.3333,80.2247,
sp500_load100,39.5,response,500.0,100.0,504.5425,-4.7638,192.4277,564.6346,99.9855,96.2974,80.2478,-0.7146,-2.4824,0.1114,83.3333,80.2478,
sp500_load100,39.6,response,500.0,100.0,504.3228,-4.5425,192.5046,564.7417,99.9866,96.3254,80.2711,-0.6814,-2.4915,0.1106,83.3333,80.2711,
sp500_load100,39.7,response,500.0,100.0,504.1047,-4.3228,192.5792,564.8467,99.9877,96.3536,80.2946,-0.6484,-2.5001,0.1098,83.3333,80.2946,
sp500_load100,39.8,response,500.0,100.0,503.8883,-4.1047,192.6516,564.9496,99.9887,96.382,80.3183,-0.6157,-2.5083,0.109,83.3333,80.3183,
sp500_load100,39.9,response,500.0,100.0,503.6736,-3.8883,192.7218,565.0505,99.9896,96.4106,80.3422,-0.5833,-2.5161,0.1082,83.3333,80.3422,
sp500_load100,40.0,response,500.0,100.0,503.4605,-3.6736,192.7899,565.1493,99.9904,96.4394,80.3662,-0.551,-2.5235,0.1074,83.3333,80.3662,
sp500_load100,40.1,response,500.0,100.0,503.2492,-3.4605,192.856,565.2462,99.9912,96.4685,80.3904,-0.5191,-2.5304,0.1065,83.3333,80.3904,
sp500_load100,40.2,response,500.0,100.0,503.0395,-3.2492,192.9202,565.3412,99.9919,96.4977,80.4148,-0.4874,-2.5369,0.1057,83.3333,80.4148,
sp500_load100,40.3,response,500.0,100.0,502.8316,-3.0395,192.9824,565.4343,99.9925,96.5271,80.4393,-0.4559,-2.543,0.1048,83.3333,80.4393,
sp500_load100,40.4,response,500.0,100.0,502.6254,-2.8316,193.0428,565.5255,99.9931,96.5567,80.4639,-0.4247,-2.5486,0.104,83.3333,80.4639,
sp500_load100,40.5,response,500.0,100.0,502.421,-2.6254,193.1013,565.6149,99.9937,96.5865,80.4887,-0.3938,-2.5539,0.1031,83.3333,80.4887,
sp500_load100,40.6,response,500.0,100.0,502.2183,-2.421,193.1582,565.7025,99.9942,96.6164,80.5137,-0.3631,-2.5587,0.1022,83.3333,80.5137,
sp500_load100,40.7,response,500.0,100.0,502.0174,-2.2183,193.2133,565.7884,99.9947,96.6465,80.5388,-0.3327,-2.5631,0.1013,83.3333,80.5388,
sp500_load100,40.8,response,500.0,100.0,501.8183,-2.0174,193.2668,565.8725,99.9951,96.6768,80.564,-0.3026,-2.5672,0.1004,83.3333,80.564,
sp500_load100,40.9,response,500.0,100.0,501.621,-1.8183,193.3187,565.955,99.9955,96.7072,80.5893,-0.2728,-2.5708,0.0995,83.3333,80.5893,
sp500_load100,41.0,response,500.0,100.0,501.4255,-1.621,193.369,566.0359,99.9958,96.7377,80.6148,-0.2432,-2.5741,0.0986,83.3333,80.6148,
sp500_load100,41.1,response,500.0,100.0,501.2319,-1.4255,193.4179,566.1151,99.9962,96.7684,80.6403,-0.2138,-2.5769,0.0977,83.3333,80.6403,
sp500_load100,41.2,response,500.0,100.0,501.04,-1.2319,193.4653,566.1927,99.9965,96.7992,80.666,-0.1848,-2.5794,0.0968,83.3333,80.666,
sp500_load100,41.3,response,500.0,100.0,500.85,-1.04,193.5112,566.2688,99.9968,96.8301,80.6918,-0.156,-2.5815,0.0959,83.3333,80.6918,
sp500_load100,41.4,response,500.0,100.0,500.6619,-0.85,193.5558,566.3434,99.997,96.8612,80.7177,-0.1275,-2.5832,0.095,83.3333,80.7177,
sp500_load100,41.5,response,500.0,100.0,500.4756,-0.6619,193.5991,566.4165,99.9973,96.8924,80.7436,-0.0993,-2.5845,0.0941,83.3333,80.7436,
sp500_load100,41.6,response,500.0,100.0,500.2912,-0.4756,193.6411,566.4881,99.9975,96.9236,80.7697,-0.0713,-2.5854,0.0931,83.3333,80.7697,
sp500_load100,41.7,response,500.0,100.0,500.1086,-0.2912,193.6818,566.5584,99.9977,96.955,80.7959,-0.0437,-2.586,0.0922,83.3333,80.7959,
sp500_load100,41.8,response,500.0,100.0,499.9279,-0.1086,193.7213,566.6272,99.9979,96.9865,80.8221,-0.0163,-2.5862,0.0913,83.3333,80.8221,
sp500_load100,41.9,response,500.0,100.0,499.7491,0.0721,193.7596,566.6946,99.998,97.0181,80.8484,0.0108,-2.5861,0.0903,83.3333,80.8484,
sp500_load100,42.0,response,500.0,100.0,499.5722,0.2509,193.7968,566.7607,99.9982,97.0497,80.8748,0.0376,-2.5856,0.0894,83.3333,80.8748,
sp500_load100,42.1,response,500.0,100.0,499.3972,0.4278,193.8328,566.8254,99.9983,97.0815,80.9012,0.0642,-2.5847,0.0885,83.3333,80.9012,
sp500_load100,42.2,response,500.0,100.0,499.2241,0.6028,193.8678,566.8889,99.9985,97.1133,80.9277,0.0904,-2.5835,0.0875,83.3333,80.9277,
sp500_load100,42.3,response,500.0,100.0,499.0529,0.7759,193.9017,566.9511,99.9986,97.1452,80.9543,0.1164,-2.582,0.0866,83.3333,80.9543,
sp500_load100,42.4,response,500.0,100.0,498.8836,0.9471,193.9347,567.0121,99.9987,97.1771,80.9809,0.1421,-2.5801,0.0856,83.3333,80.9809,
sp500_load100,42.5,response,500.0,100.0,498.7162,1.1164,193.9666,567.0718,99.9988,97.2091,81.0076,0.1675,-2.5778,0.0846,83.3333,81.0076,
sp500_load100,42.6,response,500.0,100.0,498.5508,1.2838,193.9976,567.1304,99.9989,97.2412,81.0343,0.1926,-2.5753,0.0837,83.3333,81.0343,
sp500_load100,42.7,response,500.0,100.0,498.3872,1.4492,194.0276,567.1877,99.999,97.2733,81.0611,0.2174,-2.5724,0.0827,83.3333,81.0611,
sp500_load100,42.8,response,500.0,100.0,498.2256,1.6128,194.0568,567.244,99.9991,97.3054,81.0879,0.2419,-2.5692,0.0818,83.3333,81.0879,
sp500_load100,42.9,response,500.0,100.0,498.0659,1.7744,194.085,567.2991,99.9991,97.3376,81.1147,0.2662,-2.5656,0.0808,83.3333,81.1147,
sp500_load100,43.0,response,500.0,100.0,497.9081,1.9341,194.1125,567.3531,99.9992,97.3699,81.1416,0.2901,-2.5617,0.0798,83.3333,81.1416,
sp500_load100,43.1,response,500.0,100.0,497.7523,2.0919,194.1391,567.406,99.9993,97.4021,81.1684,0.3138,-2.5576,0.0789,83.3333,81.1684,
sp500_load100,43.2,response,500.0,100.0,497.5984,2.2477,194.1649,567.4579,99.9993,97.4344,81.1953,0.3372,-2.5531,0.0779,83.3333,81.1953,
sp500_load100,43.3,response,500.0,100.0,497.4465,2.4016,194.1899,567.5087,99.9994,97.4667,81.2223,0.3602,-2.5483,0.0769,83.3333,81.2223,
sp500_load100,43.4,response,500.0,100.0,497.2964,2.5535,194.2142,567.5585,99.9994,97.499,81.2492,0.383,-2.5431,0.076,83.3333,81.2492,
sp500_load100,43.5,response,500.0,100.0,497.1484,2.7036,194.2378,567.6074,99.9995,97.5314,81.2761,0.4055,-2.5377,0.075,83.3333,81.2761,
sp500_load100,43.6,response,500.0,100.0,497.0022,2.8516,194.2606,567.6552,99.9995,97.5637,81.3031,0.4277,-2.532,0.074,83.3333,81.3031,
sp500_load100,43.7,response,500.0,100.0,496.858,2.9978,194.2828,567.7021,99.9996,97.596,81.33,0.4497,-2.526,0.0731,83.3333,81.33,
sp500_load100,43.8,response,500.0,100.0,496.7157,3.142,194.3043,567.748,99.9996,97.6284,81.357,0.4713,-2.5198,0.0721,83.3333,81.357,
sp500_load100,43.9,response,500.0,100.0,496.5754,3.2843,194.3252,567.7931,99.9996,97.6607,81.3839,0.4926,-2.5132,0.0711,83.3333,81.3839,
sp500_load100,44.0,response,500.0,100.0,496.437,3.4246,194.3454,567.8372,99.9997,97.693,81.4109,0.5137,-2.5063,0.0702,83.3333,81.4109,
sp500_load100,44.1,response,500.0,100.0,496.3005,3.563,194.3651,567.8805,99.9997,97.7253,81.4378,0.5345,-2.4992,0.0692,83.3333,81.4378,
sp500_load100,44.2,response,500.0,100.0,496.166,3.6995,194.3841,567.9228,99.9997,97.7576,81.4647,0.5549,-2.4918,0.0682,83.3333,81.4647,
sp500_load100,44.3,response,500.0,100.0,496.0334,3.834,194.4026,567.9644,99.9997,97.7899,81.4916,0.5751,-2.4841,0.0673,83.3333,81.4916,
sp500_load100,44.4,response,500.0,100.0,495.9027,3.9666,194.4205,568.0051,99.9998,97.8221,81.5184,0.595,-2.4762,0.0663,83.3333,81.5184,
sp500_load100,44.5,response,500.0,100.0,495.774,4.0973,194.4379,568.045,99.9998,97.8543,81.5452,0.6146,-2.468,0.0653,83.3333,81.5452,
sp500_load100,44.6,response,500.0,100.0,495.6472,4.226,194.4547,568.0841,99.9998,97.8864,81.572,0.6339,-2.4596,0.0644,83.3333,81.572,
sp500_load100,44.7,response,500.0,100.0,495.5223,4.3528,194.4711,568.1224,99.9998,97.9185,81.5988,0.6529,-2.4509,0.0634,83.3333,81.5988,
sp500_load100,44.8,response,500.0,100.0,495.3994,4.4777,194.4869,568.16,99.9998,97.9506,81.6255,0.6716,-2.4419,0.0624,83.3333,81.6255,
sp500_load100,44.9,response,500.0,100.0,495.2784,4.6006,194.5023,568.1968,99.9998,97.9826,81.6522,0.6901,-2.4327,0.0615,83.3333,81.6522,
sp500_load100,45.0,response,500.0,100.0,495.1592,4.7216,194.5173,568.2328,99.9999,98.0146,81.6788,0.7082,-2.4233,0.0605,83.3333,81.6788,
sp500_load100,45.1,response,500.0,100.0,495.042,4.8408,194.5317,568.2682,99.9999,98.0465,81.7054,0.7261,-2.4136,0.0596,83.3333,81.7054,
sp500_load100,45.2,response,500.0,100.0,494.9267,4.958,194.5458,568.3028,99.9999,98.0784,81.732,0.7437,-2.4037,0.0586,83.3333,81.732,
sp500_load100,45.3,response,500.0,100.0,494.8134,5.0733,194.5594,568.3367,99.9999,98.1101,81.7585,0.761,-2.3935,0.0576,83.3333,81.7585,
sp500_load100,45.4,response,500.0,100.0,494.7019,5.1866,194.5726,568.37,99.9999,98.1419,81.7849,0.778,-2.3831,0.0567,83.3333,81.7849,
sp500_load100,45.5,response,500.0,100.0,494.5923,5.2981,194.5854,568.4026,99.9999,98.1735,81.8112,0.7947,-2.3725,0.0557,83.3333,81.8112,
sp500_load100,45.6,response,500.0,100.0,494.4846,5.4077,194.5979,568.4345,99.9999,98.2051,81.8375,0.8112,-2.3617,0.0548,83.3333,81.8375,
sp500_load100,45.7,response,500.0,100.0,494.3788,5.5154,194.6099,568.4659,99.9999,98.2365,81.8638,0.8273,-2.3507,0.0538,83.3333,81.8638,
sp500_load100,45.8,response,500.0,100.0,494.2749,5.6212,194.6216,568.4965,99.9999,98.2679,81.89,0.8432,-2.3395,0.0529,83.3333,81.89,
sp500_load100,45.9,response,500.0,100.0,494.1728,5.7251,194.633,568.5266,99.9999,98.2993,81.9161,0.8588,-2.328,0.052,83.3333,81.9161,
sp500_load100,46.0,response,500.0,100.0,494.0727,5.8272,194.644,568.5561,99.9999,98.3305,81.9421,0.8741,-2.3164,0.051,83.3333,81.9421,
sp500_load100,46.1,response,500.0,100.0,493.9744,5.9273,194.6547,568.5849,99.9999,98.3616,81.968,0.8891,-2.3045,0.0501,83.3333,81.968,
sp500_load100,46.2,response,500.0,100.0,493.8779,6.0256,194.665,568.6132,99.9999,98.3927,81.9939,0.9038,-2.2924,0.0491,83.3333,81.9939,
sp500_load100,46.3,response,500.0,100.0,493.7834,6.1221,194.6751,568.641,99.9999,98.4236,82.0197,0.9183,-2.2802,0.0482,83.3333,82.0197,
sp500_load100,46.4,response,500.0,100.0,493.6906,6.2166,194.6848,568.6682,100.0,98.4544,82.0453,0.9325,-2.2678,0.0473,83.3333,82.0453,
sp500_load100,46.5,response,500.0,100.0,493.5997,6.3094,194.6943,568.6948,100.0,98.4851,82.071,0.9464,-2.2552,0.0464,83.3333,82.071,
sp500_load100,46.6,response,500.0,100.0,493.5107,6.4003,194.7035,568.7209,100.0,98.5158,82.0965,0.96,-2.2424,0.0454,83.3333,82.0965,
sp500_load100,46.7,response,500.0,100.0,493.4235,6.4893,194.7123,568.7465,100.0,98.5463,82.1219,0.9734,-2.2294,0.0445,83.3333,82.1219,
sp500_load100,46.8,response,500.0,100.0,493.3381,6.5765,194.721,568.7716,100.0,98.5766,82.1472,0.9865,-2.2162,0.0436,83.3333,82.1472,
sp500_load100,46.9,response,500.0,100.0,493.2545,6.6619,194.7293,568.7961,100.0,98.6069,82.1724,0.9993,-2.2029,0.0427,83.3333,82.1724,
sp500_load100,47.0,response,500.0,100.0,493.1727,6.7455,194.7375,568.8202,100.0,98.6371,82.1975,1.0118,-2.1894,0.0418,83.3333,82.1975,
sp500_load100,47.1,response,500.0,100.0,493.0927,6.8273,194.7453,568.8438,100.0,98.6671,82.2226,1.0241,-2.1758,0.0409,83.3333,82.2226,
sp500_load100,47.2,response,500.0,100.0,493.0145,6.9073,194.753,568.8669,100.0,98.697,82.2475,1.0361,-2.1619,0.04,83.3333,82.2475,
sp500_load100,47.3,response,500.0,100.0,492.9382,6.9855,194.7604,568.8896,100.0,98.7267,82.2723,1.0478,-2.148,0.0391,83.3333,82.2723,
sp500_load100,47.4,response,500.0,100.0,492.8635,7.0618,194.7676,568.9118,100.0,98.7564,82.297,1.0593,-2.1338,0.0382,83.3333,82.297,
sp500_load100,47.5,response,500.0,100.0,492.7907,7.1365,194.7745,568.9336,100.0,98.7859,82.3215,1.0705,-2.1196,0.0373,83.3333,82.3215,
sp500_load100,47.6,response,500.0,100.0,492.7196,7.2093,194.7813,568.9549,100.0,98.8152,82.346,1.0814,-2.1051,0.0364,83.3333,82.346,
sp500_load100,47.7,response,500.0,100.0,492.6503,7.2804,194.7879,568.9758,100.0,98.8444,82.3703,1.0921,-2.0906,0.0355,83.3333,82.3703,
sp500_load100,47.8,response,500.0,100.0,492.5827,7.3497,194.7942,568.9963,100.0,98.8735,82.3946,1.1025,-2.0759,0.0347,83.3333,82.3946,
sp500_load100,47.9,response,500.0,100.0,492.5168,7.4173,194.8004,569.0163,100.0,98.9024,82.4187,1.1126,-2.0611,0.0338,83.3333,82.4187,
sp500_load100,48.0,response,500.0,100.0,492.4527,7.4832,194.8064,569.036,100.0,98.9312,82.4426,1.1225,-2.0461,0.0329,83.3333,82.4426,
sp500_load100,48.1,response,500.0,100.0,492.3903,7.5473,194.8122,569.0553,100.0,98.9598,82.4665,1.1321,-2.031,0.0321,83.3333,82.4665,
sp500_load100,48.2,response,500.0,100.0,492.3296,7.6097,194.8178,569.0742,100.0,98.9883,82.4902,1.1415,-2.0158,0.0312,83.3333,82.4902,
sp500_load100,48.3,response,500.0,100.0,492.2706,7.6704,194.8233,569.0927,100.0,99.0166,82.5138,1.1506,-2.0004,0.0304,83.3333,82.5138,
sp500_load100,48.4,response,500.0,100.0,492.2133,7.7294,194.8286,569.1108,100.0,99.0447,82.5373,1.1594,-1.985,0.0295,83.3333,82.5373,
sp500_load100,48.5,response,500.0,100.0,492.1576,7.7867,194.8337,569.1286,100.0,99.0727,82.5606,1.168,-1.9694,0.0287,83.3333,82.5606,
sp500_load100,48.6,response,500.0,100.0,492.1037,7.8424,194.8387,569.1461,100.0,99.1005,82.5838,1.1764,-1.9537,0.0278,83.3333,82.5838,
sp500_load100,48.7,response,500.0,100.0,492.0514,7.8963,194.8436,569.1631,100.0,99.1282,82.6068,1.1845,-1.9379,0.027,83.3333,82.6068,
sp500_load100,48.8,response,500.0,100.0,492.0007,7.9486,194.8483,569.1799,100.0,99.1557,82.6298,1.1923,-1.922,0.0262,83.3333,82.6298,
sp500_load100,48.9,response,500.0,100.0,491.9517,7.9993,194.8528,569.1963,100.0,99.183,82.6525,1.1999,-1.906,0.0253,83.3333,82.6525,
sp500_load100,49.0,response,500.0,100.0,491.9043,8.0483,194.8572,569.2124,100.0,99.2102,82.6752,1.2072,-1.8899,0.0245,83.3333,82.6752,
sp500_load100,49.1,response,500.0,100.0,491.8585,8.0957,194.8615,569.2281,100.0,99.2372,82.6976,1.2144,-1.8737,0.0237,83.3333,82.6976,
sp500_load100,49.2,response,500.0,100.0,491.8144,8.1415,194.8657,569.2435,100.0,99.264,82.72,1.2212,-1.8575,0.0229,83.3333,82.72,
sp500_load100,49.3,response,500.0,100.0,491.7718,8.1856,194.8697,569.2587,100.0,99.2906,82.7422,1.2278,-1.8411,0.0221,83.3333,82.7422,
sp500_load100,49.4,response,500.0,100.0,491.7308,8.2282,194.8736,569.2735,100.0,99.3171,82.7642,1.2342,-1.8246,0.0213,83.3333,82.7642,
sp500_load100,49.5,response,500.0,100.0,491.6914,8.2692,194.8774,569.288,100.0,99.3433,82.7861,1.2404,-1.8081,0.0205,83.3333,82.7861,
sp500_load100,49.6,response,500.0,100.0,491.6536,8.3086,194.8811,569.3023,100.0,99.3694,82.8078,1.2463,-1.7915,0.0197,83.3333,82.8078,
sp500_load100,49.7,response,500.0,100.0,491.6173,8.3464,194.8846,569.3162,100.0,99.3953,82.8294,1.252,-1.7748,0.0189,83.3333,82.8294,
sp500_load100,49.8,response,500.0,100.0,491.5826,8.3827,194.8881,569.3299,100.0,99.421,82.8509,1.2574,-1.758,0.0181,83.3333,82.8509,
sp500_load100,49.9,response,500.0,100.0,491.5494,8.4174,194.8915,569.3433,100.0,99.4466,82.8721,1.2626,-1.7412,0.0174,83.3333,82.8721,
sp500_load100,50.0,response,500.0,100.0,491.5177,8.4506,194.8947,569.3564,100.0,99.4719,82.8933,1.2676,-1.7243,0.0166,83.3333,82.8933,
sp500_load100,50.1,response,500.0,100.0,491.4875,8.4823,194.8979,569.3693,100.0,99.4971,82.9142,1.2723,-1.7073,0.0158,83.3333,82.9142,
sp500_load100,50.2,response,500.0,100.0,491.4588,8.5125,194.9009,569.3819,100.0,99.522,82.935,1.2769,-1.6903,0.0151,83.3333,82.935,
sp500_load100,50.3,response,500.0,100.0,491.4316,8.5412,194.9039,569.3943,100.0,99.5468,82.9556,1.2812,-1.6732,0.0143,83.3333,82.9556,
sp500_load100,50.4,response,500.0,100.0,491.4059,8.5684,194.9068,569.4064,100.0,99.5713,82.9761,1.2853,-1.6561,0.0136,83.3333,82.9761,
sp500_load100,50.5,response,500.0,100.0,491.3816,8.5941,194.9096,569.4183,100.0,99.5957,82.9964,1.2891,-1.6389,0.0129,83.3333,82.9964,
sp500_load100,50.6,response,500.0,100.0,491.3588,8.6184,194.9123,569.4299,100.0,99.6199,83.0166,1.2928,-1.6216,0.0121,83.3333,83.0166,
sp500_load100,50.7,response,500.0,100.0,491.3375,8.6412,194.9149,569.4413,100.0,99.6439,83.0365,1.2962,-1.6044,0.0114,83.3333,83.0365,
sp500_load100,50.8,response,500.0,100.0,491.3175,8.6625,194.9175,569.4525,100.0,99.6676,83.0564,1.2994,-1.587,0.0107,83.3333,83.0564,
sp500_load100,50.9,response,500.0,100.0,491.299,8.6825,194.92,569.4634,100.0,99.6912,83.076,1.3024,-1.5697,0.01,83.3333,83.076,
sp500_load100,51.0,response,500.0,100.0,491.2819,8.701,194.9224,569.4742,100.0,99.7146,83.0955,1.3051,-1.5523,0.0093,83.3333,83.0955,
sp500_load100,51.1,response,500.0,100.0,491.2661,8.7181,194.9247,569.4847,100.0,99.7377,83.1148,1.3077,-1.5348,0.0086,83.3333,83.1148,
sp500_load100,51.2,response,500.0,100.0,491.2518,8.7339,194.927,569.495,100.0,99.7607,83.1339,1.3101,-1.5174,0.0079,83.3333,83.1339,
sp500_load100,51.3,response,500.0,100.0,491.2388,8.7482,194.9291,569.5051,100.0,99.7834,83.1529,1.3122,-1.4999,0.0072,83.3333,83.1529,
sp500_load100,51.4,response,500.0,100.0,491.2271,8.7612,194.9313,569.515,100.0,99.806,83.1717,1.3142,-1.4823,0.0065,83.3333,83.1717,
sp500_load100,51.5,response,500.0,100.0,491.2168,8.7729,194.9333,569.5247,100.0,99.8283,83.1903,1.3159,-1.4648,0.0058,83.3333,83.1903,
sp500_load100,51.6,response,500.0,100.0,491.2079,8.7832,194.9353,569.5342,100.0,99.8505,83.2087,1.3175,-1.4472,0.0051,83.3333,83.2087,
sp500_load100,51.7,response,500.0,100.0,491.2002,8.7921,194.9373,569.5435,100.0,99.8724,83.227,1.3188,-1.4297,0.0045,83.3333,83.227,
sp500_load100,51.8,response,500.0,100.0,491.1939,8.7998,194.9392,569.5526,100.0,99.8941,83.2451,1.32,-1.4121,0.0038,83.3333,83.2451,
sp500_load100,51.9,response,500.0,100.0,491.1888,8.8061,194.941,569.5616,100.0,99.9156,83.263,1.3209,-1.3944,0.0032,83.3333,83.263,
sp500_load100,52.0,response,500.0,100.0,491.185,8.8112,194.9427,569.5704,100.0,99.9369,83.2807,1.3217,-1.3768,0.0025,83.3333,83.2807,
sp500_load100,52.1,response,500.0,100.0,491.1825,8.815,194.9445,569.5789,100.0,99.9579,83.2983,1.3222,-1.3592,0.0019,83.3333,83.2983,
sp500_load100,52.2,response,500.0,100.0,491.1812,8.8175,194.9461,569.5874,100.0,99.9788,83.3157,1.3226,-1.3416,0.0013,83.3333,83.3157,
sp500_load100,52.3,response,500.0,100.0,491.1812,8.8188,194.9477,569.5956,100.0,99.9994,83.3329,1.3228,-1.3239,0.0006,83.3333,83.3329,
sp500_load100,52.4,response,500.0,100.0,491.1824,8.8188,194.9493,569.6037,100.0,100.0199,83.3499,1.3228,-1.3063,0.0,83.3333,83.3499,
sp500_load100,52.5,response,500.0,100.0,491.1848,8.8176,194.9508,569.6116,100.0,100.0401,83.3667,1.3226,-1.2886,-0.0006,83.3333,83.3667,
sp500_load100,52.6,response,500.0,100.0,491.1884,8.8152,194.9523,569.6194,100.0,100.0601,83.3834,1.3223,-1.271,-0.0012,83.3333,83.3834,
sp500_load100,52.7,response,500.0,100.0,491.1932,8.8116,194.9537,569.627,100.0,100.0799,83.3999,1.3217,-1.2534,-0.0018,83.3333,83.3999,
sp500_load100,52.8,response,500.0,100.0,491.1991,8.8068,194.9551,569.6345,100.0,100.0994,83.4162,1.321,-1.2358,-0.0024,83.3333,83.4162,
sp500_load100,52.9,response,500.0,100.0,491.2063,8.8009,194.9565,569.6418,100.0,100.1188,83.4323,1.3201,-1.2182,-0.003,83.3333,83.4323,
sp500_load100,53.0,response,500.0,100.0,491.2145,8.7937,194.9578,569.6489,100.0,100.1379,83.4482,1.3191,-1.2006,-0.0036,83.3333,83.4482,
sp500_load100,53.1,response,500.0,100.0,491.224,8.7855,194.959,569.656,100.0,100.1568,83.464,1.3178,-1.183,-0.0041,83.3333,83.464,
sp500_load100,53.2,response,500.0,100.0,491.2345,8.776,194.9603,569.6628,100.0,100.1755,83.4796,1.3164,-1.1655,-0.0047,83.3333,83.4796,
sp500_load100,53.3,response,500.0,100.0,491.2461,8.7655,194.9615,569.6696,100.0,100.194,83.495,1.3148,-1.1479,-0.0053,83.3333,83.495,
sp500_load100,53.4,response,500.0,100.0,491.2589,8.7539,194.9626,569.6762,100.0,100.2122,83.5102,1.3131,-1.1304,-0.0058,83.3333,83.5102,
sp500_load100,53.5,response,500.0,100.0,491.2727,8.7411,194.9637,569.6827,100.0,100.2302,83.5252,1.3112,-1.1129,-0.0064,83.3333,83.5252,
sp500_load100,53.6,response,500.0,100.0,491.2875,8.7273,194.9648,569.689,100.0,100.248,83.54,1.3091,-1.0955,-0.0069,83.3333,83.54,
sp500_load100,53.7,response,500.0,100.0,491.3035,8.7125,194.9659,569.6952,100.0,100.2656,83.5547,1.3069,-1.0781,-0.0074,83.3333,83.5547,
sp500_load100,53.8,response,500.0,100.0,491.3205,8.6965,194.9669,569.7013,100.0,100.283,83.5692,1.3045,-1.0607,-0.008,83.3333,83.5692,
sp500_load100,53.9,response,500.0,100.0,491.3385,8.6795,194.9679,569.7073,100.0,100.3002,83.5835,1.3019,-1.0433,-0.0085,83.3333,83.5835,
sp500_load100,54.0,response,500.0,100.0,491.3575,8.6615,194.9689,569.7132,100.0,100.3171,83.5976,1.2992,-1.026,-0.009,83.3333,83.5976,
sp500_load100,54.1,response,500.0,100.0,491.3775,8.6425,194.9698,569.7189,100.0,100.3338,83.6115,1.2964,-1.0087,-0.0095,83.3333,83.6115,
sp500_load100,54.2,response,500.0,100.0,491.3985,8.6225,194.9707,569.7245,100.0,100.3503,83.6252,1.2934,-0.9915,-0.01,83.3333,83.6252,
sp500_load100,54.3,response,500.0,100.0,491.4205,8.6015,194.9716,569.73,100.0,100.3665,83.6388,1.2902,-0.9743,-0.0105,83.3333,83.6388,
sp500_load100,54.4,response,500.0,100.0,491.4435,8.5795,194.9724,569.7354,100.0,100.3826,83.6522,1.2869,-0.9571,-0.011,83.3333,83.6522,
sp500_load100,54.5,response,500.0,100.0,491.4674,8.5565,194.9733,569.7407,100.0,100.3984,83.6653,1.2835,-0.94,-0.0115,83.3333,83.6653,
sp500_load100,54.6,response,500.0,100.0,491.4922,8.5326,194.9741,569.7459,100.0,100.414,83.6784,1.2799,-0.9229,-0.012,83.3333,83.6784,
sp500_load100,54.7,response,500.0,100.0,491.518,8.5078,194.9748,569.751,100.0,100.4294,83.6912,1.2762,-0.9059,-0.0124,83.3333,83.6912,
sp500_load100,54.8,response,500.0,100.0,491.5447,8.482,194.9756,569.756,100.0,100.4446,83.7038,1.2723,-0.8889,-0.0129,83.3333,83.7038,
sp500_load100,54.9,response,500.0,100.0,491.5723,8.4553,194.9763,569.7608,100.0,100.4595,83.7163,1.2683,-0.872,-0.0133,83.3333,83.7163,
sp500_load100,55.0,response,500.0,100.0,491.6007,8.4277,194.977,569.7656,100.0,100.4742,83.7285,1.2642,-0.8552,-0.0138,83.3333,83.7285,
sp500_load100,55.1,response,500.0,100.0,491.63,8.3993,194.9777,569.7703,100.0,100.4888,83.7406,1.2599,-0.8384,-0.0142,83.3333,83.7406,
sp500_load100,55.2,response,500.0,100.0,491.6602,8.37,194.9784,569.7749,100.0,100.503,83.7525,1.2555,-0.8216,-0.0147,83.3333,83.7525,
sp500_load100,55.3,response,500.0,100.0,491.6912,8.3398,194.979,569.7794,100.0,100.5171,83.7643,1.251,-0.805,-0.0151,83.3333,83.7643,
sp500_load100,55.4,response,500.0,100.0,491.7231,8.3088,194.9797,569.7838,100.0,100.531,83.7758,1.2463,-0.7883,-0.0155,83.3333,83.7758,
sp500_load100,55.5,response,500.0,100.0,491.7558,8.2769,194.9803,569.7882,100.0,100.5446,83.7872,1.2415,-0.7718,-0.0159,83.3333,83.7872,
sp500_load100,55.6,response,500.0,100.0,491.7893,8.2442,194.9809,569.7924,100.0,100.558,83.7983,1.2366,-0.7553,-0.0163,83.3333,83.7983,
sp500_load100,55.7,response,500.0,100.0,491.8235,8.2107,194.9814,569.7965,100.0,100.5712,83.8093,1.2316,-0.7389,-0.0167,83.3333,83.8093,
sp500_load100,55.8,response,500.0,100.0,491.8586,8.1765,194.982,569.8006,100.0,100.5842,83.8201,1.2265,-0.7225,-0.0171,83.3333,83.8201,
sp500_load100,55.9,response,500.0,100.0,491.8944,8.1414,194.9825,569.8046,100.0,100.5969,83.8308,1.2212,-0.7062,-0.0175,83.3333,83.8308,
sp500_load100,56.0,response,500.0,100.0,491.931,8.1056,194.9831,569.8085,100.0,100.6095,83.8412,1.2158,-0.69,-0.0179,83.3333,83.8412,
sp500_load100,56.1,response,500.0,100.0,491.9683,8.069,194.9836,569.8123,100.0,100.6218,83.8515,1.2104,-0.6739,-0.0183,83.3333,83.8515,
sp500_load100,56.2,response,500.0,100.0,492.0063,8.0317,194.9841,569.8161,100.0,100.6339,83.8616,1.2048,-0.6578,-0.0187,83.3333,83.8616,
sp500_load100,56.3,response,500.0,100.0,492.0451,7.9937,194.9845,569.8198,100.0,100.6458,83.8715,1.1991,-0.6418,-0.019,83.3333,83.8715,
sp500_load100,56.4,response,500.0,100.0,492.0845,7.9549,194.985,569.8234,100.0,100.6575,83.8813,1.1932,-0.6259,-0.0194,83.3333,83.8813,
sp500_load100,56.5,response,500.0,100.0,492.1246,7.9155,194.9855,569.8269,100.0,100.669,83.8908,1.1873,-0.6101,-0.0197,83.3333,83.8908,
sp500_load100,56.6,response,500.0,100.0,492.1655,7.8754,194.9859,569.8304,100.0,100.6803,83.9002,1.1813,-0.5943,-0.0201,83.3333,83.9002,
sp500_load100,56.7,response,500.0,100.0,492.2069,7.8345,194.9863,569.8338,100.0,100.6913,83.9094,1.1752,-0.5787,-0.0204,83.3333,83.9094,
sp500_load100,56.8,response,500.0,100.0,492.2491,7.7931,194.9867,569.8371,100.0,100.7022,83.9185,1.169,-0.5631,-0.0207,83.3333,83.9185,
sp500_load100,56.9,response,500.0,100.0,492.2918,7.7509,194.9871,569.8403,100.0,100.7128,83.9273,1.1626,-0.5476,-0.0211,83.3333,83.9273,
sp500_load100,57.0,response,500.0,100.0,492.3352,7.7082,194.9875,569.8435,100.0,100.7232,83.936,1.1562,-0.5322,-0.0214,83.3333,83.936,
sp500_load100,57.1,response,500.0,100.0,492.3792,7.6648,194.9879,569.8467,100.0,100.7334,83.9445,1.1497,-0.5168,-0.0217,83.3333,83.9445,
sp500_load100,57.2,response,500.0,100.0,492.4238,7.6208,194.9883,569.8497,100.0,100.7434,83.9528,1.1431,-0.5016,-0.022,83.3333,83.9528,
sp500_load100,57.3,response,500.0,100.0,492.469,7.5762,194.9886,569.8527,100.0,100.7532,83.961,1.1364,-0.4864,-0.0223,83.3333,83.961,
sp500_load100,57.4,response,500.0,100.0,492.5148,7.531,194.9889,569.8557,100.0,100.7628,83.969,1.1296,-0.4714,-0.0226,83.3333,83.969,
sp500_load100,57.5,response,500.0,100.0,492.5611,7.4852,194.9893,569.8586,100.0,100.7722,83.9768,1.1228,-0.4564,-0.0229,83.3333,83.9768,
sp500_load100,57.6,response,500.0,100.0,492.608,7.4389,194.9896,569.8614,100.0,100.7814,83.9845,1.1158,-0.4415,-0.0232,83.3333,83.9845,
sp500_load100,57.7,response,500.0,100.0,492.6554,7.392,194.9899,569.8642,100.0,100.7903,83.9919,1.1088,-0.4268,-0.0234,83.3333,83.9919,
sp500_load100,57.8,response,500.0,100.0,492.7034,7.3446,194.9902,569.8669,100.0,100.7991,83.9992,1.1017,-0.4121,-0.0237,83.3333,83.9992,
sp500_load100,57.9,response,500.0,100.0,492.7518,7.2966,194.9905,569.8695,100.0,100.8077,84.0064,1.0945,-0.3975,-0.024,83.3333,84.0064,
sp500_load100,58.0,response,500.0,100.0,492.8008,7.2482,194.9908,569.8722,100.0,100.816,84.0134,1.0872,-0.383,-0.0242,83.3333,84.0134,
sp500_load100,58.1,response,500.0,100.0,492.8503,7.1992,194.9911,569.8747,100.0,100.8242,84.0202,1.0799,-0.3686,-0.0245,83.3333,84.0202,
sp500_load100,58.2,response,500.0,100.0,492.9002,7.1497,194.9913,569.8772,100.0,100.8322,84.0268,1.0725,-0.3543,-0.0247,83.3333,84.0268,
sp500_load100,58.3,response,500.0,100.0,492.9506,7.0998,194.9916,569.8797,100.0,100.8399,84.0333,1.065,-0.3401,-0.025,83.3333,84.0333,
sp500_load100,58.4,response,500.0,100.0,493.0014,7.0494,194.9918,569.8821,100.0,100.8475,84.0396,1.0574,-0.326,-0.0252,83.3333,84.0396,
sp500_load100,58.5,response,500.0,100.0,493.0527,6.9986,194.9921,569.8844,100.0,100.8549,84.0457,1.0498,-0.312,-0.0254,83.3333,84.0457,
sp500_load100,58.6,response,500.0,100.0,493.1044,6.9473,194.9923,569.8868,100.0,100.862,84.0517,1.0421,-0.2981,-0.0256,83.3333,84.0517,
sp500_load100,58.7,response,500.0,100.0,493.1566,6.8956,194.9926,569.889,100.0,100.869,84.0575,1.0343,-0.2843,-0.0259,83.3333,84.0575,
sp500_load100,58.8,response,500.0,100.0,493.2091,6.8434,194.9928,569.8912,100.0,100.8758,84.0632,1.0265,-0.2706,-0.0261,83.3333,84.0632,
sp500_load100,58.9,response,500.0,100.0,493.2621,6.7909,194.993,569.8934,100.0,100.8824,84.0687,1.0186,-0.257,-0.0263,83.3333,84.0687,
sp500_load100,59.0,response,500.0,100.0,493.3154,6.7379,194.9932,569.8955,100.0,100.8888,84.074,1.0107,-0.2436,-0.0265,83.3333,84.074,
sp500_load100,59.1,response,500.0,100.0,493.3691,6.6846,194.9934,569.8976,100.0,100.895,84.0792,1.0027,-0.2302,-0.0267,83.3333,84.0792,
sp500_load100,59.2,response,500.0,100.0,493.4232,6.6309,194.9936,569.8997,100.0,100.901,84.0842,0.9946,-0.2169,-0.0269,83.3333,84.0842,
sp500_load100,59.3,response,500.0,100.0,493.4776,6.5768,194.9938,569.9017,100.0,100.9069,84.0891,0.9865,-0.2038,-0.027,83.3333,84.0891,
sp500_load100,59.4,response,500.0,100.0,493.5323,6.5224,194.994,569.9037,100.0,100.9125,84.0938,0.9784,-0.1907,-0.0272,83.3333,84.0938,
sp500_load100,59.5,response,500.0,100.0,493.5874,6.4677,194.9942,569.9056,100.0,100.918,84.0983,0.9702,-0.1778,-0.0274,83.3333,84.0983,
sp500_load100,59.6,response,500.0,100.0,493.6428,6.4126,194.9943,569.9075,100.0,100.9233,84.1027,0.9619,-0.165,-0.0275,83.3333,84.1027,
sp500_load100,59.7,response,500.0,100.0,493.6985,6.3572,194.9945,569.9093,100.0,100.9284,84.107,0.9536,-0.1522,-0.0277,83.3333,84.107,
sp500_load100,59.8,response,500.0,100.0,493.7545,6.3015,194.9947,569.9111,100.0,100.9333,84.1111,0.9452,-0.1396,-0.0279,83.3333,84.1111,
sp500_load100,59.9,response,500.0,100.0,493.8108,6.2455,194.9948,569.9129,100.0,100.938,84.115,0.9368,-0.1272,-0.028,83.3333,84.115,
sp500_load100,60.0,response,500.0,100.0,493.8673,6.1892,194.995,569.9147,100.0,100.9426,84.1188,0.9284,-0.1148,-0.0281,83.3333,84.1188,
sp600_load025,0.1,baseline,500.0,60.0,500.0,0.0,165.0,540.04,60.0,60.0,50.0,0.0,0.0,0.0,50.0,50.0,
sp600_load025,0.2,baseline,500.0,60.0,500.0,0.0,165.0,540.0792,60.0,60.0,50.0,0.0,0.0,0.0,50.0,50.0,
sp600_load025,0.3,baseline,500.0,60.0,500.0,0.0,165.0,540.1176,60.0,60.0,50.0,0.0,0.0,0.0,50.0,50.0,
sp600_load025,0.4,baseline,500.0,60.0,500.0,0.0,165.0,540.1553,60.0,60.0,50.0,0.0,0.0,0.0,50.0,50.0,
sp600_load025,0.5,baseline,500.0,60.0,500.0,0.0,165.0,540.1922,60.0,60.0,50.0,0.0,0.0,0.0,50.0,50.0,
sp600_load025,0.6,baseline,500.0,60.0,500.0,0.0,165.0,540.2283,60.0,60.0,50.0,0.0,0.0,0.0,50.0,50.0,
sp600_load025,0.7,baseline,500.0,60.0,500.0,0.0,165.0,540.2637,60.0,60.0,50.0,0.0,0.0,0.0,50.0,50.0,
sp600_load025,0.8,baseline,500.0,60.0,500.0,0.0,165.0,540.2985,60.0,60.0,50.0,0.0,0.0,0.0,50.0,50.0,
sp600_load025,0.9,baseline,500.0,60.0,500.0,0.0,165.0,540.3325,60.0,60.0,50.0,0.0,0.0,0.0,50.0,50.0,
sp600_load025,1.0,baseline,500.0,60.0,500.0,0.0,165.0,540.3659,60.0,60.0,50.0,0.0,0.0,0.0,50.0,50.0,
sp600_load025,1.1,baseline,500.0,60.0,500.0,0.0,165.0,540.3985,60.0,60.0,50.0,0.0,0.0,0.0,50.0,50.0,
sp600_load025,1.2,baseline,500.0,60.0,500.0,0.0,165.0,540.4306,60.0,60.0,50.0,0.0,0.0,0.0,50.0,50.0,
sp600_load025,1.3,baseline,500.0,60.0,500.0,0.0,165.0,540.462,60.0,60.0,50.0,0.0,0.0,0.0,50.0,50.0,
sp600_load025,1.4,baseline,500.0,60.0,500.0,0.0,165.0,540.4927,60.0,60.0,50.0,0.0,0.0,0.0,50.0,50.0,
sp600_load025,1.5,baseline,500.0,60.0,500.0,0.0,165.0,540.5229,60.0,60.0,50.0,0.0,0.0,0.0,50.0,50.0,
sp600_load025,1.6,baseline,500.0,60.0,500.0,0.0,165.0,540.5524,60.0,60.0,50.0,0.0,0.0,0.0,50.0,50.0,
sp600_load025,1.7,baseline,500.0,60.0,500.0,0.0,165.0,540.5814,60.0,60.0,50.0,0.0,0.0,0.0,50.0,50.0,
sp600_load025,1.8,baseline,500.0,60.0,500.0,0.0,165.0,540.6097,60.0,60.0,50.0,0.0,0.0,0.0,50.0,50.0,
sp600_load025,1.9,baseline,500.0,60.0,500.0,0.0,165.0,540.6375,60.0,60.0,50.0,0.0,0.0,0.0,50.0,50.0,
sp600_load025,2.0,baseline,500.0,60.0,500.0,0.0,165.0,540.6648,60.0,60.0,50.0,0.0,0.0,0.0,50.0,50.0,
sp600_load025,2.1,baseline,500.0,60.0,500.0,0.0,165.0,540.6915,60.0,60.0,50.0,0.0,0.0,0.0,50.0,50.0,
sp600_load025,2.2,baseline,500.0,60.0,500.0,0.0,165.0,540.7177,60.0,60.0,50.0,0.0,0.0,0.0,50.0,50.0,
sp600_load025,2.3,baseline,500.0,60.0,500.0,0.0,165.0,540.7433,60.0,60.0,50.0,0.0,0.0,0.0,50.0,50.0,
sp600_load025,2.4,baseline,500.0,60.0,500.0,0.0,165.0,540.7684,60.0,60.0,50.0,0.0,0.0,0.0,50.0,50.0,
sp600_load025,2.5,baseline,500.0,60.0,500.0,0.0,165.0,540.7931,60.0,60.0,50.0,0.0,0.0,0.0,50.0,50.0,
sp600_load025,2.6,baseline,500.0,60.0,500.0,0.0,165.0,540.8172,60.0,60.0,50.0,0.0,0.0,0.0,50.0,50.0,
sp600_load025,2.7,baseline,500.0,60.0,500.0,0.0,165.0,540.8409,60.0,60.0,50.0,0.0,0.0,0.0,50.0,50.0,
sp600_load025,2.8,baseline,500.0,60.0,500.0,0.0,165.0,540.864,60.0,60.0,50.0,0.0,0.0,0.0,50.0,50.0,
sp600_load025,2.9,baseline,500.0,60.0,500.0,0.0,165.0,540.8868,60.0,60.0,50.0,0.0,0.0,0.0,50.0,50.0,
sp600_load025,3.0,baseline,500.0,60.0,500.0,0.0,165.0,540.909,60.0,60.0,50.0,0.0,0.0,0.0,50.0,50.0,
sp600_load025,3.1,baseline,500.0,60.0,500.0,0.0,165.0,540.9309,60.0,60.0,50.0,0.0,0.0,0.0,50.0,50.0,
sp600_load025,3.2,baseline,500.0,60.0,500.0,0.0,165.0,540.9522,60.0,60.0,50.0,0.0,0.0,0.0,50.0,50.0,
sp600_load025,3.3,baseline,500.0,60.0,500.0,0.0,165.0,540.9732,60.0,60.0,50.0,0.0,0.0,0.0,50.0,50.0,
sp600_load025,3.4,baseline,500.0,60.0,500.0,0.0,165.0,540.9937,60.0,60.0,50.0,0.0,0.0,0.0,50.0,50.0,
sp600_load025,3.5,baseline,500.0,60.0,500.0,0.0,165.0,541.0139,60.0,60.0,50.0,0.0,0.0,0.0,50.0,50.0,
sp600_load025,3.6,baseline,500.0,60.0,500.0,0.0,165.0,541.0336,60.0,60.0,50.0,0.0,0.0,0.0,50.0,50.0,
sp600_load025,3.7,baseline,500.0,60.0,500.0,0.0,165.0,541.0529,60.0,60.0,50.0,0.0,0.0,0.0,50.0,50.0,
sp600_load025,3.8,baseline,500.0,60.0,500.0,0.0,165.0,541.0718,60.0,60.0,50.0,0.0,0.0,0.0,50.0,50.0,
sp600_load025,3.9,baseline,500.0,60.0,500.0,0.0,165.0,541.0904,60.0,60.0,50.0,0.0,0.0,0.0,50.0,50.0,
sp600_load025,4.0,baseline,500.0,60.0,500.0,0.0,165.0,541.1086,60.0,60.0,50.0,0.0,0.0,0.0,50.0,50.0,
sp600_load025,4.1,baseline,500.0,60.0,500.0,0.0,165.0,541.1264,60.0,60.0,50.0,0.0,0.0,0.0,50.0,50.0,
sp600_load025,4.2,baseline,500.0,60.0,500.0,0.0,165.0,541.1439,60.0,60.0,50.0,0.0,0.0,0.0,50.0,50.0,
sp600_load025,4.3,baseline,500.0,60.0,500.0,0.0,165.0,541.161,60.0,60.0,50.0,0.0,0.0,0.0,50.0,50.0,
sp600_load025,4.4,baseline,500.0,60.0,500.0,0.0,165.0,541.1778,60.0,60.0,50.0,0.0,0.0,0.0,50.0,50.0,
sp600_load025,4.5,baseline,500.0,60.0,500.0,0.0,165.0,541.1942,60.0,60.0,50.0,0.0,0.0,0.0,50.0,50.0,
sp600_load025,4.6,baseline,500.0,60.0,500.0,0.0,165.0,541.2104,60.0,60.0,50.0,0.0,0.0,0.0,50.0,50.0,
sp600_load025,4.7,baseline,500.0,60.0,500.0,0.0,165.0,541.2262,60.0,60.0,50.0,0.0,0.0,0.0,50.0,50.0,
sp600_load025,4.8,baseline,500.0,60.0,500.0,0.0,165.0,541.2416,60.0,60.0,50.0,0.0,0.0,0.0,50.0,50.0,
sp600_load025,4.9,baseline,500.0,60.0,500.0,0.0,165.0,541.2568,60.0,60.0,50.0,0.0,0.0,0.0,50.0,50.0,
sp600_load025,5.0,baseline,500.0,60.0,500.0,0.0,165.0,541.2717,60.0,60.0,50.0,0.0,0.0,0.0,50.0,50.0,
sp600_load025,5.1,baseline,500.0,60.0,500.0,0.0,165.0,541.2862,60.0,60.0,50.0,0.0,0.0,0.0,50.0,50.0,
sp600_load025,5.2,baseline,500.0,60.0,500.0,0.0,165.0,541.3005,60.0,60.0,50.0,0.0,0.0,0.0,50.0,50.0,
sp600_load025,5.3,baseline,500.0,60.0,500.0,0.0,165.0,541.3145,60.0,60.0,50.0,0.0,0.0,0.0,50.0,50.0,
sp600_load025,5.4,baseline,500.0,60.0,500.0,0.0,165.0,541.3282,60.0,60.0,50.0,0.0,0.0,0.0,50.0,50.0,
sp600_load025,5.5,baseline,500.0,60.0,500.0,0.0,165.0,541.3416,60.0,60.0,50.0,0.0,0.0,0.0,50.0,50.0,
sp600_load025,5.6,baseline,500.0,60.0,500.0,0.0,165.0,541.3548,60.0,60.0,50.0,0.0,0.0,0.0,50.0,50.0,
sp600_load025,5.7,baseline,500.0,60.0,500.0,0.0,165.0,541.3677,60.0,60.0,50.0,0.0,0.0,0.0,50.0,50.0,
sp600_load025,5.8,baseline,500.0,60.0,500.0,0.0,165.0,541.3804,60.0,60.0,50.0,0.0,0.0,0.0,50.0,50.0,
sp600_load025,5.9,baseline,500.0,60.0,500.0,0.0,165.0,541.3927,60.0,60.0,50.0,0.0,0.0,0.0,50.0,50.0,
sp600_load025,6.0,baseline,500.0,60.0,500.0,0.0,165.0,541.4049,60.0,60.0,50.0,0.0,0.0,0.0,50.0,50.0,
sp600_load025,6.1,baseline,500.0,60.0,500.0,0.0,165.0,541.4168,60.0,60.0,50.0,0.0,0.0,0.0,50.0,50.0,
sp600_load025,6.2,baseline,500.0,60.0,500.0,0.0,165.0,541.4285,60.0,60.0,50.0,0.0,0.0,0.0,50.0,50.0,
sp600_load025,6.3,baseline,500.0,60.0,500.0,0.0,165.0,541.4399,60.0,60.0,50.0,0.0,0.0,0.0,50.0,50.0,
sp600_load025,6.4,baseline,500.0,60.0,500.0,0.0,165.0,541.4511,60.0,60.0,50.0,0.0,0.0,0.0,50.0,50.0,
sp600_load025,6.5,baseline,500.0,60.0,500.0,0.0,165.0,541.4621,60.0,60.0,50.0,0.0,0.0,0.0,50.0,50.0,
sp600_load025,6.6,baseline,500.0,60.0,500.0,0.0,165.0,541.4728,60.0,60.0,50.0,0.0,0.0,0.0,50.0,50.0,
sp600_load025,6.7,baseline,500.0,60.0,500.0,0.0,165.0,541.4834,60.0,60.0,50.0,0.0,0.0,0.0,50.0,50.0,
sp600_load025,6.8,baseline,500.0,60.0,500.0,0.0,165.0,541.4937,60.0,60.0,50.0,0.0,0.0,0.0,50.0,50.0,
sp600_load025,6.9,baseline,500.0,60.0,500.0,0.0,165.0,541.5038,60.0,60.0,50.0,0.0,0.0,0.0,50.0,50.0,
sp600_load025,7.0,baseline,500.0,60.0,500.0,0.0,165.0,541.5138,60.0,60.0,50.0,0.0,0.0,0.0,50.0,50.0,
sp600_load025,7.1,baseline,500.0,60.0,500.0,0.0,165.0,541.5235,60.0,60.0,50.0,0.0,0.0,0.0,50.0,50.0,
sp600_load025,7.2,baseline,500.0,60.0,500.0,0.0,165.0,541.533,60.0,60.0,50.0,0.0,0.0,0.0,50.0,50.0,
sp600_load025,7.3,baseline,500.0,60.0,500.0,0.0,165.0,541.5423,60.0,60.0,50.0,0.0,0.0,0.0,50.0,50.0,
sp600_load025,7.4,baseline,500.0,60.0,500.0,0.0,165.0,541.5515,60.0,60.0,50.0,0.0,0.0,0.0,50.0,50.0,
sp600_load025,7.5,baseline,500.0,60.0,500.0,0.0,165.0,541.5605,60.0,60.0,50.0,0.0,0.0,0.0,50.0,50.0,
sp600_load025,7.6,baseline,500.0,60.0,500.0,0.0,165.0,541.5693,60.0,60.0,50.0,0.0,0.0,0.0,50.0,50.0,
sp600_load025,7.7,baseline,500.0,60.0,500.0,0.0,165.0,541.5779,60.0,60.0,50.0,0.0,0.0,0.0,50.0,50.0,
sp600_load025,7.8,baseline,500.0,60.0,500.0,0.0,165.0,541.5863,60.0,60.0,50.0,0.0,0.0,0.0,50.0,50.0,
sp600_load025,7.9,baseline,500.0,60.0,500.0,0.0,165.0,541.5946,60.0,60.0,50.0,0.0,0.0,0.0,50.0,50.0,
sp600_load025,8.0,baseline,500.0,60.0,500.0,0.0,165.0,541.6027,60.0,60.0,50.0,0.0,0.0,0.0,50.0,50.0,
sp600_load025,8.1,baseline,500.0,60.0,500.0,0.0,165.0,541.6106,60.0,60.0,50.0,0.0,0.0,0.0,50.0,50.0,
sp600_load025,8.2,baseline,500.0,60.0,500.0,0.0,165.0,541.6184,60.0,60.0,50.0,0.0,0.0,0.0,50.0,50.0,
sp600_load025,8.3,baseline,500.0,60.0,500.0,0.0,165.0,541.6261,60.0,60.0,50.0,0.0,0.0,0.0,50.0,50.0,
sp600_load025,8.4,baseline,500.0,60.0,500.0,0.0,165.0,541.6335,60.0,60.0,50.0,0.0,0.0,0.0,50.0,50.0,
sp600_load025,8.5,baseline,500.0,60.0,500.0,0.0,165.0,541.6409,60.0,60.0,50.0,0.0,0.0,0.0,50.0,50.0,
sp600_load025,8.6,baseline,500.0,60.0,500.0,0.0,165.0,541.6481,60.0,60.0,50.0,0.0,0.0,0.0,50.0,50.0,
sp600_load025,8.7,baseline,500.0,60.0,500.0,0.0,165.0,541.6551,60.0,60.0,50.0,0.0,0.0,0.0,50.0,50.0,
sp600_load025,8.8,baseline,500.0,60.0,500.0,0.0,165.0,541.662,60.0,60.0,50.0,0.0,0.0,0.0,50.0,50.0,
sp600_load025,8.9,baseline,500.0,60.0,500.0,0.0,165.0,541.6688,60.0,60.0,50.0,0.0,0.0,0.0,50.0,50.0,
sp600_load025,9.0,baseline,500.0,60.0,500.0,0.0,165.0,541.6754,60.0,60.0,50.0,0.0,0.0,0.0,50.0,50.0,
sp600_load025,9.1,baseline,500.0,60.0,500.0,0.0,165.0,541.6819,60.0,60.0,50.0,0.0,0.0,0.0,50.0,50.0,
sp600_load025,9.2,baseline,500.0,60.0,500.0,0.0,165.0,541.6882,60.0,60.0,50.0,0.0,0.0,0.0,50.0,50.0,
sp600_load025,9.3,baseline,500.0,60.0,500.0,0.0,165.0,541.6945,60.0,60.0,50.0,0.0,0.0,0.0,50.0,50.0,
sp600_load025,9.4,baseline,500.0,60.0,500.0,0.0,165.0,541.7006,60.0,60.0,50.0,0.0,0.0,0.0,50.0,50.0,
sp600_load025,9.5,baseline,500.0,60.0,500.0,0.0,165.0,541.7066,60.0,60.0,50.0,0.0,0.0,0.0,50.0,50.0,
sp600_load025,9.6,baseline,500.0,60.0,500.0,0.0,165.0,541.7124,60.0,60.0,50.0,0.0,0.0,0.0,50.0,50.0,
sp600_load025,9.7,baseline,500.0,60.0,500.0,0.0,165.0,541.7182,60.0,60.0,50.0,0.0,0.0,0.0,50.0,50.0,
sp600_load025,9.8,baseline,500.0,60.0,500.0,0.0,165.0,541.7238,60.0,60.0,50.0,0.0,0.0,0.0,50.0,50.0,
sp600_load025,9.9,baseline,500.0,60.0,500.0,0.0,165.0,541.7293,60.0,60.0,50.0,0.0,0.0,0.0,50.0,50.0,
sp600_load025,10.0,baseline,500.0,60.0,500.0,0.0,165.0,541.7348,60.0,60.0,50.0,0.0,0.0,0.0,50.0,50.0,
sp600_load025,10.1,baseline,500.0,60.0,500.0,0.0,165.0,541.7401,60.0,60.0,50.0,0.0,0.0,0.0,50.0,50.0,
sp600_load025,10.2,baseline,500.0,60.0,500.0,0.0,165.0,541.7453,60.0,60.0,50.0,0.0,0.0,0.0,50.0,50.0,
sp600_load025,10.3,baseline,500.0,60.0,500.0,0.0,165.0,541.7504,60.0,60.0,50.0,0.0,0.0,0.0,50.0,50.0,
sp600_load025,10.4,baseline,500.0,60.0,500.0,0.0,165.0,541.7554,60.0,60.0,50.0,0.0,0.0,0.0,50.0,50.0,
sp600_load025,10.5,baseline,500.0,60.0,500.0,0.0,165.0,541.7602,60.0,60.0,50.0,0.0,0.0,0.0,50.0,50.0,
sp600_load025,10.6,baseline,500.0,60.0,500.0,0.0,165.0,541.765,60.0,60.0,50.0,0.0,0.0,0.0,50.0,50.0,
sp600_load025,10.7,baseline,500.0,60.0,500.0,0.0,165.0,541.7697,60.0,60.0,50.0,0.0,0.0,0.0,50.0,50.0,
sp600_load025,10.8,baseline,500.0,60.0,500.0,0.0,165.0,541.7743,60.0,60.0,50.0,0.0,0.0,0.0,50.0,50.0,
sp600_load025,10.9,baseline,500.0,60.0,500.0,0.0,165.0,541.7789,60.0,60.0,50.0,0.0,0.0,0.0,50.0,50.0,
sp600_load025,11.0,baseline,500.0,60.0,500.0,0.0,165.0,541.7833,60.0,60.0,50.0,0.0,0.0,0.0,50.0,50.0,
sp600_load025,11.1,baseline,500.0,60.0,500.0,0.0,165.0,541.7876,60.0,60.0,50.0,0.0,0.0,0.0,50.0,50.0,
sp600_load025,11.2,baseline,500.0,60.0,500.0,0.0,165.0,541.7919,60.0,60.0,50.0,0.0,0.0,0.0,50.0,50.0,
sp600_load025,11.3,baseline,500.0,60.0,500.0,0.0,165.0,541.796,60.0,60.0,50.0,0.0,0.0,0.0,50.0,50.0,
sp600_load025,11.4,baseline,500.0,60.0,500.0,0.0,165.0,541.8001,60.0,60.0,50.0,0.0,0.0,0.0,50.0,50.0,
sp600_load025,11.5,baseline,500.0,60.0,500.0,0.0,165.0,541.8041,60.0,60.0,50.0,0.0,0.0,0.0,50.0,50.0,
sp600_load025,11.6,baseline,500.0,60.0,500.0,0.0,165.0,541.808,60.0,60.0,50.0,0.0,0.0,0.0,50.0,50.0,
sp600_load025,11.7,baseline,500.0,60.0,500.0,0.0,165.0,541.8119,60.0,60.0,50.0,0.0,0.0,0.0,50.0,50.0,
sp600_load025,11.8,baseline,500.0,60.0,500.0,0.0,165.0,541.8156,60.0,60.0,50.0,0.0,0.0,0.0,50.0,50.0,
sp600_load025,11.9,baseline,500.0,60.0,500.0,0.0,165.0,541.8193,60.0,60.0,50.0,0.0,0.0,0.0,50.0,50.0,
sp600_load025,12.0,baseline,500.0,60.0,500.0,0.0,165.0,541.8229,60.0,60.0,50.0,0.0,0.0,0.0,50.0,50.0,
sp600_load025,12.1,baseline,500.0,60.0,500.0,0.0,165.0,541.8265,60.0,60.0,50.0,0.0,0.0,0.0,50.0,50.0,
sp600_load025,12.2,baseline,500.0,60.0,500.0,0.0,165.0,541.8299,60.0,60.0,50.0,0.0,0.0,0.0,50.0,50.0,
sp600_load025,12.3,baseline,500.0,60.0,500.0,0.0,165.0,541.8333,60.0,60.0,50.0,0.0,0.0,0.0,50.0,50.0,
sp600_load025,12.4,baseline,500.0,60.0,500.0,0.0,165.0,541.8367,60.0,60.0,50.0,0.0,0.0,0.0,50.0,50.0,
sp600_load025,12.5,baseline,500.0,60.0,500.0,0.0,165.0,541.8399,60.0,60.0,50.0,0.0,0.0,0.0,50.0,50.0,
sp600_load025,12.6,baseline,500.0,60.0,500.0,0.0,165.0,541.8431,60.0,60.0,50.0,0.0,0.0,0.0,50.0,50.0,
sp600_load025,12.7,baseline,500.0,60.0,500.0,0.0,165.0,541.8463,60.0,60.0,50.0,0.0,0.0,0.0,50.0,50.0,
sp600_load025,12.8,baseline,500.0,60.0,500.0,0.0,165.0,541.8494,60.0,60.0,50.0,0.0,0.0,0.0,50.0,50.0,
sp600_load025,12.9,baseline,500.0,60.0,500.0,0.0,165.0,541.8524,60.0,60.0,50.0,0.0,0.0,0.0,50.0,50.0,
sp600_load025,13.0,baseline,500.0,60.0,500.0,0.0,165.0,541.8553,60.0,60.0,50.0,0.0,0.0,0.0,50.0,50.0,
sp600_load025,13.1,baseline,500.0,60.0,500.0,0.0,165.0,541.8582,60.0,60.0,50.0,0.0,0.0,0.0,50.0,50.0,
sp600_load025,13.2,baseline,500.0,60.0,500.0,0.0,165.0,541.861,60.0,60.0,50.0,0.0,0.0,0.0,50.0,50.0,
sp600_load025,13.3,baseline,500.0,60.0,500.0,0.0,165.0,541.8638,60.0,60.0,50.0,0.0,0.0,0.0,50.0,50.0,
sp600_load025,13.4,baseline,500.0,60.0,500.0,0.0,165.0,541.8665,60.0,60.0,50.0,0.0,0.0,0.0,50.0,50.0,
sp600_load025,13.5,baseline,500.0,60.0,500.0,0.0,165.0,541.8692,60.0,60.0,50.0,0.0,0.0,0.0,50.0,50.0,
sp600_load025,13.6,baseline,500.0,60.0,500.0,0.0,165.0,541.8718,60.0,60.0,50.0,0.0,0.0,0.0,50.0,50.0,
sp600_load025,13.7,baseline,500.0,60.0,500.0,0.0,165.0,541.8744,60.0,60.0,50.0,0.0,0.0,0.0,50.0,50.0,
sp600_load025,13.8,baseline,500.0,60.0,500.0,0.0,165.0,541.8769,60.0,60.0,50.0,0.0,0.0,0.0,50.0,50.0,
sp600_load025,13.9,baseline,500.0,60.0,500.0,0.0,165.0,541.8794,60.0,60.0,50.0,0.0,0.0,0.0,50.0,50.0,
sp600_load025,14.0,baseline,500.0,60.0,500.0,0.0,165.0,541.8818,60.0,60.0,50.0,0.0,0.0,0.0,50.0,50.0,
sp600_load025,14.1,baseline,500.0,60.0,500.0,0.0,165.0,541.8841,60.0,60.0,50.0,0.0,0.0,0.0,50.0,50.0,
sp600_load025,14.2,baseline,500.0,60.0,500.0,0.0,165.0,541.8865,60.0,60.0,50.0,0.0,0.0,0.0,50.0,50.0,
sp600_load025,14.3,baseline,500.0,60.0,500.0,0.0,165.0,541.8887,60.0,60.0,50.0,0.0,0.0,0.0,50.0,50.0,
sp600_load025,14.4,baseline,500.0,60.0,500.0,0.0,165.0,541.891,60.0,60.0,50.0,0.0,0.0,0.0,50.0,50.0,
sp600_load025,14.5,baseline,500.0,60.0,500.0,0.0,165.0,541.8931,60.0,60.0,50.0,0.0,0.0,0.0,50.0,50.0,
sp600_load025,14.6,baseline,500.0,60.0,500.0,0.0,165.0,541.8953,60.0,60.0,50.0,0.0,0.0,0.0,50.0,50.0,
sp600_load025,14.7,baseline,500.0,60.0,500.0,0.0,165.0,541.8974,60.0,60.0,50.0,0.0,0.0,0.0,50.0,50.0,
sp600_load025,14.8,baseline,500.0,60.0,500.0,0.0,165.0,541.8994,60.0,60.0,50.0,0.0,0.0,0.0,50.0,50.0,
sp600_load025,14.9,baseline,500.0,60.0,500.0,0.0,165.0,541.9014,60.0,60.0,50.0,0.0,0.0,0.0,50.0,50.0,
sp600_load025,15.0,baseline,500.0,60.0,500.0,0.0,165.0,541.9034,60.0,60.0,50.0,0.0,0.0,0.0,50.0,50.0,
sp600_load025,15.1,baseline,500.0,60.0,500.0,0.0,165.0,541.9053,60.0,60.0,50.0,0.0,0.0,0.0,50.0,50.0,
sp600_load025,15.2,baseline,500.0,60.0,500.0,0.0,165.0,541.9072,60.0,60.0,50.0,0.0,0.0,0.0,50.0,50.0,
sp600_load025,15.3,baseline,500.0,60.0,500.0,0.0,165.0,541.9091,60.0,60.0,50.0,0.0,0.0,0.0,50.0,50.0,
sp600_load025,15.4,baseline,500.0,60.0,500.0,0.0,165.0,541.9109,60.0,60.0,50.0,0.0,0.0,0.0,50.0,50.0,
sp600_load025,15.5,baseline,500.0,60.0,500.0,0.0,165.0,541.9127,60.0,60.0,50.0,0.0,0.0,0.0,50.0,50.0,
sp600_load025,15.6,baseline,500.0,60.0,500.0,0.0,165.0,541.9144,60.0,60.0,50.0,0.0,0.0,0.0,50.0,50.0,
sp600_load025,15.7,baseline,500.0,60.0,500.0,0.0,165.0,541.9161,60.0,60.0,50.0,0.0,0.0,0.0,50.0,50.0,
sp600_load025,15.8,baseline,500.0,60.0,500.0,0.0,165.0,541.9178,60.0,60.0,50.0,0.0,0.0,0.0,50.0,50.0,
sp600_load025,15.9,baseline,500.0,60.0,500.0,0.0,165.0,541.9195,60.0,60.0,50.0,0.0,0.0,0.0,50.0,50.0,
sp600_load025,16.0,baseline,500.0,60.0,500.0,0.0,165.0,541.9211,60.0,60.0,50.0,0.0,0.0,0.0,50.0,50.0,
sp600_load025,16.1,baseline,500.0,60.0,500.0,0.0,165.0,541.9227,60.0,60.0,50.0,0.0,0.0,0.0,50.0,50.0,
sp600_load025,16.2,baseline,500.0,60.0,500.0,0.0,165.0,541.9242,60.0,60.0,50.0,0.0,0.0,0.0,50.0,50.0,
sp600_load025,16.3,baseline,500.0,60.0,500.0,0.0,165.0,541.9257,60.0,60.0,50.0,0.0,0.0,0.0,50.0,50.0,
sp600_load025,16.4,baseline,500.0,60.0,500.0,0.0,165.0,541.9272,60.0,60.0,50.0,0.0,0.0,0.0,50.0,50.0,
sp600_load025,16.5,baseline,500.0,60.0,500.0,0.0,165.0,541.9287,60.0,60.0,50.0,0.0,0.0,0.0,50.0,50.0,
sp600_load025,16.6,baseline,500.0,60.0,500.0,0.0,165.0,541.9301,60.0,60.0,50.0,0.0,0.0,0.0,50.0,50.0,
sp600_load025,16.7,baseline,500.0,60.0,500.0,0.0,165.0,541.9315,60.0,60.0,50.0,0.0,0.0,0.0,50.0,50.0,
sp600_load025,16.8,baseline,500.0,60.0,500.0,0.0,165.0,541.9329,60.0,60.0,50.0,0.0,0.0,0.0,50.0,50.0,
sp600_load025,16.9,baseline,500.0,60.0,500.0,0.0,165.0,541.9342,60.0,60.0,50.0,0.0,0.0,0.0,50.0,50.0,
sp600_load025,17.0,baseline,500.0,60.0,500.0,0.0,165.0,541.9355,60.0,60.0,50.0,0.0,0.0,0.0,50.0,50.0,
sp600_load025,17.1,baseline,500.0,60.0,500.0,0.0,165.0,541.9368,60.0,60.0,50.0,0.0,0.0,0.0,50.0,50.0,
sp600_load025,17.2,baseline,500.0,60.0,500.0,0.0,165.0,541.9381,60.0,60.0,50.0,0.0,0.0,0.0,50.0,50.0,
sp600_load025,17.3,baseline,500.0,60.0,500.0,0.0,165.0,541.9393,60.0,60.0,50.0,0.0,0.0,0.0,50.0,50.0,
sp600_load025,17.4,baseline,500.0,60.0,500.0,0.0,165.0,541.9405,60.0,60.0,50.0,0.0,0.0,0.0,50.0,50.0,
sp600_load025,17.5,baseline,500.0,60.0,500.0,0.0,165.0,541.9417,60.0,60.0,50.0,0.0,0.0,0.0,50.0,50.0,
sp600_load025,17.6,baseline,500.0,60.0,500.0,0.0,165.0,541.9429,60.0,60.0,50.0,0.0,0.0,0.0,50.0,50.0,
sp600_load025,17.7,baseline,500.0,60.0,500.0,0.0,165.0,541.944,60.0,60.0,50.0,0.0,0.0,0.0,50.0,50.0,
sp600_load025,17.8,baseline,500.0,60.0,500.0,0.0,165.0,541.9451,60.0,60.0,50.0,0.0,0.0,0.0,50.0,50.0,
sp600_load025,17.9,baseline,500.0,60.0,500.0,0.0,165.0,541.9462,60.0,60.0,50.0,0.0,0.0,0.0,50.0,50.0,
sp600_load025,18.0,baseline,500.0,60.0,500.0,0.0,165.0,541.9473,60.0,60.0,50.0,0.0,0.0,0.0,50.0,50.0,
sp600_load025,18.1,baseline,500.0,60.0,500.0,0.0,165.0,541.9484,60.0,60.0,50.0,0.0,0.0,0.0,50.0,50.0,
sp600_load025,18.2,baseline,500.0,60.0,500.0,0.0,165.0,541.9494,60.0,60.0,50.0,0.0,0.0,0.0,50.0,50.0,
sp600_load025,18.3,baseline,500.0,60.0,500.0,0.0,165.0,541.9504,60.0,60.0,50.0,0.0,0.0,0.0,50.0,50.0,
sp600_load025,18.4,baseline,500.0,60.0,500.0,0.0,165.0,541.9514,60.0,60.0,50.0,0.0,0.0,0.0,50.0,50.0,
sp600_load025,18.5,baseline,500.0,60.0,500.0,0.0,165.0,541.9524,60.0,60.0,50.0,0.0,0.0,0.0,50.0,50.0,
sp600_load025,18.6,baseline,500.0,60.0,500.0,0.0,165.0,541.9533,60.0,60.0,50.0,0.0,0.0,0.0,50.0,50.0,
sp600_load025,18.7,baseline,500.0,60.0,500.0,0.0,165.0,541.9543,60.0,60.0,50.0,0.0,0.0,0.0,50.0,50.0,
sp600_load025,18.8,baseline,500.0,60.0,500.0,0.0,165.0,541.9552,60.0,60.0,50.0,0.0,0.0,0.0,50.0,50.0,
sp600_load025,18.9,baseline,500.0,60.0,500.0,0.0,165.0,541.9561,60.0,60.0,50.0,0.0,0.0,0.0,50.0,50.0,
sp600_load025,19.0,baseline,500.0,60.0,500.0,0.0,165.0,541.9569,60.0,60.0,50.0,0.0,0.0,0.0,50.0,50.0,
sp600_load025,19.1,baseline,500.0,60.0,500.0,0.0,165.0,541.9578,60.0,60.0,50.0,0.0,0.0,0.0,50.0,50.0,
sp600_load025,19.2,baseline,500.0,60.0,500.0,0.0,165.0,541.9587,60.0,60.0,50.0,0.0,0.0,0.0,50.0,50.0,
sp600_load025,19.3,baseline,500.0,60.0,500.0,0.0,165.0,541.9595,60.0,60.0,50.0,0.0,0.0,0.0,50.0,50.0,
sp600_load025,19.4,baseline,500.0,60.0,500.0,0.0,165.0,541.9603,60.0,60.0,50.0,0.0,0.0,0.0,50.0,50.0,
sp600_load025,19.5,baseline,500.0,60.0,500.0,0.0,165.0,541.9611,60.0,60.0,50.0,0.0,0.0,0.0,50.0,50.0,
sp600_load025,19.6,baseline,500.0,60.0,500.0,0.0,165.0,541.9619,60.0,60.0,50.0,0.0,0.0,0.0,50.0,50.0,
sp600_load025,19.7,baseline,500.0,60.0,500.0,0.0,165.0,541.9626,60.0,60.0,50.0,0.0,0.0,0.0,50.0,50.0,
sp600_load025,19.8,baseline,500.0,60.0,500.0,0.0,165.0,541.9634,60.0,60.0,50.0,0.0,0.0,0.0,50.0,50.0,
sp600_load025,19.9,baseline,500.0,60.0,500.0,0.0,165.0,541.9641,60.0,60.0,50.0,0.0,0.0,0.0,50.0,50.0,
sp600_load025,20.0,baseline,500.0,60.0,500.0,0.0,165.0,541.9648,60.0,60.0,50.0,0.0,0.0,0.0,50.0,50.0,
sp600_load025,20.1,baseline,500.0,60.0,500.0,0.0,165.0,541.9655,60.0,60.0,50.0,0.0,0.0,0.0,50.0,50.0,
sp600_load025,20.2,baseline,500.0,60.0,500.0,0.0,165.0,541.9662,60.0,60.0,50.0,0.0,0.0,0.0,50.0,50.0,
sp600_load025,20.3,baseline,500.0,60.0,500.0,0.0,165.0,541.9669,60.0,60.0,50.0,0.0,0.0,0.0,50.0,50.0,
sp600_load025,20.4,baseline,500.0,60.0,500.0,0.0,165.0,541.9676,60.0,60.0,50.0,0.0,0.0,0.0,50.0,50.0,
sp600_load025,20.5,baseline,500.0,60.0,500.0,0.0,165.0,541.9682,60.0,60.0,50.0,0.0,0.0,0.0,50.0,50.0,
sp600_load025,20.6,baseline,500.0,60.0,500.0,0.0,165.0,541.9688,60.0,60.0,50.0,0.0,0.0,0.0,50.0,50.0,
sp600_load025,20.7,baseline,500.0,60.0,500.0,0.0,165.0,541.9695,60.0,60.0,50.0,0.0,0.0,0.0,50.0,50.0,
sp600_load025,20.8,baseline,500.0,60.0,500.0,0.0,165.0,541.9701,60.0,60.0,50.0,0.0,0.0,0.0,50.0,50.0,
sp600_load025,20.9,baseline,500.0,60.0,500.0,0.0,165.0,541.9707,60.0,60.0,50.0,0.0,0.0,0.0,50.0,50.0,
sp600_load025,21.0,baseline,500.0,60.0,500.0,0.0,165.0,541.9713,60.0,60.0,50.0,0.0,0.0,0.0,50.0,50.0,
sp600_load025,21.1,baseline,500.0,60.0,500.0,0.0,165.0,541.9718,60.0,60.0,50.0,0.0,0.0,0.0,50.0,50.0,
sp600_load025,21.2,baseline,500.0,60.0,500.0,0.0,165.0,541.9724,60.0,60.0,50.0,0.0,0.0,0.0,50.0,50.0,
sp600_load025,21.3,baseline,500.0,60.0,500.0,0.0,165.0,541.9729,60.0,60.0,50.0,0.0,0.0,0.0,50.0,50.0,
sp600_load025,21.4,baseline,500.0,60.0,500.0,0.0,165.0,541.9735,60.0,60.0,50.0,0.0,0.0,0.0,50.0,50.0,
sp600_load025,21.5,baseline,500.0,60.0,500.0,0.0,165.0,541.974,60.0,60.0,50.0,0.0,0.0,0.0,50.0,50.0,
sp600_load025,21.6,baseline,500.0,60.0,500.0,0.0,165.0,541.9745,60.0,60.0,50.0,0.0,0.0,0.0,50.0,50.0,
sp600_load025,21.7,baseline,500.0,60.0,500.0,0.0,165.0,541.975,60.0,60.0,50.0,0.0,0.0,0.0,50.0,50.0,
sp600_load025,21.8,baseline,500.0,60.0,500.0,0.0,165.0,541.9755,60.0,60.0,50.0,0.0,0.0,0.0,50.0,50.0,
sp600_load025,21.9,baseline,500.0,60.0,500.0,0.0,165.0,541.976,60.0,60.0,50.0,0.0,0.0,0.0,50.0,50.0,
sp600_load025,22.0,baseline,500.0,60.0,500.0,0.0,165.0,541.9765,60.0,60.0,50.0,0.0,0.0,0.0,50.0,50.0,
sp600_load025,22.1,baseline,500.0,60.0,500.0,0.0,165.0,541.977,60.0,60.0,50.0,0.0,0.0,0.0,50.0,50.0,
sp600_load025,22.2,baseline,500.0,60.0,500.0,0.0,165.0,541.9774,60.0,60.0,50.0,0.0,0.0,0.0,50.0,50.0,
sp600_load025,22.3,baseline,500.0,60.0,500.0,0.0,165.0,541.9779,60.0,60.0,50.0,0.0,0.0,0.0,50.0,50.0,
sp600_load025,22.4,baseline,500.0,60.0,500.0,0.0,165.0,541.9783,60.0,60.0,50.0,0.0,0.0,0.0,50.0,50.0,
sp600_load025,22.5,baseline,500.0,60.0,500.0,0.0,165.0,541.9788,60.0,60.0,50.0,0.0,0.0,0.0,50.0,50.0,
sp600_load025,22.6,baseline,500.0,60.0,500.0,0.0,165.0,541.9792,60.0,60.0,50.0,0.0,0.0,0.0,50.0,50.0,
sp600_load025,22.7,baseline,500.0,60.0,500.0,0.0,165.0,541.9796,60.0,60.0,50.0,0.0,0.0,0.0,50.0,50.0,
sp600_load025,22.8,baseline,500.0,60.0,500.0,0.0,165.0,541.98,60.0,60.0,50.0,0.0,0.0,0.0,50.0,50.0,
sp600_load025,22.9,baseline,500.0,60.0,500.0,0.0,165.0,541.9804,60.0,60.0,50.0,0.0,0.0,0.0,50.0,50.0,
sp600_load025,23.0,baseline,500.0,60.0,500.0,0.0,165.0,541.9808,60.0,60.0,50.0,0.0,0.0,0.0,50.0,50.0,
sp600_load025,23.1,baseline,500.0,60.0,500.0,0.0,165.0,541.9812,60.0,60.0,50.0,0.0,0.0,0.0,50.0,50.0,
sp600_load025,23.2,baseline,500.0,60.0,500.0,0.0,165.0,541.9816,60.0,60.0,50.0,0.0,0.0,0.0,50.0,50.0,
sp600_load025,23.3,baseline,500.0,60.0,500.0,0.0,165.0,541.9819,60.0,60.0,50.0,0.0,0.0,0.0,50.0,50.0,
sp600_load025,23.4,baseline,500.0,60.0,500.0,0.0,165.0,541.9823,60.0,60.0,50.0,0.0,0.0,0.0,50.0,50.0,
sp600_load025,23.5,baseline,500.0,60.0,500.0,0.0,165.0,541.9827,60.0,60.0,50.0,0.0,0.0,0.0,50.0,50.0,
sp600_load025,23.6,baseline,500.0,60.0,500.0,0.0,165.0,541.983,60.0,60.0,50.0,0.0,0.0,0.0,50.0,50.0,
sp600_load025,23.7,baseline,500.0,60.0,500.0,0.0,165.0,541.9833,60.0,60.0,50.0,0.0,0.0,0.0,50.0,50.0,
sp600_load025,23.8,baseline,500.0,60.0,500.0,0.0,165.0,541.9837,60.0,60.0,50.0,0.0,0.0,0.0,50.0,50.0,
sp600_load025,23.9,baseline,500.0,60.0,500.0,0.0,165.0,541.984,60.0,60.0,50.0,0.0,0.0,0.0,50.0,50.0,
sp600_load025,24.0,baseline,500.0,60.0,500.0,0.0,165.0,541.9843,60.0,60.0,50.0,0.0,0.0,0.0,50.0,50.0,
sp600_load025,24.1,baseline,500.0,60.0,500.0,0.0,165.0,541.9846,60.0,60.0,50.0,0.0,0.0,0.0,50.0,50.0,
sp600_load025,24.2,baseline,500.0,60.0,500.0,0.0,165.0,541.9849,60.0,60.0,50.0,0.0,0.0,0.0,50.0,50.0,
sp600_load025,24.3,baseline,500.0,60.0,500.0,0.0,165.0,541.9852,60.0,60.0,50.0,0.0,0.0,0.0,50.0,50.0,
sp600_load025,24.4,baseline,500.0,60.0,500.0,0.0,165.0,541.9855,60.0,60.0,50.0,0.0,0.0,0.0,50.0,50.0,
sp600_load025,24.5,baseline,500.0,60.0,500.0,0.0,165.0,541.9858,60.0,60.0,50.0,0.0,0.0,0.0,50.0,50.0,
sp600_load025,24.6,baseline,500.0,60.0,500.0,0.0,165.0,541.9861,60.0,60.0,50.0,0.0,0.0,0.0,50.0,50.0,
sp600_load025,24.7,baseline,500.0,60.0,500.0,0.0,165.0,541.9864,60.0,60.0,50.0,0.0,0.0,0.0,50.0,50.0,
sp600_load025,24.8,baseline,500.0,60.0,500.0,0.0,165.0,541.9867,60.0,60.0,50.0,0.0,0.0,0.0,50.0,50.0,
sp600_load025,24.9,baseline,500.0,60.0,500.0,0.0,165.0,541.9869,60.0,60.0,50.0,0.0,0.0,0.0,50.0,50.0,
sp600_load025,25.0,baseline,500.0,60.0,500.0,0.0,165.0,541.9872,60.0,60.0,50.0,0.0,0.0,0.0,50.0,50.0,
sp600_load025,25.1,baseline,500.0,60.0,500.0,0.0,165.0,541.9874,60.0,60.0,50.0,0.0,0.0,0.0,50.0,50.0,
sp600_load025,25.2,baseline,500.0,60.0,500.0,0.0,165.0,541.9877,60.0,60.0,50.0,0.0,0.0,0.0,50.0,50.0,
sp600_load025,25.3,baseline,500.0,60.0,500.0,0.0,165.0,541.9879,60.0,60.0,50.0,0.0,0.0,0.0,50.0,50.0,
sp600_load025,25.4,baseline,500.0,60.0,500.0,0.0,165.0,541.9882,60.0,60.0,50.0,0.0,0.0,0.0,50.0,50.0,
sp600_load025,25.5,baseline,500.0,60.0,500.0,0.0,165.0,541.9884,60.0,60.0,50.0,0.0,0.0,0.0,50.0,50.0,
sp600_load025,25.6,baseline,500.0,60.0,500.0,0.0,165.0,541.9887,60.0,60.0,50.0,0.0,0.0,0.0,50.0,50.0,
sp600_load025,25.7,baseline,500.0,60.0,500.0,0.0,165.0,541.9889,60.0,60.0,50.0,0.0,0.0,0.0,50.0,50.0,
sp600_load025,25.8,baseline,500.0,60.0,500.0,0.0,165.0,541.9891,60.0,60.0,50.0,0.0,0.0,0.0,50.0,50.0,
sp600_load025,25.9,baseline,500.0,60.0,500.0,0.0,165.0,541.9893,60.0,60.0,50.0,0.0,0.0,0.0,50.0,50.0,
sp600_load025,26.0,baseline,500.0,60.0,500.0,0.0,165.0,541.9895,60.0,60.0,50.0,0.0,0.0,0.0,50.0,50.0,
sp600_load025,26.1,baseline,500.0,60.0,500.0,0.0,165.0,541.9897,60.0,60.0,50.0,0.0,0.0,0.0,50.0,50.0,
sp600_load025,26.2,baseline,500.0,60.0,500.0,0.0,165.0,541.9899,60.0,60.0,50.0,0.0,0.0,0.0,50.0,50.0,
sp600_load025,26.3,baseline,500.0,60.0,500.0,0.0,165.0,541.9901,60.0,60.0,50.0,0.0,0.0,0.0,50.0,50.0,
sp600_load025,26.4,baseline,500.0,60.0,500.0,0.0,165.0,541.9903,60.0,60.0,50.0,0.0,0.0,0.0,50.0,50.0,
sp600_load025,26.5,baseline,500.0,60.0,500.0,0.0,165.0,541.9905,60.0,60.0,50.0,0.0,0.0,0.0,50.0,50.0,
sp600_load025,26.6,baseline,500.0,60.0,500.0,0.0,165.0,541.9907,60.0,60.0,50.0,0.0,0.0,0.0,50.0,50.0,
sp600_load025,26.7,baseline,500.0,60.0,500.0,0.0,165.0,541.9909,60.0,60.0,50.0,0.0,0.0,0.0,50.0,50.0,
sp600_load025,26.8,baseline,500.0,60.0,500.0,0.0,165.0,541.9911,60.0,60.0,50.0,0.0,0.0,0.0,50.0,50.0,
sp600_load025,26.9,baseline,500.0,60.0,500.0,0.0,165.0,541.9913,60.0,60.0,50.0,0.0,0.0,0.0,50.0,50.0,
sp600_load025,27.0,baseline,500.0,60.0,500.0,0.0,165.0,541.9914,60.0,60.0,50.0,0.0,0.0,0.0,50.0,50.0,
sp600_load025,27.1,baseline,500.0,60.0,500.0,0.0,165.0,541.9916,60.0,60.0,50.0,0.0,0.0,0.0,50.0,50.0,
sp600_load025,27.2,baseline,500.0,60.0,500.0,0.0,165.0,541.9918,60.0,60.0,50.0,0.0,0.0,0.0,50.0,50.0,
sp600_load025,27.3,baseline,500.0,60.0,500.0,0.0,165.0,541.992,60.0,60.0,50.0,0.0,0.0,0.0,50.0,50.0,
sp600_load025,27.4,baseline,500.0,60.0,500.0,0.0,165.0,541.9921,60.0,60.0,50.0,0.0,0.0,0.0,50.0,50.0,
sp600_load025,27.5,baseline,500.0,60.0,500.0,0.0,165.0,541.9923,60.0,60.0,50.0,0.0,0.0,0.0,50.0,50.0,
sp600_load025,27.6,baseline,500.0,60.0,500.0,0.0,165.0,541.9924,60.0,60.0,50.0,0.0,0.0,0.0,50.0,50.0,
sp600_load025,27.7,baseline,500.0,60.0,500.0,0.0,165.0,541.9926,60.0,60.0,50.0,0.0,0.0,0.0,50.0,50.0,
sp600_load025,27.8,baseline,500.0,60.0,500.0,0.0,165.0,541.9927,60.0,60.0,50.0,0.0,0.0,0.0,50.0,50.0,
sp600_load025,27.9,baseline,500.0,60.0,500.0,0.0,165.0,541.9929,60.0,60.0,50.0,0.0,0.0,0.0,50.0,50.0,
sp600_load025,28.0,baseline,500.0,60.0,500.0,0.0,165.0,541.993,60.0,60.0,50.0,0.0,0.0,0.0,50.0,50.0,
sp600_load025,28.1,baseline,500.0,60.0,500.0,0.0,165.0,541.9932,60.0,60.0,50.0,0.0,0.0,0.0,50.0,50.0,
sp600_load025,28.2,baseline,500.0,60.0,500.0,0.0,165.0,541.9933,60.0,60.0,50.0,0.0,0.0,0.0,50.0,50.0,
sp600_load025,28.3,baseline,500.0,60.0,500.0,0.0,165.0,541.9934,60.0,60.0,50.0,0.0,0.0,0.0,50.0,50.0,
sp600_load025,28.4,baseline,500.0,60.0,500.0,0.0,165.0,541.9936,60.0,60.0,50.0,0.0,0.0,0.0,50.0,50.0,
sp600_load025,28.5,baseline,500.0,60.0,500.0,0.0,165.0,541.9937,60.0,60.0,50.0,0.0,0.0,0.0,50.0,50.0,
sp600_load025,28.6,baseline,500.0,60.0,500.0,0.0,165.0,541.9938,60.0,60.0,50.0,0.0,0.0,0.0,50.0,50.0,
sp600_load025,28.7,baseline,500.0,60.0,500.0,0.0,165.0,541.9939,60.0,60.0,50.0,0.0,0.0,0.0,50.0,50.0,
sp600_load025,28.8,baseline,500.0,60.0,500.0,0.0,165.0,541.9941,60.0,60.0,50.0,0.0,0.0,0.0,50.0,50.0,
sp600_load025,28.9,baseline,500.0,60.0,500.0,0.0,165.0,541.9942,60.0,60.0,50.0,0.0,0.0,0.0,50.0,50.0,
sp600_load025,29.0,baseline,500.0,60.0,500.0,0.0,165.0,541.9943,60.0,60.0,50.0,0.0,0.0,0.0,50.0,50.0,
sp600_load025,29.1,baseline,500.0,60.0,500.0,0.0,165.0,541.9944,60.0,60.0,50.0,0.0,0.0,0.0,50.0,50.0,
sp600_load025,29.2,baseline,500.0,60.0,500.0,0.0,165.0,541.9945,60.0,60.0,50.0,0.0,0.0,0.0,50.0,50.0,
sp600_load025,29.3,baseline,500.0,60.0,500.0,0.0,165.0,541.9946,60.0,60.0,50.0,0.0,0.0,0.0,50.0,50.0,
sp600_load025,29.4,baseline,500.0,60.0,500.0,0.0,165.0,541.9947,60.0,60.0,50.0,0.0,0.0,0.0,50.0,50.0,
sp600_load025,29.5,baseline,500.0,60.0,500.0,0.0,165.0,541.9948,60.0,60.0,50.0,0.0,0.0,0.0,50.0,50.0,
sp600_load025,29.6,baseline,500.0,60.0,500.0,0.0,165.0,541.9949,60.0,60.0,50.0,0.0,0.0,0.0,50.0,50.0,
sp600_load025,29.7,baseline,500.0,60.0,500.0,0.0,165.0,541.995,60.0,60.0,50.0,0.0,0.0,0.0,50.0,50.0,
sp600_load025,29.8,baseline,500.0,60.0,500.0,0.0,165.0,541.9951,60.0,60.0,50.0,0.0,0.0,0.0,50.0,50.0,
sp600_load025,29.9,baseline,500.0,60.0,500.0,0.0,165.0,541.9952,60.0,60.0,50.0,0.0,0.0,0.0,50.0,50.0,
sp600_load025,30.0,baseline,500.0,60.0,500.0,0.0,165.0,541.9953,60.0,60.0,50.0,0.0,0.0,0.0,50.0,50.0,
sp600_load025,30.1,response,600.0,25.0,501.668,100.0,164.937,541.9562,57.2,85.0,70.8333,15.0,0.2,50.0,20.8333,70.8333,
sp600_load025,30.2,response,600.0,25.0,500.9211,98.332,164.8179,541.8818,54.624,42.175,35.1458,14.7498,0.3967,-0.834,20.8333,35.1458,
sp600_load025,30.3,response,600.0,25.0,500.4256,99.0789,164.6491,541.7758,52.2541,43.9962,36.6635,14.8618,0.5948,0.3735,20.8333,36.6635,
sp600_load025,30.4,response,600.0,25.0,500.0716,99.5744,164.4363,541.6413,50.0738,44.1734,36.8112,14.9362,0.794,0.2477,20.8333,36.8112,
sp600_load025,30.5,response,600.0,25.0,499.851,99.9284,164.1847,541.4814,48.0679,44.3921,36.9934,14.9893,0.9938,0.177,20.8333,36.9934,
sp600_load025,30.6,response,600.0,25.0,499.7532,100.149,163.8992,541.2989,46.2224,44.5921,37.1601,15.0223,1.1941,0.1103,20.8333,37.1601,
sp600_load025,30.7,response,600.0,25.0,499.7683,100.2468,163.584,541.0963,44.5246,44.7767,37.3139,15.037,1.3946,0.0489,20.8333,37.3139,
sp600_load025,30.8,response,600.0,25.0,499.8874,100.2317,163.2432,540.8758,42.9627,44.9467,37.4556,15.0348,1.5951,-0.0076,20.8333,37.4556,
sp600_load025,30.9,response,600.0,25.0,500.102,100.1126,162.8802,540.6396,41.5256,45.1032,37.586,15.0169,1.7953,-0.0595,20.8333,37.586,
sp600_load025,31.0,response,600.0,25.0,500.4046,99.898,162.4984,540.3897,40.2036,45.247,37.7058,14.9847,1.9951,-0.1073,20.8333,37.7058,
sp600_load025,31.1,response,600.0,25.0,500.7881,99.5954,162.1006,540.1277,38.9873,45.3788,37.8156,14.9393,2.1943,-0.1513,20.8333,37.8156,
sp600_load025,31.2,response,600.0,25.0,501.246,99.2119,161.6897,539.8553,37.8683,45.4993,37.9161,14.8818,2.3927,-0.1917,20.8333,37.9161,
sp600_load025,31.3,response,600.0,25.0,501.7722,98.754,161.2678,539.574,36.8389,45.6093,38.0077,14.8131,2.5902,-0.2289,20.8333,38.0077,
sp600_load025,31.4,response,600.0,25.0,502.3612,98.2278,160.8374,539.285,35.8917,45.7093,38.0911,14.7342,2.7867,-0.2631,20.8333,38.0911,
sp600_load025,31.5,response,600.0,25.0,503.008,97.6388,160.4002,538.9896,35.0204,45.7999,38.1666,14.6458,2.982,-0.2945,20.8333,38.1666,
sp600_load025,31.6,response,600.0,25.0,503.7078,96.992,159.9581,538.6888,34.2188,45.8816,38.2347,14.5488,3.1759,-0.3234,20.8333,38.2347,
sp600_load025,31.7,response,600.0,25.0,504.4562,96.2922,159.5127,538.3838,33.4813,45.955,38.2958,14.4438,3.3685,-0.3499,20.8333,38.2958,
sp600_load025,31.8,response,600.0,25.0,505.2493,95.5438,159.0654,538.0754,32.8028,46.0204,38.3503,14.3316,3.5596,-0.3742,20.8333,38.3503,
sp600_load025,31.9,response,600.0,25.0,506.0832,94.7507,158.6174,537.7644,32.1786,46.0782,38.3985,14.2126,3.7491,-0.3965,20.8333,38.3985,
sp600_load025,32.0,response,600.0,25.0,506.9547,93.9168,158.17,537.4515,31.6043,46.129,38.4408,14.0875,3.937,-0.417,20.8333,38.4408,
sp600_load025,32.1,response,600.0,25.0,507.8605,93.0453,157.7241,537.1376,31.0759,46.1729,38.4774,13.9568,4.123,-0.4357,20.8333,38.4774,
sp600_load025,32.2,response,600.0,25.0,508.7978,92.1395,157.2807,536.8231,30.5899,46.2104,38.5087,13.8209,4.3073,-0.4529,20.8333,38.5087,
sp600_load025,32.3,response,600.0,25.0,509.7637,91.2022,156.8405,536.5086,30.1427,46.2417,38.5348,13.6803,4.4897,-0.4686,20.8333,38.5348,
sp600_load025,32.4,response,600.0,25.0,510.7559,90.2363,156.4042,536.1947,29.7313,46.2672,38.556,13.5354,4.6702,-0.483,20.8333,38.556,
sp600_load025,32.5,response,600.0,25.0,511.7719,89.2441,155.9725,535.8817,29.3528,46.2871,38.5726,13.3866,4.8487,-0.4961,20.8333,38.5726,
sp600_load025,32.6,response,600.0,25.0,512.8098,88.2281,155.5459,535.5701,29.0045,46.3016,38.5847,13.2342,5.0251,-0.508,20.8333,38.5847,
sp600_load025,32.7,response,600.0,25.0,513.8674,87.1902,155.125,535.2603,28.6842,46.311,38.5925,13.0785,5.1995,-0.5189,20.8333,38.5925,
sp600_load025,32.8,response,600.0,25.0,514.9429,86.1326,154.71,534.9526,28.3894,46.3155,38.5962,12.9199,5.3718,-0.5288,20.8333,38.5962,
sp600_load025,32.9,response,600.0,25.0,516.0347,85.0571,154.3013,534.6472,28.1183,46.3152,38.596,12.7586,5.5419,-0.5378,20.8333,38.596,
sp600_load025,33.0,response,600.0,25.0,517.1412,83.9653,153.8993,534.3444,27.8688,46.3105,38.592,12.5948,5.7098,-0.5459,20.8333,38.592,
sp600_load025,33.1,response,600.0,25.0,518.261,82.8588,153.5042,534.0444,27.6393,46.3013,38.5844,12.4288,5.8755,-0.5532,20.8333,38.5844,
sp600_load025,33.2,response,600.0,25.0,519.3926,81.739,153.1162,533.7476,27.4282,46.288,38.5734,12.2609,6.039,-0.5599,20.8333,38.5734,
sp600_load025,33.3,response,600.0,25.0,520.5348,80.6074,152.7355,533.4539,27.2339,46.2707,38.5589,12.0911,6.2002,-0.5658,20.8333,38.5589,
sp600_load025,33.4,response,600.0,25.0,521.6864,79.4652,152.3622,533.1636,27.0552,46.2494,38.5412,11.9198,6.3592,-0.5711,20.8333,38.5412,
sp600_load025,33.5,response,600.0,25.0,522.8464,78.3136,151.9964,532.8768,26.8908,46.2244,38.5203,11.747,6.5158,-0.5758,20.8333,38.5203,
sp600_load025,33.6,response,600.0,25.0,524.0138,77.1536,151.6381,532.5936,26.7395,46.1958,38.4965,11.573,6.6701,-0.58,20.8333,38.4965,
sp600_load025,33.7,response,600.0,25.0,525.1876,75.9862,151.2875,532.3141,26.6004,46.1636,38.4697,11.3979,6.8221,-0.5837,20.8333,38.4697,
sp600_load025,33.8,response,600.0,25.0,526.3669,74.8124,150.9445,532.0385,26.4723,46.128,38.44,11.2219,6.9717,-0.5869,20.8333,38.44,
sp600_load025,33.9,response,600.0,25.0,527.551,73.6331,150.6091,531.7666,26.3545,46.0891,38.4076,11.045,7.119,-0.5897,20.8333,38.4076,
sp600_load025,34.0,response,600.0,25.0,528.7391,72.449,150.2814,531.4988,26.2462,46.047,38.3725,10.8673,7.2639,-0.592,20.8333,38.3725,
sp600_load025,34.1,response,600.0,25.0,529.9304,71.2609,149.9613,531.2348,26.1465,46.0018,38.3348,10.6891,7.4064,-0.594,20.8333,38.3348,
sp600_load025,34.2,response,600.0,25.0,531.1243,70.0696,149.6486,530.9749,26.0548,45.9536,38.2946,10.5104,7.5465,-0.5957,20.8333,38.2946,
sp600_load025,34.3,response,600.0,25.0,532.3202,68.8757,149.3435,530.719,25.9704,45.9024,38.252,10.3314,7.6843,-0.597,20.8333,38.252,
sp600_load025,34.4,response,600.0,25.0,533.5176,67.6798,149.0458,530.4671,25.8928,45.8484,38.207,10.152,7.8196,-0.598,20.8333,38.207,
sp600_load025,34.5,response,600.0,25.0,534.7158,66.4824,148.7554,530.2193,25.8213,45.7916,38.1596,9.9724,7.9526,-0.5987,20.8333,38.1596,
sp600_load025,34.6,response,600.0,25.0,535.9144,65.2842,148.4722,529.9755,25.7556,45.732,38.11,9.7926,8.0832,-0.5991,20.8333,38.11,
sp600_load025,34.7,response,600.0,25.0,537.1129,64.0856,148.1962,529.7357,25.6952,45.6699,38.0582,9.6128,8.2113,-0.5993,20.8333,38.0582,
sp600_load025,34.8,response,600.0,25.0,538.3108,62.8871,147.9272,529.4999,25.6396,45.6051,38.0043,9.4331,8.3371,-0.5992,20.8333,38.0043,
sp600_load025,34.9,response,600.0,25.0,539.5078,61.6892,147.6651,529.2682,25.5884,45.5379,37.9482,9.2534,8.4605,-0.599,20.8333,37.9482,
sp600_load025,35.0,response,600.0,25.0,540.7034,60.4922,147.4099,529.0404,25.5413,45.4682,37.8902,9.0738,8.5815,-0.5985,20.8333,37.8902,
sp600_load025,35.1,response,600.0,25.0,541.8973,59.2966,147.1613,528.8165,25.498,45.3961,37.8301,8.8945,8.7001,-0.5978,20.8333,37.8301,
sp600_load025,35.2,response,600.0,25.0,543.0891,58.1027,146.9193,528.5966,25.4582,45.3217,37.7681,8.7154,8.8163,-0.5969,20.8333,37.7681,
sp600_load025,35.3,response,600.0,25.0,544.2785,56.9109,146.6837,528.3806,25.4215,45.245,37.7042,8.5366,8.9301,-0.5959,20.8333,37.7042,
sp600_load025,35.4,response,600.0,25.0,545.4652,55.7215,146.4544,528.1684,25.3878,45.1661,37.6384,8.3582,9.0415,-0.5947,20.8333,37.6384,
sp600_load025,35.5,response,600.0,25.0,546.6489,54.5348,146.2313,527.96,25.3568,45.085,37.5708,8.1802,9.1506,-0.5933,20.8333,37.5708,
sp600_load025,35.6,response,600.0,25.0,547.8293,53.3511,146.0142,527.7554,25.3282,45.0018,37.5015,8.0027,9.2573,-0.5918,20.8333,37.5015,
sp600_load025,35.7,response,600.0,25.0,549.0061,52.1707,145.8031,527.5546,25.302,44.9165,37.4304,7.8256,9.3617,-0.5902,20.8333,37.4304,
sp600_load025,35.8,response,600.0,25.0,550.1792,50.9939,145.5977,527.3574,25.2778,44.8291,37.3576,7.6491,9.4636,-0.5884,20.8333,37.3576,
sp600_load025,35.9,response,600.0,25.0,551.3483,49.8208,145.3981,527.1638,25.2556,44.7398,37.2832,7.4731,9.5633,-0.5865,20.8333,37.2832,
sp600_load025,36.0,response,600.0,25.0,552.5131,48.6517,145.2039,526.9738,25.2351,44.6486,37.2072,7.2978,9.6606,-0.5845,20.8333,37.2072,
sp600_load025,36.1,response,600.0,25.0,553.6734,47.4869,145.0152,526.7874,25.2163,44.5554,37.1295,7.123,9.7556,-0.5824,20.8333,37.1295,
sp600_load025,36.2,response,600.0,25.0,554.8291,46.3266,144.8317,526.6044,25.199,44.4604,37.0504,6.949,9.8482,-0.5802,20.8333,37.0504,
sp600_load025,36.3,response,600.0,25.0,555.9799,45.1709,144.6534,526.4249,25.1831,44.3636,36.9697,6.7756,9.9386,-0.5778,20.8333,36.9697,
sp600_load025,36.4,response,600.0,25.0,557.1257,44.0201,144.48,526.2487,25.1685,44.265,36.8875,6.603,10.0266,-0.5754,20.8333,36.8875,
sp600_load025,36.5,response,600.0,25.0,558.2663,42.8743,144.3116,526.0759,25.155,44.1647,36.8039,6.4311,10.1123,-0.5729,20.8333,36.8039,
sp600_load025,36.6,response,600.0,25.0,559.4015,41.7337,144.148,525.9064,25.1426,44.0627,36.7189,6.2601,10.1958,-0.5703,20.8333,36.7189,
sp600_load025,36.7,response,600.0,25.0,560.5312,40.5985,143.989,525.7401,25.1312,43.959,36.6325,6.0898,10.277,-0.5676,20.8333,36.6325,
sp600_load025,36.8,response,600.0,25.0,561.6552,39.4688,143.8345,525.577,25.1207,43.8537,36.5448,5.9203,10.356,-0.5648,20.8333,36.5448,
sp600_load025,36.9,response,600.0,25.0,562.7733,38.3448,143.6845,525.417,25.111,43.7468,36.4557,5.7517,10.4326,-0.562,20.8333,36.4557,
sp600_load025,37.0,response,600.0,25.0,563.8855,37.2267,143.5388,525.2601,25.1021,43.6384,36.3654,5.584,10.5071,-0.5591,20.8333,36.3654,
sp600_load025,37.1,response,600.0,25.0,564.9916,36.1145,143.3972,525.1062,25.094,43.5285,36.2737,5.4172,10.5793,-0.5561,20.8333,36.2737,
sp600_load025,37.2,response,600.0,25.0,566.0914,35.0084,143.2598,524.9553,25.0865,43.4171,36.1809,5.2513,10.6493,-0.553,20.8333,36.1809,
sp600_load025,37.3,response,600.0,25.0,567.1849,33.9086,143.1262,524.8073,25.0795,43.3042,36.0869,5.0863,10.7172,-0.5499,20.8333,36.0869,
sp600_load025,37.4,response,600.0,25.0,568.2719,32.8151,142.9966,524.6622,25.0732,43.19,35.9916,4.9223,10.7828,-0.5467,20.8333,35.9916,
sp600_load025,37.5,response,600.0,25.0,569.3523,31.7281,142.8707,524.5199,25.0673,43.0743,35.8953,4.7592,10.8462,-0.5435,20.8333,35.8953,
sp600_load025,37.6,response,600.0,25.0,570.4261,30.6477,142.7485,524.3804,25.0619,42.9574,35.7978,4.5972,10.9075,-0.5402,20.8333,35.7978,
sp600_load025,37.7,response,600.0,25.0,571.493,29.5739,142.6298,524.2435,25.057,42.8391,35.6992,4.4361,10.9667,-0.5369,20.8333,35.6992,
sp600_load025,37.8,response,600.0,25.0,572.553,28.507,142.5146,524.1094,25.0524,42.7195,35.5996,4.2761,11.0237,-0.5335,20.8333,35.5996,
sp600_load025,37.9,response,600.0,25.0,573.606,27.447,142.4028,523.9779,25.0482,42.5988,35.499,4.117,11.0786,-0.53,20.8333,35.499,
sp600_load025,38.0,response,600.0,25.0,574.652,26.394,142.2942,523.849,25.0444,42.4768,35.3973,3.9591,11.1314,-0.5265,20.8333,35.3973,
sp600_load025,38.1,response,600.0,25.0,575.6908,25.348,142.1888,523.7226,25.0408,42.3536,35.2946,3.8022,11.1821,-0.523,20.8333,35.2946,
sp600_load025,38.2,response,600.0,25.0,576.7223,24.3092,142.0864,523.5986,25.0376,42.2292,35.191,3.6464,11.2307,-0.5194,20.8333,35.191,
sp600_load025,38.3,response,600.0,25.0,577.7464,23.2777,141.9871,523.4771,25.0346,42.1038,35.0865,3.4917,11.2773,-0.5158,20.8333,35.0865,
sp600_load025,38.4,response,600.0,25.0,578.7631,22.2536,141.8907,523.358,25.0318,41.9773,34.9811,3.338,11.3218,-0.5121,20.8333,34.9811,
sp600_load025,38.5,response,600.0,25.0,579.7724,21.2369,141.7972,523.2413,25.0292,41.8497,34.8747,3.1855,11.3642,-0.5084,20.8333,34.8747,
sp600_load025,38.6,response,600.0,25.0,580.774,20.2276,141.7064,523.1268,25.0269,41.7211,34.7676,3.0341,11.4047,-0.5046,20.8333,34.7676,
sp600_load025,38.7,response,600.0,25.0,581.768,19.226,141.6182,523.0146,25.0248,41.5915,34.6595,2.8839,11.4431,-0.5008,20.8333,34.6595,
sp600_load025,38.8,response,600.0,25.0,582.7543,18.232,141.5327,522.9047,25.0228,41.4609,34.5507,2.7348,11.4796,-0.497,20.8333,34.5507,
sp600_load025,38.9,response,600.0,25.0,583.7328,17.2457,141.4497,522.7969,25.021,41.3294,34.4411,2.5869,11.5141,-0.4931,20.8333,34.4411,
sp600_load025,39.0,response,600.0,25.0,584.7035,16.2672,141.3691,522.6912,25.0193,41.1969,34.3308,2.4401,11.5466,-0.4893,20.8333,34.3308,
sp600_load025,39.1,response,600.0,25.0,585.6662,15.2965,141.2909,522.5876,25.0177,41.0636,34.2197,2.2945,11.5772,-0.4853,20.8333,34.2197,
sp600_load025,39.2,response,600.0,25.0,586.621,14.3338,141.2151,522.4861,25.0163,40.9295,34.1079,2.1501,11.6059,-0.4814,20.8333,34.1079,
sp600_load025,39.3,response,600.0,25.0,587.5678,13.379,141.1415,522.3866,25.015,40.7945,33.9954,2.0068,11.6326,-0.4774,20.8333,33.9954,
sp600_load025,39.4,response,600.0,25.0,588.5065,12.4322,141.07,522.2891,25.0138,40.6588,33.8823,1.8648,11.6575,-0.4734,20.8333,33.8823,
sp600_load025,39.5,response,600.0,25.0,589.4371,11.4935,141.0007,522.1935,25.0127,40.5222,33.7685,1.724,11.6805,-0.4693,20.8333,33.7685,
sp600_load025,39.6,response,600.0,25.0,590.3594,10.5629,140.9335,522.0997,25.0117,40.3849,33.6541,1.5844,11.7016,-0.4653,20.8333,33.6541,
sp600_load025,39.7,response,600.0,25.0,591.2736,9.6406,140.8682,522.0079,25.0108,40.247,33.5391,1.4461,11.7209,-0.4612,20.8333,33.5391,
sp600_load025,39.8,response,600.0,25.0,592.1795,8.7264,140.8049,521.9179,25.0099,40.1083,33.4236,1.309,11.7384,-0.4571,20.8333,33.4236,
sp600_load025,39.9,response,600.0,25.0,593.0771,7.8205,140.7434,521.8297,25.0091,39.9689,33.3075,1.1731,11.754,-0.453,20.8333,33.3075,
sp600_load025,40.0,response,600.0,25.0,593.9663,6.9229,140.6838,521.7432,25.0084,39.829,33.1908,1.0384,11.7678,-0.4488,20.8333,33.1908,
sp600_load025,40.1,response,600.0,25.0,594.8472,6.0337,140.626,521.6584,25.0077,39.6884,33.0737,0.905,11.7799,-0.4446,20.8333,33.0737,
sp600_load025,40.2,response,600.0,25.0,595.7196,5.1528,140.5699,521.5754,25.0071,39.5473,32.9561,0.7729,11.7902,-0.4404,20.8333,32.9561,
sp600_load025,40.3,response,600.0,25.0,596.5835,4.2804,140.5154,521.4939,25.0065,39.4056,32.838,0.6421,11.7988,-0.4362,20.8333,32.838,
sp600_load025,40.4,response,600.0,25.0,597.439,3.4165,140.4626,521.4141,25.006,39.2633,32.7194,0.5125,11.8056,-0.432,20.8333,32.7194,
sp600_load025,40.5,response,600.0,25.0,598.2859,2.561,140.4113,521.3359,25.0055,39.1206,32.6005,0.3842,11.8107,-0.4277,20.8333,32.6005,
sp600_load025,40.6,response,600.0,25.0,599.1242,1.7141,140.3616,521.2593,25.0051,38.9774,32.4812,0.2571,11.8142,-0.4235,20.8333,32.4812,
sp600_load025,40.7,response,600.0,25.0,599.954,0.8758,140.3134,521.1842,25.0047,38.8337,32.3614,0.1314,11.8159,-0.4192,20.8333,32.3614,
sp600_load025,40.8,response,600.0,25.0,600.7751,0.046,140.2666,521.1105,25.0043,38.6896,32.2414,0.0069,11.816,-0.4149,20.8333,32.2414,01LAH001
sp600_load025,40.9,response,600.0,25.0,601.5876,-0.7751,140.2212,521.0384,25.004,38.5452,32.121,-0.1163,11.8145,-0.4106,20.8333,32.121,01LAH001
sp600_load025,41.0,response,600.0,25.0,602.3914,-1.5876,140.1771,520.9677,25.0036,38.4003,32.0002,-0.2381,11.8113,-0.4062,20.8333,32.0002,01LAH001
sp600_load025,41.1,response,600.0,25.0,603.1865,-2.3914,140.1344,520.8984,25.0033,38.2551,31.8792,-0.3587,11.8065,-0.4019,20.8333,31.8792,01LAH001
sp600_load025,41.2,response,600.0,25.0,603.9729,-3.1865,140.0929,520.8304,25.0031,38.1095,31.7579,-0.478,11.8001,-0.3976,20.8333,31.7579,01LAH001
sp600_load025,41.3,response,600.0,25.0,604.7505,-3.9729,140.0527,520.7639,25.0028,37.9637,31.6364,-0.5959,11.7922,-0.3932,20.8333,31.6364,01LAH001
sp600_load025,41.4,response,600.0,25.0,605.5194,-4.7505,140.0137,520.6986,25.0026,37.8175,31.5146,-0.7126,11.7827,-0.3888,20.8333,31.5146,01LAH001
sp600_load025,41.5,response,600.0,25.0,606.2795,-5.5194,139.9758,520.6347,25.0024,37.6711,31.3926,-0.8279,11.7716,-0.3844,20.8333,31.3926,01LAH001
sp600_load025,41.6,response,600.0,25.0,607.0309,-6.2795,139.9391,520.572,25.0022,37.5245,31.2704,-0.9419,11.7591,-0.3801,20.8333,31.2704,01LAH001
sp600_load025,41.7,response,600.0,25.0,607.7734,-7.0309,139.9034,520.5106,25.002,37.3777,31.1481,-1.0546,11.745,-0.3757,20.8333,31.1481,01LAH001
sp600_load025,41.8,response,600.0,25.0,608.5071,-7.7734,139.8689,520.4504,25.0019,37.2306,31.0255,-1.166,11.7295,-0.3713,20.8333,31.0255,01LAH001
sp600_load025,41.9,response,600.0,25.0,609.232,-8.5071,139.8354,520.3914,25.0017,37.0834,30.9029,-1.2761,11.7125,-0.3669,20.8333,30.9029,01LAH001
sp600_load025,42.0,response,600.0,25.0,609.9481,-9.232,139.8028,520.3336,25.0016,36.9361,30.7801,-1.3848,11.694,-0.3625,20.8333,30.7801,01LAH001
sp600_load025,42.1,response,600.0,25.0,610.6553,-9.9481,139.7713,520.277,25.0015,36.7886,30.6572,-1.4922,11.6741,-0.358,20.8333,30.6572,01LAH001
sp600_load025,42.2,response,600.0,25.0,611.3537,-10.6553,139.7407,520.2215,25.0013,36.641,30.5342,-1.5983,11.6528,-0.3536,20.8333,30.5342,01LAH001
sp600_load025,42.3,response,600.0,25.0,612.0432,-11.3537,139.711,520.1671,25.0012,36.4934,30.4112,-1.7031,11.6301,-0.3492,20.8333,30.4112,01LAH001
sp600_load025,42.4,response,600.0,25.0,612.7239,-12.0432,139.6822,520.1137,25.0011,36.3457,30.2881,-1.8065,11.606,-0.3448,20.8333,30.2881,01LAH001
sp600_load025,42.5,response,600.0,25.0,613.3957,-12.7239,139.6542,520.0615,25.001,36.1979,30.165,-1.9086,11.5805,-0.3403,20.8333,30.165,01LAH001
sp600_load025,42.6,response,600.0,25.0,614.0587,-13.3957,139.6271,520.0103,25.001,36.0502,30.0418,-2.0094,11.5538,-0.3359,20.8333,30.0418,01LAH001
sp600_load025,42.7,response,600.0,25.0,614.7128,-14.0587,139.6008,519.9601,25.0009,35.9024,29.9187,-2.1088,11.5256,-0.3315,20.8333,29.9187,01LAH001
sp600_load025,42.8,response,600.0,25.0,615.358,-14.7128,139.5753,519.9109,25.0008,35.7547,29.7956,-2.2069,11.4962,-0.327,20.8333,29.7956,01LAH001
sp600_load025,42.9,response,600.0,25.0,615.9944,-15.358,139.5506,519.8627,25.0007,35.607,29.6725,-2.3037,11.4655,-0.3226,20.8333,29.6725,01LAH001
sp600_load025,43.0,response,600.0,25.0,616.6219,-15.9944,139.5266,519.8154,25.0007,35.4594,29.5495,-2.3992,11.4335,-0.3182,20.8333,29.5495,01LAH001
sp600_load025,43.1,response,600.0,25.0,617.2406,-16.6219,139.5033,519.7691,25.0006,35.3119,29.4265,-2.4933,11.4003,-0.3138,20.8333,29.4265,01LAH001
sp600_load025,43.2,response,600.0,25.0,617.8504,-17.2406,139.4807,519.7237,25.0006,35.1644,29.3037,-2.5861,11.3658,-0.3093,20.8333,29.3037,01LAH001
sp600_load025,43.3,response,600.0,25.0,618.4514,-17.8504,139.4588,519.6793,25.0005,35.0171,29.1809,-2.6776,11.3301,-0.3049,20.8333,29.1809,01LAH001
sp600_load025,43.4,response,600.0,25.0,619.0436,-18.4514,139.4376,519.6357,25.0005,34.87,29.0583,-2.7677,11.2932,-0.3005,20.8333,29.0583,01LAH001
sp600_load025,43.5,response,600.0,25.0,619.6269,-19.0436,139.4169,519.593,25.0005,34.723,28.9358,-2.8565,11.2551,-0.2961,20.8333,28.9358,01LAH001
sp600_load025,43.6,response,600.0,25.0,620.2015,-19.6269,139.3969,519.5511,25.0004,34.5761,28.8135,-2.944,11.2158,-0.2917,20.8333,28.8135,01LAH001
sp600_load025,43.7,response,600.0,25.0,620.7672,-20.2015,139.3775,519.5101,25.0004,34.4295,28.6913,-3.0302,11.1754,-0.2873,20.8333,28.6913,01LAH001
sp600_load025,43.8,response,600.0,25.0,621.3242,-20.7672,139.3587,519.4699,25.0004,34.2831,28.5693,-3.1151,11.1339,-0.2829,20.8333,28.5693,01LAH001
sp600_load025,43.9,response,600.0,25.0,621.8724,-21.3242,139.3405,519.4305,25.0003,34.137,28.4475,-3.1986,11.0913,-0.2785,20.8333,28.4475,01LAH001
sp600_load025,44.0,response,600.0,25.0,622.4118,-21.8724,139.3228,519.3919,25.0003,33.9911,28.3259,-3.2809,11.0475,-0.2741,20.8333,28.3259,01LAH001
sp600_load025,44.1,response,600.0,25.0,622.9425,-22.4118,139.3056,519.3541,25.0003,33.8454,28.2045,-3.3618,11.0027,-0.2697,20.8333,28.2045,01LAH001
sp600_load025,44.2,response,600.0,25.0,623.4645,-22.9425,139.2889,519.317,25.0003,33.7001,28.0834,-3.4414,10.9568,-0.2654,20.8333,28.0834,01LAH001
sp600_load025,44.3,response,600.0,25.0,623.9778,-23.4645,139.2728,519.2807,25.0002,33.555,27.9625,-3.5197,10.9099,-0.261,20.8333,27.9625,01LAH001
sp600_load025,44.4,response,600.0,25.0,624.4824,-23.9778,139.2571,519.2451,25.0002,33.4103,27.8419,-3.5967,10.8619,-0.2566,20.8333,27.8419,01LAH001
sp600_load025,44.5,response,600.0,25.0,624.9784,-24.4824,139.2419,519.2102,25.0002,33.2659,27.7216,-3.6724,10.8129,-0.2523,20.8333,27.7216,01LAH001
sp600_load025,44.6,response,600.0,25.0,625.4657,-24.9784,139.2271,519.176,25.0002,33.1219,27.6016,-3.7468,10.763,-0.248,20.8333,27.6016,01LAH001
sp600_load025,44.7,response,600.0,25.0,625.9444,-25.4657,139.2128,519.1424,25.0002,32.9783,27.4819,-3.8199,10.7121,-0.2437,20.8333,27.4819,01LAH001
sp600_load025,44.8,response,600.0,25.0,626.4145,-25.9444,139.1989,519.1096,25.0002,32.835,27.3625,-3.8917,10.6602,-0.2393,20.8333,27.3625,01LAH001
sp600_load025,44.9,response,600.0,25.0,626.876,-26.4145,139.1855,519.0774,25.0001,32.6922,27.2435,-3.9622,10.6073,-0.235,20.8333,27.2435,01LAH001
sp600_load025,45.0,response,600.0,25.0,627.3289,-26.876,139.1724,519.0459,25.0001,32.5497,27.1248,-4.0314,10.5536,-0.2308,20.8333,27.1248,01LAH001
sp600_load025,45.1,response,600.0,25.0,627.7734,-27.3289,139.1597,519.0149,25.0001,32.4077,27.0064,-4.0993,10.4989,-0.2265,20.8333,27.0064,01LAH001
sp600_load025,45.2,response,600.0,25.0,628.2094,-27.7734,139.1474,518.9847,25.0001,32.2662,26.8885,-4.166,10.4434,-0.2222,20.8333,26.8885,01LAH001
sp600_load025,45.3,response,600.0,25.0,628.6369,-28.2094,139.1355,518.955,25.0001,32.1251,26.7709,-4.2314,10.387,-0.218,20.8333,26.7709,01LAH001
sp600_load025,45.4,response,600.0,25.0,629.0559,-28.6369,139.124,518.9259,25.0001,31.9845,26.6537,-4.2955,10.3297,-0.2137,20.8333,26.6537,01LAH001
sp600_load025,45.5,response,600.0,25.0,629.4666,-29.0559,139.1127,518.8973,25.0001,31.8444,26.537,-4.3584,10.2716,-0.2095,20.8333,26.537,01LAH001
sp600_load025,45.6,response,600.0,25.0,629.8689,-29.4666,139.1019,518.8694,25.0001,31.7048,26.4207,-4.42,10.2126,-0.2053,20.8333,26.4207,01LAH001
sp600_load025,45.7,response,600.0,25.0,630.2628,-29.8689,139.0913,518.842,25.0001,31.5657,26.3048,-4.4803,10.1529,-0.2011,20.8333,26.3048,01LAH001
sp600_load025,45.8,response,600.0,25.0,630.6484,-30.2628,139.0811,518.8152,25.0001,31.4272,26.1893,-4.5394,10.0924,-0.197,20.8333,26.1893,01LAH001
sp600_load025,45.9,response,600.0,25.0,631.0258,-30.6484,139.0711,518.7889,25.0001,31.2892,26.0743,-4.5973,10.0311,-0.1928,20.8333,26.0743,01LAH001
sp600_load025,46.0,response,600.0,25.0,631.3949,-31.0258,139.0615,518.7631,25.0001,31.1518,25.9598,-4.6539,9.969,-0.1887,20.8333,25.9598,01LAH001
sp600_load025,46.1,response,600.0,25.0,631.7558,-31.3949,139.0522,518.7378,25.0001,31.015,25.8458,-4.7092,9.9062,-0.1846,20.8333,25.8458,01LAH001
sp600_load025,46.2,response,600.0,25.0,632.1085,-31.7558,139.0431,518.7131,25.0,30.8787,25.7323,-4.7634,9.8427,-0.1804,20.8333,25.7323,01LAH001
sp600_load025,46.3,response,600.0,25.0,632.4531,-32.1085,139.0343,518.6888,25.0,30.7431,25.6192,-4.8163,9.7785,-0.1764,20.8333,25.6192,01LAH001
sp600_load025,46.4,response,600.0,25.0,632.7896,-32.4531,139.0258,518.665,25.0,30.608,25.5067,-4.868,9.7136,-0.1723,20.8333,25.5067,01LAH001
sp600_load025,46.5,response,600.0,25.0,633.118,-32.7896,139.0175,518.6417,25.0,30.4736,25.3947,-4.9184,9.648,-0.1682,20.8333,25.3947,01LAH001
sp600_load025,46.6,response,600.0,25.0,633.4384,-33.118,139.0095,518.6189,25.0,30.3399,25.2832,-4.9677,9.5818,-0.1642,20.8333,25.2832,01LAH001
sp600_load025,46.7,response,600.0,25.0,633.7508,-33.4384,139.0017,518.5965,25.0,30.2068,25.1723,-5.0158,9.5149,-0.1602,20.8333,25.1723,01LAH001
sp600_load025,46.8,response,600.0,25.0,634.0552,-33.7508,138.9941,518.5746,25.0,30.0743,25.0619,-5.0626,9.4474,-0.1562,20.8333,25.0619,01LAH001
sp600_load025,46.9,response,600.0,25.0,634.3518,-34.0552,138.9868,518.5531,25.0,29.9426,24.9521,-5.1083,9.3793,-0.1522,20.8333,24.9521,01LAH001
sp600_load025,47.0,response,600.0,25.0,634.6405,-34.3518,138.9797,518.532,25.0,29.8115,24.8429,-5.1528,9.3106,-0.1483,20.8333,24.8429,01LAH001
sp600_load025,47.1,response,600.0,25.0,634.9213,-34.6405,138.9728,518.5114,25.0,29.6811,24.7342,-5.1961,9.2413,-0.1443,20.8333,24.7342,01LAH001
sp600_load025,47.2,response,600.0,25.0,635.1944,-34.9213,138.9661,518.4912,25.0,29.5514,24.6262,-5.2382,9.1715,-0.1404,20.8333,24.6262,01LAH001
sp600_load025,47.3,response,600.0,25.0,635.4598,-35.1944,138.9597,518.4714,25.0,29.4225,24.5187,-5.2792,9.1011,-0.1365,20.8333,24.5187,01LAH001
sp600_load025,47.4,response,600.0,25.0,635.7174,-35.4598,138.9534,518.4519,25.0,29.2942,24.4119,-5.319,9.0302,-0.1327,20.8333,24.4119,01LAH001
sp600_load025,47.5,response,600.0,25.0,635.9674,-35.7174,138.9473,518.4329,25.0,29.1668,24.3056,-5.3576,8.9587,-0.1288,20.8333,24.3056,01LAH001
sp600_load025,47.6,response,600.0,25.0,636.2098,-35.9674,138.9414,518.4142,25.0,29.04,24.2,-5.3951,8.8868,-0.125,20.8333,24.2,01LAH001
sp600_load025,47.7,response,600.0,25.0,636.4447,-36.2098,138.9356,518.3959,25.0,28.9141,24.095,-5.4315,8.8144,-0.1212,20.8333,24.095,01LAH001
sp600_load025,47.8,response,600.0,25.0,636.672,-36.4447,138.93,518.378,25.0,28.7888,23.9907,-5.4667,8.7415,-0.1174,20.8333,23.9907,01LAH001
sp600_load025,47.9,response,600.0,25.0,636.8919,-36.672,138.9246,518.3605,25.0,28.6644,23.887,-5.5008,8.6682,-0.1137,20.8333,23.887,01LAH001
sp600_load025,48.0,response,600.0,25.0,637.1043,-36.8919,138.9194,518.3433,25.0,28.5408,23.784,-5.5338,8.5944,-0.1099,20.8333,23.784,01LAH001
sp600_load025,48.1,response,600.0,25.0,637.3094,-37.1043,138.9143,518.3264,25.0,28.4179,23.6816,-5.5656,8.5202,-0.1062,20.8333,23.6816,01LAH001
sp600_load025,48.2,response,600.0,25.0,637.5071,-37.3094,138.9094,518.3099,25.0,28.2959,23.5799,-5.5964,8.4455,-0.1025,20.8333,23.5799,01LAH001
sp600_load025,48.3,response,600.0,25.0,637.6976,-37.5071,138.9046,518.2937,25.0,28.1747,23.4789,-5.6261,8.3705,-0.0989,20.8333,23.4789,01LAH001
sp600_load025,48.4,response,600.0,25.0,637.8809,-37.6976,138.9,518.2778,25.0,28.0543,23.3786,-5.6546,8.2951,-0.0952,20.8333,23.3786,01LAH001
sp600_load025,48.5,response,600.0,25.0,638.057,-37.8809,138.8955,518.2622,25.0,27.9347,23.2789,-5.6821,8.2194,-0.0916,20.8333,23.2789,01LAH001
sp600_load025,48.6,response,600.0,25.0,638.2259,-38.057,138.8911,518.247,25.0,27.816,23.18,-5.7085,8.1433,-0.088,20.8333,23.18,01LAH001
sp600_load025,48.7,response,600.0,25.0,638.3878,-38.2259,138.8869,518.2321,25.0,27.6981,23.0818,-5.7339,8.0668,-0.0845,20.8333,23.0818,01LAH001
sp600_load025,48.8,response,600.0,25.0,638.5427,-38.3878,138.8828,518.2174,25.0,27.5811,22.9842,-5.7582,7.99,-0.0809,20.8333,22.9842,01LAH001
sp600_load025,48.9,response,600.0,25.0,638.6906,-38.5427,138.8788,518.2031,25.0,27.4649,22.8874,-5.7814,7.9129,-0.0774,20.8333,22.8874,01LAH001
sp600_load025,49.0,response,600.0,25.0,638.8315,-38.6906,138.8749,518.189,25.0,27.3496,22.7914,-5.8036,7.8356,-0.0739,20.8333,22.7914,01LAH001
sp600_load025,49.1,response,600.0,25.0,638.9657,-38.8315,138.8712,518.1752,25.0,27.2352,22.696,-5.8247,7.7579,-0.0705,20.8333,22.696,01LAH001
sp600_load025,49.2,response,600.0,25.0,639.093,-38.9657,138.8675,518.1617,25.0,27.1217,22.6014,-5.8448,7.68,-0.0671,20.8333,22.6014,01LAH001
sp600_load025,49.3,response,600.0,25.0,639.2135,-39.093,138.864,518.1485,25.0,27.009,22.5075,-5.8639,7.6018,-0.0637,20.8333,22.5075,01LAH001
sp600_load025,49.4,response,600.0,25.0,639.3273,-39.2135,138.8606,518.1355,25.0,26.8973,22.4144,-5.882,7.5234,-0.0603,20.8333,22.4144,01LAH001
sp600_load025,49.5,response,600.0,25.0,639.4345,-39.3273,138.8573,518.1228,25.0,26.7864,22.322,-5.8991,7.4447,-0.0569,20.8333,22.322,01LAH001
sp600_load025,49.6,response,600.0,25.0,639.5351,-39.4345,138.8541,518.1103,25.0,26.6765,22.2304,-5.9152,7.3658,-0.0536,20.8333,22.2304,01LAH001
sp600_load025,49.7,response,600.0,25.0,639.6292,-39.5351,138.8509,518.0981,25.0,26.5674,22.1395,-5.9303,7.2868,-0.0503,20.8333,22.1395,01LAH001
sp600_load025,49.8,response,600.0,25.0,639.7167,-39.6292,138.8479,518.0862,25.0,26.4593,22.0494,-5.9444,7.2075,-0.047,20.8333,22.0494,01LAH001
sp600_load025,49.9,response,600.0,25.0,639.7978,-39.7167,138.845,518.0745,25.0,26.3521,21.9601,-5.9575,7.1281,-0.0438,20.8333,21.9601,01LAH001
sp600_load025,50.0,response,600.0,25.0,639.8726,-39.7978,138.8421,518.063,25.0,26.2459,21.8716,-5.9697,7.0485,-0.0406,20.8333,21.8716,01LAH001
sp600_load025,50.1,response,600.0,25.0,639.941,-39.8726,138.8394,518.0517,25.0,26.1406,21.7838,-5.9809,6.9687,-0.0374,20.8333,21.7838,01LAH001
sp600_load025,50.2,response,600.0,25.0,640.0032,-39.941,138.8367,518.0407,25.0,26.0362,21.6968,-5.9912,6.8888,-0.0342,20.8333,21.6968,01LAH001
sp600_load025,50.3,response,600.0,25.0,640.0592,-40.0032,138.8341,518.0299,25.0,25.9327,21.6106,-6.0005,6.8088,-0.0311,20.8333,21.6106,01LAH001
sp600_load025,50.4,response,600.0,25.0,640.109,-40.0592,138.8316,518.0193,25.0,25.8302,21.5252,-6.0089,6.7287,-0.028,20.8333,21.5252,01LAH001
sp600_load025,50.5,response,600.0,25.0,640.1527,-40.109,138.8291,518.0089,25.0,25.7287,21.4406,-6.0163,6.6485,-0.0249,20.8333,21.4406,01LAH001
sp600_load025,50.6,response,600.0,25.0,640.1904,-40.1527,138.8267,517.9987,25.0,25.6281,21.3568,-6.0229,6.5682,-0.0219,20.8333,21.3568,01LAH001
sp600_load025,50.7,response,600.0,25.0,640.2221,-40.1904,138.8244,517.9887,25.0,25.5285,21.2737,-6.0286,6.4878,-0.0188,20.8333,21.2737,01LAH001
sp600_load025,50.8,response,600.0,25.0,640.2479,-40.2221,138.8222,517.979,25.0,25.4298,21.1915,-6.0333,6.4074,-0.0159,20.8333,21.1915,01LAH001
sp600_load025,50.9,response,600.0,25.0,640.2678,-40.2479,138.82,517.9694,25.0,25.3322,21.1101,-6.0372,6.3269,-0.0129,20.8333,21.1101,01LAH001
sp600_load025,51.0,response,600.0,25.0,640.2819,-40.2678,138.8179,517.96,25.0,25.2354,21.0295,-6.0402,6.2463,-0.01,20.8333,21.0295,01LAH001
sp600_load025,51.1,response,600.0,25.0,640.2903,-40.2819,138.8159,517.9508,25.0,25.1397,20.9498,-6.0423,6.1658,-0.0071,20.8333,20.9498,01LAH001
sp600_load025,51.2,response,600.0,25.0,640.293,-40.2903,138.8139,517.9418,25.0,25.0449,20.8708,-6.0435,6.0852,-0.0042,20.8333,20.8708,01LAH001
sp600_load025,51.3,response,600.0,25.0,640.2901,-40.293,138.812,517.9329,25.0,24.9512,20.7926,-6.044,6.0046,-0.0013,20.8333,20.7926,01LAH001
sp600_load025,51.4,response,600.0,25.0,640.2816,-40.2901,138.8101,517.9243,25.0,24.8584,20.7153,-6.0435,5.924,0.0015,20.8333,20.7153,01LAH001
sp600_load025,51.5,response,600.0,25.0,640.2676,-40.2816,138.8083,517.9158,25.0,24.7666,20.6388,-6.0422,5.8435,0.0042,20.8333,20.6388,01LAH001
sp600_load025,51.6,response,600.0,25.0,640.2481,-40.2676,138.8066,517.9075,25.0,24.6758,20.5631,-6.0401,5.7629,0.007,20.8333,20.5631,01LAH001
sp600_load025,51.7,response,600.0,25.0,640.2233,-40.2481,138.8049,517.8993,25.0,24.5859,20.4883,-6.0372,5.6824,0.0097,20.8333,20.4883,01LAH001
sp600_load025,51.8,response,600.0,25.0,640.1931,-40.2233,138.8032,517.8913,25.0,24.4971,20.4142,-6.0335,5.602,0.0124,20.8333,20.4142,01LAH001
sp600_load025,51.9,response,600.0,25.0,640.1577,-40.1931,138.8016,517.8835,25.0,24.4093,20.3411,-6.029,5.5216,0.0151,20.8333,20.3411,01LAH001
sp600_load025,52.0,response,600.0,25.0,640.117,-40.1577,138.8001,517.8758,25.0,24.3224,20.2687,-6.0237,5.4413,0.0177,20.8333,20.2687,01LAH001
sp600_load025,52.1,response,600.0,25.0,640.0712,-40.117,138.7986,517.8683,25.0,24.2366,20.1972,-6.0176,5.3611,0.0203,20.8333,20.1972,01LAH001
sp600_load025,52.2,response,600.0,25.0,640.0203,-40.0712,138.7971,517.861,25.0,24.1518,20.1265,-6.0107,5.2809,0.0229,20.8333,20.1265,01LAH001
sp600_load025,52.3,response,600.0,25.0,639.9644,-40.0203,138.7957,517.8537,25.0,24.0679,20.0566,-6.003,5.2009,0.0254,20.8333,20.0566,01LAH001
sp600_load025,52.4,response,600.0,25.0,639.9035,-39.9644,138.7943,517.8467,25.0,23.9851,19.9876,-5.9947,5.1209,0.028,20.8333,19.9876,01LAH001
sp600_load025,52.5,response,600.0,25.0,639.8377,-39.9035,138.793,517.8397,25.0,23.9033,19.9194,-5.9855,5.0411,0.0304,20.8333,19.9194,01LAH001
sp600_load025,52.6,response,600.0,25.0,639.767,-39.8377,138.7917,517.8329,25.0,23.8224,19.852,-5.9757,4.9615,0.0329,20.8333,19.852,01LAH001
sp600_load025,52.7,response,600.0,25.0,639.6916,-39.767,138.7905,517.8263,25.0,23.7426,19.7855,-5.9651,4.8819,0.0353,20.8333,19.7855,01LAH001
sp600_load025,52.8,response,600.0,25.0,639.6114,-39.6916,138.7893,517.8198,25.0,23.6638,19.7199,-5.9537,4.8025,0.0377,20.8333,19.7199,01LAH001
sp600_load025,52.9,response,600.0,25.0,639.5266,-39.6114,138.7881,517.8134,25.0,23.586,19.655,-5.9417,4.7233,0.0401,20.8333,19.655,01LAH001
sp600_load025,53.0,response,600.0,25.0,639.4371,-39.5266,138.7869,517.8071,25.0,23.5092,19.591,-5.929,4.6443,0.0424,20.8333,19.591,01LAH001
sp600_load025,53.1,response,600.0,25.0,639.3431,-39.4371,138.7858,517.8009,25.0,23.4335,19.5279,-5.9156,4.5654,0.0447,20.8333,19.5279,01LAH001
sp600_load025,53.2,response,600.0,25.0,639.2447,-39.3431,138.7848,517.7949,25.0,23.3587,19.4656,-5.9015,4.4867,0.047,20.8333,19.4656,01LAH001
sp600_load025,53.3,response,600.0,25.0,639.1418,-39.2447,138.7837,517.789,25.0,23.2849,19.4041,-5.8867,4.4082,0.0492,20.8333,19.4041,01LAH001
sp600_load025,53.4,response,600.0,25.0,639.0345,-39.1418,138.7827,517.7832,25.0,23.2121,19.3435,-5.8713,4.3299,0.0515,20.8333,19.3435,01LAH001
sp600_load025,53.5,response,600.0,25.0,638.9229,-39.0345,138.7817,517.7776,25.0,23.1404,19.2837,-5.8552,4.2519,0.0536,20.8333,19.2837,01LAH001
sp600_load025,53.6,response,600.0,25.0,638.8071,-38.9229,138.7808,517.772,25.0,23.0696,19.2247,-5.8384,4.174,0.0558,20.8333,19.2247,01LAH001
sp600_load025,53.7,response,600.0,25.0,638.6871,-38.8071,138.7798,517.7666,25.0,22.9999,19.1666,-5.8211,4.0964,0.0579,20.8333,19.1666,01LAH001
sp600_load025,53.8,response,600.0,25.0,638.563,-38.6871,138.779,517.7613,25.0,22.9312,19.1093,-5.8031,4.019,0.06,20.8333,19.1093,01LAH001
sp600_load025,53.9,response,600.0,25.0,638.4348,-38.563,138.7781,517.756,25.0,22.8634,19.0529,-5.7844,3.9419,0.0621,20.8333,19.0529,01LAH001
sp600_load025,54.0,response,600.0,25.0,638.3026,-38.4348,138.7772,517.7509,25.0,22.7967,18.9972,-5.7652,3.865,0.0641,20.8333,18.9972,01LAH001
sp600_load025,54.1,response,600.0,25.0,638.1664,-38.3026,138.7764,517.7459,25.0,22.731,18.9425,-5.7454,3.7884,0.0661,20.8333,18.9425,01LAH001
sp600_load025,54.2,response,600.0,25.0,638.0264,-38.1664,138.7756,517.741,25.0,22.6662,18.8885,-5.725,3.7121,0.0681,20.8333,18.8885,01LAH001
sp600_load025,54.3,response,600.0,25.0,637.8825,-38.0264,138.7749,517.7362,25.0,22.6025,18.8354,-5.704,3.636,0.07,20.8333,18.8354,01LAH001
sp600_load025,54.4,response,600.0,25.0,637.7349,-37.8825,138.7741,517.7314,25.0,22.5398,18.7832,-5.6824,3.5603,0.0719,20.8333,18.7832,01LAH001
sp600_load025,54.5,response,600.0,25.0,637.5836,-37.7349,138.7734,517.7268,25.0,22.478,18.7317,-5.6602,3.4848,0.0738,20.8333,18.7317,01LAH001
sp600_load025,54.6,response,600.0,25.0,637.4287,-37.5836,138.7727,517.7223,25.0,22.4173,18.6811,-5.6375,3.4096,0.0757,20.8333,18.6811,01LAH001
sp600_load025,54.7,response,600.0,25.0,637.2701,-37.4287,138.772,517.7178,25.0,22.3576,18.6313,-5.6143,3.3348,0.0775,20.8333,18.6313,01LAH001
sp600_load025,54.8,response,600.0,25.0,637.108,-37.2701,138.7714,517.7135,25.0,22.2988,18.5823,-5.5905,3.2602,0.0793,20.8333,18.5823,01LAH001
sp600_load025,54.9,response,600.0,25.0,636.9425,-37.108,138.7707,517.7092,25.0,22.241,18.5342,-5.5662,3.186,0.081,20.8333,18.5342,01LAH001
sp600_load025,55.0,response,600.0,25.0,636.7736,-36.9425,138.7701,517.705,25.0,22.1842,18.4869,-5.5414,3.1121,0.0828,20.8333,18.4869,01LAH001
sp600_load025,55.1,response,600.0,25.0,636.6013,-36.7736,138.7695,517.7009,25.0,22.1284,18.4404,-5.516,3.0386,0.0845,20.8333,18.4404,01LAH001
sp600_load025,55.2,response,600.0,25.0,636.4257,-36.6013,138.7689,517.6969,25.0,22.0736,18.3947,-5.4902,2.9654,0.0861,20.8333,18.3947,01LAH001
sp600_load025,55.3,response,600.0,25.0,636.2469,-36.4257,138.7683,517.693,25.0,22.0198,18.3498,-5.4639,2.8925,0.0878,20.8333,18.3498,01LAH001
sp600_load025,55.4,response,600.0,25.0,636.0649,-36.2469,138.7678,517.6891,25.0,21.9669,18.3058,-5.437,2.82,0.0894,20.8333,18.3058,01LAH001
sp600_load025,55.5,response,600.0,25.0,635.8798,-36.0649,138.7673,517.6853,25.0,21.915,18.2625,-5.4097,2.7479,0.091,20.8333,18.2625,01LAH001
sp600_load025,55.6,response,600.0,25.0,635.6916,-35.8798,138.7667,517.6816,25.0,21.8641,18.2201,-5.382,2.6762,0.0925,20.8333,18.2201,01LAH001
sp600_load025,55.7,response,600.0,25.0,635.5005,-35.6916,138.7662,517.678,25.0,21.8141,18.1784,-5.3537,2.6048,0.0941,20.8333,18.1784,01LAH001
sp600_load025,55.8,response,600.0,25.0,635.3064,-35.5005,138.7657,517.6744,25.0,21.7651,18.1376,-5.3251,2.5338,0.0956,20.8333,18.1376,01LAH001
sp600_load025,55.9,response,600.0,25.0,635.1094,-35.3064,138.7653,517.6709,25.0,21.7171,18.0976,-5.296,2.4632,0.097,20.8333,18.0976,01LAH001
sp600_load025,56.0,response,600.0,25.0,634.9096,-35.1094,138.7648,517.6675,25.0,21.67,18.0584,-5.2664,2.3929,0.0985,20.8333,18.0584,01LAH001
sp600_load025,56.1,response,600.0,25.0,634.707,-34.9096,138.7644,517.6642,25.0,21.6239,18.0199,-5.2364,2.3231,0.0999,20.8333,18.0199,01LAH001
sp600_load025,56.2,response,600.0,25.0,634.5018,-34.707,138.7639,517.6609,25.0,21.5787,17.9823,-5.2061,2.2537,0.1013,20.8333,17.9823,01LAH001
sp600_load025,56.3,response,600.0,25.0,634.2938,-34.5018,138.7635,517.6577,25.0,21.5345,17.9454,-5.1753,2.1847,0.1026,20.8333,17.9454,01LAH001
sp600_load025,56.4,response,600.0,25.0,634.0833,-34.2938,138.7631,517.6545,25.0,21.4912,17.9093,-5.1441,2.1161,0.104,20.8333,17.9093,01LAH001
sp600_load025,56.5,response,600.0,25.0,633.8702,-34.0833,138.7627,517.6514,25.0,21.4489,17.8741,-5.1125,2.0479,0.1053,20.8333,17.8741,01LAH001
sp600_load025,56.6,response,600.0,25.0,633.6547,-33.8702,138.7623,517.6484,25.0,21.4074,17.8395,-5.0805,1.9802,0.1065,20.8333,17.8395,01LAH001
sp600_load025,56.7,response,600.0,25.0,633.4367,-33.6547,138.762,517.6454,25.0,21.367,17.8058,-5.0482,1.9129,0.1078,20.8333,17.8058,01LAH001
sp600_load025,56.8,response,600.0,25.0,633.2163,-33.4367,138.7616,517.6425,25.0,21.3274,17.7728,-5.0155,1.846,0.109,20.8333,17.7728,01LAH001
sp600_load025,56.9,response,600.0,25.0,632.9937,-33.2163,138.7613,517.6397,25.0,21.2888,17.7407,-4.9825,1.7796,0.1102,20.8333,17.7407,01LAH001
sp600_load025,57.0,response,600.0,25.0,632.7687,-32.9937,138.7609,517.6369,25.0,21.2511,17.7092,-4.9491,1.7136,0.1113,20.8333,17.7092,01LAH001
sp600_load025,57.1,response,600.0,25.0,632.5416,-32.7687,138.7606,517.6341,25.0,21.2143,17.6786,-4.9153,1.6481,0.1125,20.8333,17.6786,01LAH001
sp600_load025,57.2,response,600.0,25.0,632.3123,-32.5416,138.7603,517.6314,25.0,21.1784,17.6487,-4.8812,1.583,0.1136,20.8333,17.6487,01LAH001
sp600_load025,57.3,response,600.0,25.0,632.0809,-32.3123,138.76,517.6288,25.0,21.1434,17.6195,-4.8468,1.5184,0.1146,20.8333,17.6195,01LAH001
sp600_load025,57.4,response,600.0,25.0,631.8475,-32.0809,138.7597,517.6262,25.0,21.1093,17.5911,-4.8121,1.4542,0.1157,20.8333,17.5911,01LAH001
sp600_load025,57.5,response,600.0,25.0,631.612,-31.8475,138.7594,517.6237,25.0,21.0761,17.5634,-4.7771,1.3905,0.1167,20.8333,17.5634,01LAH001
sp600_load025,57.6,response,600.0,25.0,631.3747,-31.612,138.7591,517.6212,25.0,21.0438,17.5365,-4.7418,1.3273,0.1177,20.8333,17.5365,01LAH001
sp600_load025,57.7,response,600.0,25.0,631.1354,-31.3747,138.7588,517.6188,25.0,21.0124,17.5104,-4.7062,1.2645,0.1187,20.8333,17.5104,01LAH001
sp600_load025,57.8,response,600.0,25.0,630.8943,-31.1354,138.7586,517.6164,25.0,20.9819,17.4849,-4.6703,1.2023,0.1196,20.8333,17.4849,01LAH001
sp600_load025,57.9,response,600.0,25.0,630.6515,-30.8943,138.7583,517.6141,25.0,20.9522,17.4602,-4.6341,1.1405,0.1205,20.8333,17.4602,01LAH001
sp600_load025,58.0,response,600.0,25.0,630.4069,-30.6515,138.7581,517.6118,25.0,20.9235,17.4362,-4.5977,1.0792,0.1214,20.8333,17.4362,01LAH001
sp600_load025,58.1,response,600.0,25.0,630.1606,-30.4069,138.7578,517.6096,25.0,20.8955,17.413,-4.561,1.0184,0.1223,20.8333,17.413,01LAH001
sp600_load025,58.2,response,600.0,25.0,629.9127,-30.1606,138.7576,517.6074,25.0,20.8685,17.3904,-4.5241,0.958,0.1231,20.8333,17.3904,01LAH001
sp600_load025,58.3,response,600.0,25.0,629.6632,-29.9127,138.7574,517.6053,25.0,20.8423,17.3686,-4.4869,0.8982,0.1239,20.8333,17.3686,01LAH001
sp600_load025,58.4,response,600.0,25.0,629.4123,-29.6632,138.7571,517.6032,25.0,20.817,17.3475,-4.4495,0.8389,0.1247,20.8333,17.3475,01LAH001
sp600_load025,58.5,response,600.0,25.0,629.1598,-29.4123,138.7569,517.6011,25.0,20.7925,17.327,-4.4118,0.7801,0.1255,20.8333,17.327,01LAH001
sp600_load025,58.6,response,600.0,25.0,628.9059,-29.1598,138.7567,517.5991,25.0,20.7688,17.3073,-4.374,0.7217,0.1262,20.8333,17.3073,01LAH001
sp600_load025,58.7,response,600.0,25.0,628.6507,-28.9059,138.7565,517.5971,25.0,20.746,17.2883,-4.3359,0.6639,0.1269,20.8333,17.2883,01LAH001
sp600_load025,58.8,response,600.0,25.0,628.3941,-28.6507,138.7563,517.5951,25.0,20.724,17.27,-4.2976,0.6066,0.1276,20.8333,17.27,01LAH001
sp600_load025,58.9,response,600.0,25.0,628.1363,-28.3941,138.7561,517.5932,25.0,20.7028,17.2523,-4.2591,0.5498,0.1283,20.8333,17.2523,01LAH001
sp600_load025,59.0,response,600.0,25.0,627.8772,-28.1363,138.7559,517.5914,25.0,20.6824,17.2354,-4.2204,0.4936,0.1289,20.8333,17.2354,01LAH001
sp600_load025,59.1,response,600.0,25.0,627.617,-27.8772,138.7558,517.5895,25.0,20.6629,17.2191,-4.1816,0.4378,0.1295,20.8333,17.2191,01LAH001
sp600_load025,59.2,response,600.0,25.0,627.3557,-27.617,138.7556,517.5878,25.0,20.6442,17.2035,-4.1426,0.3826,0.1301,20.8333,17.2035,01LAH001
sp600_load025,59.3,response,600.0,25.0,627.0932,-27.3557,138.7554,517.586,25.0,20.6262,17.1885,-4.1034,0.3279,0.1307,20.8333,17.1885,01LAH001
sp600_load025,59.4,response,600.0,25.0,626.8298,-27.0932,138.7553,517.5843,25.0,20.6091,17.1742,-4.064,0.2737,0.1312,20.8333,17.1742,01LAH001
sp600_load025,59.5,response,600.0,25.0,626.5653,-26.8298,138.7551,517.5826,25.0,20.5927,17.1606,-4.0245,0.22,0.1317,20.8333,17.1606,01LAH001
sp600_load025,59.6,response,600.0,25.0,626.3,-26.5653,138.7549,517.5809,25.0,20.5772,17.1476,-3.9848,0.1669,0.1322,20.8333,17.1476,01LAH001
sp600_load025,59.7,response,600.0,25.0,626.0337,-26.3,138.7548,517.5793,25.0,20.5624,17.1353,-3.945,0.1143,0.1327,20.8333,17.1353,01LAH001
sp600_load025,59.8,response,600.0,25.0,625.7666,-26.0337,138.7547,517.5777,25.0,20.5483,17.1236,-3.9051,0.0622,0.1331,20.8333,17.1236,01LAH001
sp600_load025,59.9,response,600.0,25.0,625.4987,-25.7666,138.7545,517.5762,25.0,20.5351,17.1126,-3.865,0.0107,0.1335,20.8333,17.1126,01LAH001
sp600_load025,60.0,response,600.0,25.0,625.2301,-25.4987,138.7544,517.5747,25.0,20.5226,17.1022,-3.8248,-0.0403,0.1339,20.8333,17.1022,01LAH001
sp600_load050,0.1,baseline,500.0,60.0,500.0,0.0,165.0,540.04,60.0,60.0,50.0,0.0,0.0,0.0,50.0,50.0,
sp600_load050,0.2,baseline,500.0,60.0,500.0,0.0,165.0,540.0792,60.0,60.0,50.0,0.0,0.0,0.0,50.0,50.0,
sp600_load050,0.3,baseline,500.0,60.0,500.0,0.0,165.0,540.1176,60.0,60.0,50.0,0.0,0.0,0.0,50.0,50.0,
sp600_load050,0.4,baseline,500.0,60.0,500.0,0.0,165.0,540.1553,60.0,60.0,50.0,0.0,0.0,0.0,50.0,50.0,
sp600_load050,0.5,baseline,500.0,60.0,500.0,0.0,165.0,540.1922,60.0,60.0,50.0,0.0,0.0,0.0,50.0,50.0,
sp600_load050,0.6,baseline,500.0,60.0,500.0,0.0,165.0,540.2283,60.0,60.0,50.0,0.0,0.0,0.0,50.0,50.0,
sp600_load050,0.7,baseline,500.0,60.0,500.0,0.0,165.0,540.2637,60.0,60.0,50.0,0.0,0.0,0.0,50.0,50.0,
sp600_load050,0.8,baseline,500.0,60.0,500.0,0.0,165.0,540.2985,60.0,60.0,50.0,0.0,0.0,0.0,50.0,50.0,
sp600_load050,0.9,baseline,500.0,60.0,500.0,0.0,165.0,540.3325,60.0,60.0,50.0,0.0,0.0,0.0,50.0,50.0,
sp600_load050,1.0,baseline,500.0,60.0,500.0,0.0,165.0,540.3659,60.0,60.0,50.0,0.0,0.0,0.0,50.0,50.0,
sp600_load050,1.1,baseline,500.0,60.0,500.0,0.0,165.0,540.3985,60.0,60.0,50.0,0.0,0.0,0.0,50.0,50.0,
sp600_load050,1.2,baseline,500.0,60.0,500.0,0.0,165.0,540.4306,60.0,60.0,50.0,0.0,0.0,0.0,50.0,50.0,
sp600_load050,1.3,baseline,500.0,60.0,500.0,0.0,165.0,540.462,60.0,60.0,50.0,0.0,0.0,0.0,50.0,50.0,
sp600_load050,1.4,baseline,500.0,60.0,500.0,0.0,165.0,540.4927,60.0,60.0,50.0,0.0,0.0,0.0,50.0,50.0,
sp600_load050,1.5,baseline,500.0,60.0,500.0,0.0,165.0,540.5229,60.0,60.0,50.0,0.0,0.0,0.0,50.0,50.0,
sp600_load050,1.6,baseline,500.0,60.0,500.0,0.0,165.0,540.5524,60.0,60.0,50.0,0.0,0.0,0.0,50.0,50.0,
sp600_load050,1.7,baseline,500.0,60.0,500.0,0.0,165.0,540.5814,60.0,60.0,50.0,0.0,0.0,0.0,50.0,50.0,
sp600_load050,1.8,baseline,500.0,60.0,500.0,0.0,165.0,540.6097,60.0,60.0,50.0,0.0,0.0,0.0,50.0,50.0,
sp600_load050,1.9,baseline,500.0,60.0,500.0,0.0,165.0,540.6375,60.0,60.0,50.0,0.0,0.0,0.0,50.0,50.0,
sp600_load050,2.0,baseline,500.0,60.0,500.0,0.0,165.0,540.6648,60.0,60.0,50.0,0.0,0.0,0.0,50.0,50.0,
sp600_load050,2.1,baseline,500.0,60.0,500.0,0.0,165.0,540.6915,60.0,60.0,50.0,0.0,0.0,0.0,50.0,50.0,
sp600_load050,2.2,baseline,500.0,60.0,500.0,0.0,165.0,540.7177,60.0,60.0,50.0,0.0,0.0,0.0,50.0,50.0,
sp600_load050,2.3,baseline,500.0,60.0,500.0,0.0,165.0,540.7433,60.0,60.0,50.0,0.0,0.0,0.0,50.0,50.0,
sp600_load050,2.4,baseline,500.0,60.0,500.0,0.0,165.0,540.7684,60.0,60.0,50.0,0.0,0.0,0.0,50.0,50.0,
sp600_load050,2.5,baseline,500.0,60.0,500.0,0.0,165.0,540.7931,60.0,60.0,50.0,0.0,0.0,0.0,50.0,50.0,
sp600_load050,2.6,baseline,500.0,60.0,500.0,0.0,165.0,540.8172,60.0,60.0,50.0,0.0,0.0,0.0,50.0,50.0,
sp600_load050,2.7,baseline,500.0,60.0,500.0,0.0,165.0,540.8409,60.0,60.0,50.0,0.0,0.0,0.0,50.0,50.0,
sp600_load050,2.8,baseline,500.0,60.0,500.0,0.0,165.0,540.864,60.0,60.0,50.0,0.0,0.0,0.0,50.0,50.0,
sp600_load050,2.9,baseline,500.0,60.0,500.0,0.0,165.0,540.8868,60.0,60.0,50.0,0.0,0.0,0.0,50.0,50.0,
sp600_load050,3.0,baseline,500.0,60.0,500.0,0.0,165.0,540.909,60.0,60.0,50.0,0.0,0.0,0.0,50.0,50.0,
sp600_load050,3.1,baseline,500.0,60.0,500.0,0.0,165.0,540.9309,60.0,60.0,50.0,0.0,0.0,0.0,50.0,50.0,
sp600_load050,3.2,baseline,500.0,60.0,500.0,0.0,165.0,540.9522,60.0,60.0,50.0,0.0,0.0,0.0,50.0,50.0,
sp600_load050,3.3,baseline,500.0,60.0,500.0,0.0,165.0,540.9732,60.0,60.0,50.0,0.0,0.0,0.0,50.0,50.0,
sp600_load050,3.4,baseline,500.0,60.0,500.0,0.0,165.0,540.9937,60.0,60.0,50.0,0.0,0.0,0.0,50.0,50.0,
sp600_load050,3.5,baseline,500.0,60.0,500.0,0.0,165.0,541.0139,60.0,60.0,50.0,0.0,0.0,0.0,50.0,50.0,
sp600_load050,3.6,baseline,500.0,60.0,500.0,0.0,165.0,541.0336,60.0,60.0,50.0,0.0,0.0,0.0,50.0,50.0,
sp600_load050,3.7,baseline,500.0,60.0,500.0,0.0,165.0,541.0529,60.0,60.0,50.0,0.0,0.0,0.0,50.0,50.0,
sp600_load050,3.8,baseline,500.0,60.0,500.0,0.0,165.0,541.0718,60.0,60.0,50.0,0.0,0.0,0.0,50.0,50.0,
sp600_load050,3.9,baseline,500.0,60.0,500.0,0.0,165.0,541.0904,60.0,60.0,50.0,0.0,0.0,0.0,50.0,50.0,
sp600_load050,4.0,baseline,500.0,60.0,500.0,0.0,165.0,541.1086,60.0,60.0,50.0,0.0,0.0,0.0,50.0,50.0,
sp600_load050,4.1,baseline,500.0,60.0,500.0,0.0,165.0,541.1264,60.0,60.0,50.0,0.0,0.0,0.0,50.0,50.0,
sp600_load050,4.2,baseline,500.0,60.0,500.0,0.0,165.0,541.1439,60.0,60.0,50.0,0.0,0.0,0.0,50.0,50.0,
sp600_load050,4.3,baseline,500.0,60.0,500.0,0.0,165.0,541.161,60.0,60.0,50.0,0.0,0.0,0.0,50.0,50.0,
sp600_load050,4.4,baseline,500.0,60.0,500.0,0.0,165.0,541.1778,60.0,60.0,50.0,0.0,0.0,0.0,50.0,50.0,
sp600_load050,4.5,baseline,500.0,60.0,500.0,0.0,165.0,541.1942,60.0,60.0,50.0,0.0,0.0,0.0,50.0,50.0,
sp600_load050,4.6,baseline,500.0,60.0,500.0,0.0,165.0,541.2104,60.0,60.0,50.0,0.0,0.0,0.0,50.0,50.0,
sp600_load050,4.7,baseline,500.0,60.0,500.0,0.0,165.0,541.2262,60.0,60.0,50.0,0.0,0.0,0.0,50.0,50.0,
sp600_load050,4.8,baseline,500.0,60.0,500.0,0.0,165.0,541.2416,60.0,60.0,50.0,0.0,0.0,0.0,50.0,50.0,
sp600_load050,4.9,baseline,500.0,60.0,500.0,0.0,165.0,541.2568,60.0,60.0,50.0,0.0,0.0,0.0,50.0,50.0,
sp600_load050,5.0,baseline,500.0,60.0,500.0,0.0,165.0,541.2717,60.0,60.0,50.0,0.0,0.0,0.0,50.0,50.0,
sp600_load050,5.1,baseline,500.0,60.0,500.0,0.0,165.0,541.2862,60.0,60.0,50.0,0.0,0.0,0.0,50.0,50.0,
sp600_load050,5.2,baseline,500.0,60.0,500.0,0.0,165.0,541.3005,60.0,60.0,50.0,0.0,0.0,0.0,50.0,50.0,
sp600_load050,5.3,baseline,500.0,60.0,500.0,0.0,165.0,541.3145,60.0,60.0,50.0,0.0,0.0,0.0,50.0,50.0,
sp600_load050,5.4,baseline,500.0,60.0,500.0,0.0,165.0,541.3282,60.0,60.0,50.0,0.0,0.0,0.0,50.0,50.0,
sp600_load050,5.5,baseline,500.0,60.0,500.0,0.0,165.0,541.3416,60.0,60.0,50.0,0.0,0.0,0.0,50.0,50.0,
sp600_load050,5.6,baseline,500.0,60.0,500.0,0.0,165.0,541.3548,60.0,60.0,50.0,0.0,0.0,0.0,50.0,50.0,
sp600_load050,5.7,baseline,500.0,60.0,500.0,0.0,165.0,541.3677,60.0,60.0,50.0,0.0,0.0,0.0,50.0,50.0,
sp600_load050,5.8,baseline,500.0,60.0,500.0,0.0,165.0,541.3804,60.0,60.0,50.0,0.0,0.0,0.0,50.0,50.0,
sp600_load050,5.9,baseline,500.0,60.0,500.0,0.0,165.0,541.3927,60.0,60.0,50.0,0.0,0.0,0.0,50.0,50.0,
sp600_load050,6.0,baseline,500.0,60.0,500.0,0.0,165.0,541.4049,60.0,60.0,50.0,0.0,0.0,0.0,50.0,50.0,
sp600_load050,6.1,baseline,500.0,60.0,500.0,0.0,165.0,541.4168,60.0,60.0,50.0,0.0,0.0,0.0,50.0,50.0,
sp600_load050,6.2,baseline,500.0,60.0,500.0,0.0,165.0,541.4285,60.0,60.0,50.0,0.0,0.0,0.0,50.0,50.0,
sp600_load050,6.3,baseline,500.0,60.0,500.0,0.0,165.0,541.4399,60.0,60.0,50.0,0.0,0.0,0.0,50.0,50.0,
sp600_load050,6.4,baseline,500.0,60.0,500.0,0.0,165.0,541.4511,60.0,60.0,50.0,0.0,0.0,0.0,50.0,50.0,
sp600_load050,6.5,baseline,500.0,60.0,500.0,0.0,165.0,541.4621,60.0,60.0,50.0,0.0,0.0,0.0,50.0,50.0,
sp600_load050,6.6,baseline,500.0,60.0,500.0,0.0,165.0,541.4728,60.0,60.0,50.0,0.0,0.0,0.0,50.0,50.0,
sp600_load050,6.7,baseline,500.0,60.0,500.0,0.0,165.0,541.4834,60.0,60.0,50.0,0.0,0.0,0.0,50.0,50.0,
sp600_load050,6.8,baseline,500.0,60.0,500.0,0.0,165.0,541.4937,60.0,60.0,50.0,0.0,0.0,0.0,50.0,50.0,
sp600_load050,6.9,baseline,500.0,60.0,500.0,0.0,165.0,541.5038,60.0,60.0,50.0,0.0,0.0,0.0,50.0,50.0,
sp600_load050,7.0,baseline,500.0,60.0,500.0,0.0,165.0,541.5138,60.0,60.0,50.0,0.0,0.0,0.0,50.0,50.0,
sp600_load050,7.1,baseline,500.0,60.0,500.0,0.0,165.0,541.5235,60.0,60.0,50.0,0.0,0.0,0.0,50.0,50.0,
sp600_load050,7.2,baseline,500.0,60.0,500.0,0.0,165.0,541.533,60.0,60.0,50.0,0.0,0.0,0.0,50.0,50.0,
sp600_load050,7.3,baseline,500.0,60.0,500.0,0.0,165.0,541.5423,60.0,60.0,50.0,0.0,0.0,0.0,50.0,50.0,
sp600_load050,7.4,baseline,500.0,60.0,500.0,0.0,165.0,541.5515,60.0,60.0,50.0,0.0,0.0,0.0,50.0,50.0,
sp600_load050,7.5,baseline,500.0,60.0,500.0,0.0,165.0,541.5605,60.0,60.0,50.0,0.0,0.0,0.0,50.0,50.0,
sp600_load050,7.6,baseline,500.0,60.0,500.0,0.0,165.0,541.5693,60.0,60.0,50.0,0.0,0.0,0.0,50.0,50.0,
sp600_load050,7.7,baseline,500.0,60.0,500.0,0.0,165.0,541.5779,60.0,60.0,50.0,0.0,0.0,0.0,50.0,50.0,
sp600_load050,7.8,baseline,500.0,60.0,500.0,0.0,165.0,541.5863,60.0,60.0,50.0,0.0,0.0,0.0,50.0,50.0,
sp600_load050,7.9,baseline,500.0,60.0,500.0,0.0,165.0,541.5946,60.0,60.0,50.0,0.0,0.0,0.0,50.0,50.0,
sp600_load050,8.0,baseline,500.0,60.0,500.0,0.0,165.0,541.6027,60.0,60.0,50.0,0.0,0.0,0.0,50.0,50.0,
sp600_load050,8.1,baseline,500.0,60.0,500.0,0.0,165.0,541.6106,60.0,60.0,50.0,0.0,0.0,0.0,50.0,50.0,
sp600_load050,8.2,baseline,500.0,60.0,500.0,0.0,165.0,541.6184,60.0,60.0,50.0,0.0,0.0,0.0,50.0,50.0,
sp600_load050,8.3,baseline,500.0,60.0,500.0,0.0,165.0,541.6261,60.0,60.0,50.0,0.0,0.0,0.0,50.0,50.0,
sp600_load050,8.4,baseline,500.0,60.0,500.0,0.0,165.0,541.6335,60.0,60.0,50.0,0.0,0.0,0.0,50.0,50.0,
sp600_load050,8.5,baseline,500.0,60.0,500.0,0.0,165.0,541.6409,60.0,60.0,50.0,0.0,0.0,0.0,50.0,50.0,
sp600_load050,8.6,baseline,500.0,60.0,500.0,0.0,165.0,541.6481,60.0,60.0,50.0,0.0,0.0,0.0,50.0,50.0,
sp600_load050,8.7,baseline,500.0,60.0,500.0,0.0,165.0,541.6551,60.0,60.0,50.0,0.0,0.0,0.0,50.0,50.0,
sp600_load050,8.8,baseline,500.0,60.0,500.0,0.0,165.0,541.662,60.0,60.0,50.0,0.0,0.0,0.0,50.0,50.0,
sp600_load050,8.9,baseline,500.0,60.0,500.0,0.0,165.0,541.6688,60.0,60.0,50.0,0.0,0.0,0.0,50.0,50.0,
sp600_load050,9.0,baseline,500.0,60.0,500.0,0.0,165.0,541.6754,60.0,60.0,50.0,0.0,0.0,0.0,50.0,50.0,
sp600_load050,9.1,baseline,500.0,60.0,500.0,0.0,165.0,541.6819,60.0,60.0,50.0,0.0,0.0,0.0,50.0,50.0,
sp600_load050,9.2,baseline,500.0,60.0,500.0,0.0,165.0,541.6882,60.0,60.0,50.0,0.0,0.0,0.0,50.0,50.0,
sp600_load050,9.3,baseline,500.0,60.0,500.0,0.0,165.0,541.6945,60.0,60.0,50.0,0.0,0.0,0.0,50.0,50.0,
sp600_load050,9.4,baseline,500.0,60.0,500.0,0.0,165.0,541.7006,60.0,60.0,50.0,0.0,0.0,0.0,50.0,50.0,
sp600_load050,9.5,baseline,500.0,60.0,500.0,0.0,165.0,541.7066,60.0,60.0,50.0,0.0,0.0,0.0,50.0,50.0,
sp600_load050,9.6,baseline,500.0,60.0,500.0,0.0,165.0,541.7124,60.0,60.0,50.0,0.0,0.0,0.0,50.0,50.0,
sp600_load050,9.7,baseline,500.0,60.0,500.0,0.0,165.0,541.7182,60.0,60.0,50.0,0.0,0.0,0.0,50.0,50.0,
sp600_load050,9.8,baseline,500.0,60.0,500.0,0.0,165.0,541.7238,60.0,60.0,50.0,0.0,0.0,0.0,50.0,50.0,
sp600_load050,9.9,baseline,500.0,60.0,500.0,0.0,165.0,541.7293,60.0,60.0,50.0,0.0,0.0,0.0,50.0,50.0,
sp600_load050,10.0,baseline,500.0,60.0,500.0,0.0,165.0,541.7348,60.0,60.0,50.0,0.0,0.0,0.0,50.0,50.0,
sp600_load050,10.1,baseline,500.0,60.0,500.0,0.0,165.0,541.7401,60.0,60.0,50.0,0.0,0.0,0.0,50.0,50.0,
sp600_load050,10.2,baseline,500.0,60.0,500.0,0.0,165.0,541.7453,60.0,60.0,50.0,0.0,0.0,0.0,50.0,50.0,
sp600_load050,10.3,baseline,500.0,60.0,500.0,0.0,165.0,541.7504,60.0,60.0,50.0,0.0,0.0,0.0,50.0,50.0,
sp600_load050,10.4,baseline,500.0,60.0,500.0,0.0,165.0,541.7554,60.0,60.0,50.0,0.0,0.0,0.0,50.0,50.0,
sp600_load050,10.5,baseline,500.0,60.0,500.0,0.0,165.0,541.7602,60.0,60.0,50.0,0.0,0.0,0.0,50.0,50.0,
sp600_load050,10.6,baseline,500.0,60.0,500.0,0.0,165.0,541.765,60.0,60.0,50.0,0.0,0.0,0.0,50.0,50.0,
sp600_load050,10.7,baseline,500.0,60.0,500.0,0.0,165.0,541.7697,60.0,60.0,50.0,0.0,0.0,0.0,50.0,50.0,
sp600_load050,10.8,baseline,500.0,60.0,500.0,0.0,165.0,541.7743,60.0,60.0,50.0,0.0,0.0,0.0,50.0,50.0,
sp600_load050,10.9,baseline,500.0,60.0,500.0,0.0,165.0,541.7789,60.0,60.0,50.0,0.0,0.0,0.0,50.0,50.0,
sp600_load050,11.0,baseline,500.0,60.0,500.0,0.0,165.0,541.7833,60.0,60.0,50.0,0.0,0.0,0.0,50.0,50.0,
sp600_load050,11.1,baseline,500.0,60.0,500.0,0.0,165.0,541.7876,60.0,60.0,50.0,0.0,0.0,0.0,50.0,50.0,
sp600_load050,11.2,baseline,500.0,60.0,500.0,0.0,165.0,541.7919,60.0,60.0,50.0,0.0,0.0,0.0,50.0,50.0,
sp600_load050,11.3,baseline,500.0,60.0,500.0,0.0,165.0,541.796,60.0,60.0,50.0,0.0,0.0,0.0,50.0,50.0,
sp600_load050,11.4,baseline,500.0,60.0,500.0,0.0,165.0,541.8001,60.0,60.0,50.0,0.0,0.0,0.0,50.0,50.0,
sp600_load050,11.5,baseline,500.0,60.0,500.0,0.0,165.0,541.8041,60.0,60.0,50.0,0.0,0.0,0.0,50.0,50.0,
sp600_load050,11.6,baseline,500.0,60.0,500.0,0.0,165.0,541.808,60.0,60.0,50.0,0.0,0.0,0.0,50.0,50.0,
sp600_load050,11.7,baseline,500.0,60.0,500.0,0.0,165.0,541.8119,60.0,60.0,50.0,0.0,0.0,0.0,50.0,50.0,
sp600_load050,11.8,baseline,500.0,60.0,500.0,0.0,165.0,541.8156,60.0,60.0,50.0,0.0,0.0,0.0,50.0,50.0,
sp600_load050,11.9,baseline,500.0,60.0,500.0,0.0,165.0,541.8193,60.0,60.0,50.0,0.0,0.0,0.0,50.0,50.0,
sp600_load050,12.0,baseline,500.0,60.0,500.0,0.0,165.0,541.8229,60.0,60.0,50.0,0.0,0.0,0.0,50.0,50.0,
sp600_load050,12.1,baseline,500.0,60.0,500.0,0.0,165.0,541.8265,60.0,60.0,50.0,0.0,0.0,0.0,50.0,50.0,
sp600_load050,12.2,baseline,500.0,60.0,500.0,0.0,165.0,541.8299,60.0,60.0,50.0,0.0,0.0,0.0,50.0,50.0,
sp600_load050,12.3,baseline,500.0,60.0,500.0,0.0,165.0,541.8333,60.0,60.0,50.0,0.0,0.0,0.0,50.0,50.0,
sp600_load050,12.4,baseline,500.0,60.0,500.0,0.0,165.0,541.8367,60.0,60.0,50.0,0.0,0.0,0.0,50.0,50.0,
sp600_load050,12.5,baseline,500.0,60.0,500.0,0.0,165.0,541.8399,60.0,60.0,50.0,0.0,0.0,0.0,50.0,50.0,
sp600_load050,12.6,baseline,500.0,60.0,500.0,0.0,165.0,541.8431,60.0,60.0,50.0,0.0,0.0,0.0,50.0,50.0,
sp600_load050,12.7,baseline,500.0,60.0,500.0,0.0,165.0,541.8463,60.0,60.0,50.0,0.0,0.0,0.0,50.0,50.0,
sp600_load050,12.8,baseline,500.0,60.0,500.0,0.0,165.0,541.8494,60.0,60.0,50.0,0.0,0.0,0.0,50.0,50.0,
sp600_load050,12.9,baseline,500.0,60.0,500.0,0.0,165.0,541.8524,60.0,60.0,50.0,0.0,0.0,0.0,50.0,50.0,
sp600_load050,13.0,baseline,500.0,60.0,500.0,0.0,165.0,541.8553,60.0,60.0,50.0,0.0,0.0,0.0,50.0,50.0,
sp600_load050,13.1,baseline,500.0,60.0,500.0,0.0,165.0,541.8582,60.0,60.0,50.0,0.0,0.0,0.0,50.0,50.0,
sp600_load050,13.2,baseline,500.0,60.0,500.0,0.0,165.0,541.861,60.0,60.0,50.0,0.0,0.0,0.0,50.0,50.0,
sp600_load050,13.3,baseline,500.0,60.0,500.0,0.0,165.0,541.8638,60.0,60.0,50.0,0.0,0.0,0.0,50.0,50.0,
sp600_load050,13.4,baseline,500.0,60.0,500.0,0.0,165.0,541.8665,60.0,60.0,50.0,0.0,0.0,0.0,50.0,50.0,
sp600_load050,13.5,baseline,500.0,60.0,500.0,0.0,165.0,541.8692,60.0,60.0,50.0,0.0,0.0,0.0,50.0,50.0,
sp600_load050,13.6,baseline,500.0,60.0,500.0,0.0,165.0,541.8718,60.0,60.0,50.0,0.0,0.0,0.0,50.0,50.0,
sp600_load050,13.7,baseline,500.0,60.0,500.0,0.0,165.0,541.8744,60.0,60.0,50.0,0.0,0.0,0.0,50.0,50.0,
sp600_load050,13.8,baseline,500.0,60.0,500.0,0.0,165.0,541.8769,60.0,60.0,50.0,0.0,0.0,0.0,50.0,50.0,
sp600_load050,13.9,baseline,500.0,60.0,500.0,0.0,165.0,541.8794,60.0,60.0,50.0,0.0,0.0,0.0,50.0,50.0,
sp600_load050,14.0,baseline,500.0,60.0,500.0,0.0,165.0,541.8818,60.0,60.0,50.0,0.0,0.0,0.0,50.0,50.0,
sp600_load050,14.1,baseline,500.0,60.0,500.0,0.0,165.0,541.8841,60.0,60.0,50.0,0.0,0.0,0.0,50.0,50.0,
sp600_load050,14.2,baseline,500.0,60.0,500.0,0.0,165.0,541.8865,60.0,60.0,50.0,0.0,0.0,0.0,50.0,50.0,
sp600_load050,14.3,baseline,500.0,60.0,500.0,0.0,165.0,541.8887,60.0,60.0,50.0,0.0,0.0,0.0,50.0,50.0,
sp600_load050,14.4,baseline,500.0,60.0,500.0,0.0,165.0,541.891,60.0,60.0,50.0,0.0,0.0,0.0,50.0,50.0,
sp600_load050,14.5,baseline,500.0,60.0,500.0,0.0,165.0,541.8931,60.0,60.0,50.0,0.0,0.0,0.0,50.0,50.0,
sp600_load050,14.6,baseline,500.0,60.0,500.0,0.0,165.0,541.8953,60.0,60.0,50.0,0.0,0.0,0.0,50.0,50.0,
sp600_load050,14.7,baseline,500.0,60.0,500.0,0.0,165.0,541.8974,60.0,60.0,50.0,0.0,0.0,0.0,50.0,50.0,
sp600_load050,14.8,baseline,500.0,60.0,500.0,0.0,165.0,541.8994,60.0,60.0,50.0,0.0,0.0,0.0,50.0,50.0,
sp600_load050,14.9,baseline,500.0,60.0,500.0,0.0,165.0,541.9014,60.0,60.0,50.0,0.0,0.0,0.0,50.0,50.0,
sp600_load050,15.0,baseline,500.0,60.0,500.0,0.0,165.0,541.9034,60.0,60.0,50.0,0.0,0.0,0.0,50.0,50.0,
sp600_load050,15.1,baseline,500.0,60.0,500.0,0.0,165.0,541.9053,60.0,60.0,50.0,0.0,0.0,0.0,50.0,50.0,
sp600_load050,15.2,baseline,500.0,60.0,500.0,0.0,165.0,541.9072,60.0,60.0,50.0,0.0,0.0,0.0,50.0,50.0,
sp600_load050,15.3,baseline,500.0,60.0,500.0,0.0,165.0,541.9091,60.0,60.0,50.0,0.0,0.0,0.0,50.0,50.0,
sp600_load050,15.4,baseline,500.0,60.0,500.0,0.0,165.0,541.9109,60.0,60.0,50.0,0.0,0.0,0.0,50.0,50.0,
sp600_load050,15.5,baseline,500.0,60.0,500.0,0.0,165.0,541.9127,60.0,60.0,50.0,0.0,0.0,0.0,50.0,50.0,
sp600_load050,15.6,baseline,500.0,60.0,500.0,0.0,165.0,541.9144,60.0,60.0,50.0,0.0,0.0,0.0,50.0,50.0,
sp600_load050,15.7,baseline,500.0,60.0,500.0,0.0,165.0,541.9161,60.0,60.0,50.0,0.0,0.0,0.0,50.0,50.0,
sp600_load050,15.8,baseline,500.0,60.0,500.0,0.0,165.0,541.9178,60.0,60.0,50.0,0.0,0.0,0.0,50.0,50.0,
sp600_load050,15.9,baseline,500.0,60.0,500.0,0.0,165.0,541.9195,60.0,60.0,50.0,0.0,0.0,0.0,50.0,50.0,
sp600_load050,16.0,baseline,500.0,60.0,500.0,0.0,165.0,541.9211,60.0,60.0,50.0,0.0,0.0,0.0,50.0,50.0,
sp600_load050,16.1,baseline,500.0,60.0,500.0,0.0,165.0,541.9227,60.0,60.0,50.0,0.0,0.0,0.0,50.0,50.0,
sp600_load050,16.2,baseline,500.0,60.0,500.0,0.0,165.0,541.9242,60.0,60.0,50.0,0.0,0.0,0.0,50.0,50.0,
sp600_load050,16.3,baseline,500.0,60.0,500.0,0.0,165.0,541.9257,60.0,60.0,50.0,0.0,0.0,0.0,50.0,50.0,
sp600_load050,16.4,baseline,500.0,60.0,500.0,0.0,165.0,541.9272,60.0,60.0,50.0,0.0,0.0,0.0,50.0,50.0,
sp600_load050,16.5,baseline,500.0,60.0,500.0,0.0,165.0,541.9287,60.0,60.0,50.0,0.0,0.0,0.0,50.0,50.0,
sp600_load050,16.6,baseline,500.0,60.0,500.0,0.0,165.0,541.9301,60.0,60.0,50.0,0.0,0.0,0.0,50.0,50.0,
sp600_load050,16.7,baseline,500.0,60.0,500.0,0.0,165.0,541.9315,60.0,60.0,50.0,0.0,0.0,0.0,50.0,50.0,
sp600_load050,16.8,baseline,500.0,60.0,500.0,0.0,165.0,541.9329,60.0,60.0,50.0,0.0,0.0,0.0,50.0,50.0,
sp600_load050,16.9,baseline,500.0,60.0,500.0,0.0,165.0,541.9342,60.0,60.0,50.0,0.0,0.0,0.0,50.0,50.0,
sp600_load050,17.0,baseline,500.0,60.0,500.0,0.0,165.0,541.9355,60.0,60.0,50.0,0.0,0.0,0.0,50.0,50.0,
sp600_load050,17.1,baseline,500.0,60.0,500.0,0.0,165.0,541.9368,60.0,60.0,50.0,0.0,0.0,0.0,50.0,50.0,
sp600_load050,17.2,baseline,500.0,60.0,500.0,0.0,165.0,541.9381,60.0,60.0,50.0,0.0,0.0,0.0,50.0,50.0,
sp600_load050,17.3,baseline,500.0,60.0,500.0,0.0,165.0,541.9393,60.0,60.0,50.0,0.0,0.0,0.0,50.0,50.0,
sp600_load050,17.4,baseline,500.0,60.0,500.0,0.0,165.0,541.9405,60.0,60.0,50.0,0.0,0.0,0.0,50.0,50.0,
sp600_load050,17.5,baseline,500.0,60.0,500.0,0.0,165.0,541.9417,60.0,60.0,50.0,0.0,0.0,0.0,50.0,50.0,
sp600_load050,17.6,baseline,500.0,60.0,500.0,0.0,165.0,541.9429,60.0,60.0,50.0,0.0,0.0,0.0,50.0,50.0,
sp600_load050,17.7,baseline,500.0,60.0,500.0,0.0,165.0,541.944,60.0,60.0,50.0,0.0,0.0,0.0,50.0,50.0,
sp600_load050,17.8,baseline,500.0,60.0,500.0,0.0,165.0,541.9451,60.0,60.0,50.0,0.0,0.0,0.0,50.0,50.0,
sp600_load050,17.9,baseline,500.0,60.0,500.0,0.0,165.0,541.9462,60.0,60.0,50.0,0.0,0.0,0.0,50.0,50.0,
sp600_load050,18.0,baseline,500.0,60.0,500.0,0.0,165.0,541.9473,60.0,60.0,50.0,0.0,0.0,0.0,50.0,50.0,
sp600_load050,18.1,baseline,500.0,60.0,500.0,0.0,165.0,541.9484,60.0,60.0,50.0,0.0,0.0,0.0,50.0,50.0,
sp600_load050,18.2,baseline,500.0,60.0,500.0,0.0,165.0,541.9494,60.0,60.0,50.0,0.0,0.0,0.0,50.0,50.0,
sp600_load050,18.3,baseline,500.0,60.0,500.0,0.0,165.0,541.9504,60.0,60.0,50.0,0.0,0.0,0.0,50.0,50.0,
sp600_load050,18.4,baseline,500.0,60.0,500.0,0.0,165.0,541.9514,60.0,60.0,50.0,0.0,0.0,0.0,50.0,50.0,
sp600_load050,18.5,baseline,500.0,60.0,500.0,0.0,165.0,541.9524,60.0,60.0,50.0,0.0,0.0,0.0,50.0,50.0,
sp600_load050,18.6,baseline,500.0,60.0,500.0,0.0,165.0,541.9533,60.0,60.0,50.0,0.0,0.0,0.0,50.0,50.0,
sp600_load050,18.7,baseline,500.0,60.0,500.0,0.0,165.0,541.9543,60.0,60.0,50.0,0.0,0.0,0.0,50.0,50.0,
sp600_load050,18.8,baseline,500.0,60.0,500.0,0.0,165.0,541.9552,60.0,60.0,50.0,0.0,0.0,0.0,50.0,50.0,
sp600_load050,18.9,baseline,500.0,60.0,500.0,0.0,165.0,541.9561,60.0,60.0,50.0,0.0,0.0,0.0,50.0,50.0,
sp600_load050,19.0,baseline,500.0,60.0,500.0,0.0,165.0,541.9569,60.0,60.0,50.0,0.0,0.0,0.0,50.0,50.0,
sp600_load050,19.1,baseline,500.0,60.0,500.0,0.0,165.0,541.9578,60.0,60.0,50.0,0.0,0.0,0.0,50.0,50.0,
sp600_load050,19.2,baseline,500.0,60.0,500.0,0.0,165.0,541.9587,60.0,60.0,50.0,0.0,0.0,0.0,50.0,50.0,
sp600_load050,19.3,baseline,500.0,60.0,500.0,0.0,165.0,541.9595,60.0,60.0,50.0,0.0,0.0,0.0,50.0,50.0,
sp600_load050,19.4,baseline,500.0,60.0,500.0,0.0,165.0,541.9603,60.0,60.0,50.0,0.0,0.0,0.0,50.0,50.0,
sp600_load050,19.5,baseline,500.0,60.0,500.0,0.0,165.0,541.9611,60.0,60.0,50.0,0.0,0.0,0.0,50.0,50.0,
sp600_load050,19.6,baseline,500.0,60.0,500.0,0.0,165.0,541.9619,60.0,60.0,50.0,0.0,0.0,0.0,50.0,50.0,
sp600_load050,19.7,baseline,500.0,60.0,500.0,0.0,165.0,541.9626,60.0,60.0,50.0,0.0,0.0,0.0,50.0,50.0,
sp600_load050,19.8,baseline,500.0,60.0,500.0,0.0,165.0,541.9634,60.0,60.0,50.0,0.0,0.0,0.0,50.0,50.0,
sp600_load050,19.9,baseline,500.0,60.0,500.0,0.0,165.0,541.9641,60.0,60.0,50.0,0.0,0.0,0.0,50.0,50.0,
sp600_load050,20.0,baseline,500.0,60.0,500.0,0.0,165.0,541.9648,60.0,60.0,50.0,0.0,0.0,0.0,50.0,50.0,
sp600_load050,20.1,baseline,500.0,60.0,500.0,0.0,165.0,541.9655,60.0,60.0,50.0,0.0,0.0,0.0,50.0,50.0,
sp600_load050,20.2,baseline,500.0,60.0,500.0,0.0,165.0,541.9662,60.0,60.0,50.0,0.0,0.0,0.0,50.0,50.0,
sp600_load050,20.3,baseline,500.0,60.0,500.0,0.0,165.0,541.9669,60.0,60.0,50.0,0.0,0.0,0.0,50.0,50.0,
sp600_load050,20.4,baseline,500.0,60.0,500.0,0.0,165.0,541.9676,60.0,60.0,50.0,0.0,0.0,0.0,50.0,50.0,
sp600_load050,20.5,baseline,500.0,60.0,500.0,0.0,165.0,541.9682,60.0,60.0,50.0,0.0,0.0,0.0,50.0,50.0,
sp600_load050,20.6,baseline,500.0,60.0,500.0,0.0,165.0,541.9688,60.0,60.0,50.0,0.0,0.0,0.0,50.0,50.0,
sp600_load050,20.7,baseline,500.0,60.0,500.0,0.0,165.0,541.9695,60.0,60.0,50.0,0.0,0.0,0.0,50.0,50.0,
sp600_load050,20.8,baseline,500.0,60.0,500.0,0.0,165.0,541.9701,60.0,60.0,50.0,0.0,0.0,0.0,50.0,50.0,
sp600_load050,20.9,baseline,500.0,60.0,500.0,0.0,165.0,541.9707,60.0,60.0,50.0,0.0,0.0,0.0,50.0,50.0,
sp600_load050,21.0,baseline,500.0,60.0,500.0,0.0,165.0,541.9713,60.0,60.0,50.0,0.0,0.0,0.0,50.0,50.0,
sp600_load050,21.1,baseline,500.0,60.0,500.0,0.0,165.0,541.9718,60.0,60.0,50.0,0.0,0.0,0.0,50.0,50.0,
sp600_load050,21.2,baseline,500.0,60.0,500.0,0.0,165.0,541.9724,60.0,60.0,50.0,0.0,0.0,0.0,50.0,50.0,
sp600_load050,21.3,baseline,500.0,60.0,500.0,0.0,165.0,541.9729,60.0,60.0,50.0,0.0,0.0,0.0,50.0,50.0,
sp600_load050,21.4,baseline,500.0,60.0,500.0,0.0,165.0,541.9735,60.0,60.0,50.0,0.0,0.0,0.0,50.0,50.0,
sp600_load050,21.5,baseline,500.0,60.0,500.0,0.0,165.0,541.974,60.0,60.0,50.0,0.0,0.0,0.0,50.0,50.0,
sp600_load050,21.6,baseline,500.0,60.0,500.0,0.0,165.0,541.9745,60.0,60.0,50.0,0.0,0.0,0.0,50.0,50.0,
sp600_load050,21.7,baseline,500.0,60.0,500.0,0.0,165.0,541.975,60.0,60.0,50.0,0.0,0.0,0.0,50.0,50.0,
sp600_load050,21.8,baseline,500.0,60.0,500.0,0.0,165.0,541.9755,60.0,60.0,50.0,0.0,0.0,0.0,50.0,50.0,
sp600_load050,21.9,baseline,500.0,60.0,500.0,0.0,165.0,541.976,60.0,60.0,50.0,0.0,0.0,0.0,50.0,50.0,
sp600_load050,22.0,baseline,500.0,60.0,500.0,0.0,165.0,541.9765,60.0,60.0,50.0,0.0,0.0,0.0,50.0,50.0,
sp600_load050,22.1,baseline,500.0,60.0,500.0,0.0,165.0,541.977,60.0,60.0,50.0,0.0,0.0,0.0,50.0,50.0,
sp600_load050,22.2,baseline,500.0,60.0,500.0,0.0,165.0,541.9774,60.0,60.0,50.0,0.0,0.0,0.0,50.0,50.0,
sp600_load050,22.3,baseline,500.0,60.0,500.0,0.0,165.0,541.9779,60.0,60.0,50.0,0.0,0.0,0.0,50.0,50.0,
sp600_load050,22.4,baseline,500.0,60.0,500.0,0.0,165.0,541.9783,60.0,60.0,50.0,0.0,0.0,0.0,50.0,50.0,
sp600_load050,22.5,baseline,500.0,60.0,500.0,0.0,165.0,541.9788,60.0,60.0,50.0,0.0,0.0,0.0,50.0,50.0,
sp600_load050,22.6,baseline,500.0,60.0,500.0,0.0,165.0,541.9792,60.0,60.0,50.0,0.0,0.0,0.0,50.0,50.0,
sp600_load050,22.7,baseline,500.0,60.0,500.0,0.0,165.0,541.9796,60.0,60.0,50.0,0.0,0.0,0.0,50.0,50.0,
sp600_load050,22.8,baseline,500.0,60.0,500.0,0.0,165.0,541.98,60.0,60.0,50.0,0.0,0.0,0.0,50.0,50.0,
sp600_load050,22.9,baseline,500.0,60.0,500.0,0.0,165.0,541.9804,60.0,60.0,50.0,0.0,0.0,0.0,50.0,50.0,
sp600_load050,23.0,baseline,500.0,60.0,500.0,0.0,165.0,541.9808,60.0,60.0,50.0,0.0,0.0,0.0,50.0,50.0,
sp600_load050,23.1,baseline,500.0,60.0,500.0,0.0,165.0,541.9812,60.0,60.0,50.0,0.0,0.0,0.0,50.0,50.0,
sp600_load050,23.2,baseline,500.0,60.0,500.0,0.0,165.0,541.9816,60.0,60.0,50.0,0.0,0.0,0.0,50.0,50.0,
sp600_load050,23.3,baseline,500.0,60.0,500.0,0.0,165.0,541.9819,60.0,60.0,50.0,0.0,0.0,0.0,50.0,50.0,
sp600_load050,23.4,baseline,500.0,60.0,500.0,0.0,165.0,541.9823,60.0,60.0,50.0,0.0,0.0,0.0,50.0,50.0,
sp600_load050,23.5,baseline,500.0,60.0,500.0,0.0,165.0,541.9827,60.0,60.0,50.0,0.0,0.0,0.0,50.0,50.0,
sp600_load050,23.6,baseline,500.0,60.0,500.0,0.0,165.0,541.983,60.0,60.0,50.0,0.0,0.0,0.0,50.0,50.0,
sp600_load050,23.7,baseline,500.0,60.0,500.0,0.0,165.0,541.9833,60.0,60.0,50.0,0.0,0.0,0.0,50.0,50.0,
sp600_load050,23.8,baseline,500.0,60.0,500.0,0.0,165.0,541.9837,60.0,60.0,50.0,0.0,0.0,0.0,50.0,50.0,
sp600_load050,23.9,baseline,500.0,60.0,500.0,0.0,165.0,541.984,60.0,60.0,50.0,0.0,0.0,0.0,50.0,50.0,
sp600_load050,24.0,baseline,500.0,60.0,500.0,0.0,165.0,541.9843,60.0,60.0,50.0,0.0,0.0,0.0,50.0,50.0,
sp600_load050,24.1,baseline,500.0,60.0,500.0,0.0,165.0,541.9846,60.0,60.0,50.0,0.0,0.0,0.0,50.0,50.0,
sp600_load050,24.2,baseline,500.0,60.0,500.0,0.0,165.0,541.9849,60.0,60.0,50.0,0.0,0.0,0.0,50.0,50.0,
sp600_load050,24.3,baseline,500.0,60.0,500.0,0.0,165.0,541.9852,60.0,60.0,50.0,0.0,0.0,0.0,50.0,50.0,
sp600_load050,24.4,baseline,500.0,60.0,500.0,0.0,165.0,541.9855,60.0,60.0,50.0,0.0,0.0,0.0,50.0,50.0,
sp600_load050,24.5,baseline,500.0,60.0,500.0,0.0,165.0,541.9858,60.0,60.0,50.0,0.0,0.0,0.0,50.0,50.0,
sp600_load050,24.6,baseline,500.0,60.0,500.0,0.0,165.0,541.9861,60.0,60.0,50.0,0.0,0.0,0.0,50.0,50.0,
sp600_load050,24.7,baseline,500.0,60.0,500.0,0.0,165.0,541.9864,60.0,60.0,50.0,0.0,0.0,0.0,50.0,50.0,
sp600_load050,24.8,baseline,500.0,60.0,500.0,0.0,165.0,541.9867,60.0,60.0,50.0,0.0,0.0,0.0,50.0,50.0,
sp600_load050,24.9,baseline,500.0,60.0,500.0,0.0,165.0,541.9869,60.0,60.0,50.0,0.0,0.0,0.0,50.0,50.0,
sp600_load050,25.0,baseline,500.0,60.0,500.0,0.0,165.0,541.9872,60.0,60.0,50.0,0.0,0.0,0.0,50.0,50.0,
sp600_load050,25.1,baseline,500.0,60.0,500.0,0.0,165.0,541.9874,60.0,60.0,50.0,0.0,0.0,0.0,50.0,50.0,
sp600_load050,25.2,baseline,500.0,60.0,500.0,0.0,165.0,541.9877,60.0,60.0,50.0,0.0,0.0,0.0,50.0,50.0,
sp600_load050,25.3,baseline,500.0,60.0,500.0,0.0,165.0,541.9879,60.0,60.0,50.0,0.0,0.0,0.0,50.0,50.0,
sp600_load050,25.4,baseline,500.0,60.0,500.0,0.0,165.0,541.9882,60.0,60.0,50.0,0.0,0.0,0.0,50.0,50.0,
sp600_load050,25.5,baseline,500.0,60.0,500.0,0.0,165.0,541.9884,60.0,60.0,50.0,0.0,0.0,0.0,50.0,50.0,
sp600_load050,25.6,baseline,500.0,60.0,500.0,0.0,165.0,541.9887,60.0,60.0,50.0,0.0,0.0,0.0,50.0,50.0,
sp600_load050,25.7,baseline,500.0,60.0,500.0,0.0,165.0,541.9889,60.0,60.0,50.0,0.0,0.0,0.0,50.0,50.0,
sp600_load050,25.8,baseline,500.0,60.0,500.0,0.0,165.0,541.9891,60.0,60.0,50.0,0.0,0.0,0.0,50.0,50.0,
sp600_load050,25.9,baseline,500.0,60.0,500.0,0.0,165.0,541.9893,60.0,60.0,50.0,0.0,0.0,0.0,50.0,50.0,
sp600_load050,26.0,baseline,500.0,60.0,500.0,0.0,165.0,541.9895,60.0,60.0,50.0,0.0,0.0,0.0,50.0,50.0,
sp600_load050,26.1,baseline,500.0,60.0,500.0,0.0,165.0,541.9897,60.0,60.0,50.0,0.0,0.0,0.0,50.0,50.0,
sp600_load050,26.2,baseline,500.0,60.0,500.0,0.0,165.0,541.9899,60.0,60.0,50.0,0.0,0.0,0.0,50.0,50.0,
sp600_load050,26.3,baseline,500.0,60.0,500.0,0.0,165.0,541.9901,60.0,60.0,50.0,0.0,0.0,0.0,50.0,50.0,
sp600_load050,26.4,baseline,500.0,60.0,500.0,0.0,165.0,541.9903,60.0,60.0,50.0,0.0,0.0,0.0,50.0,50.0,
sp600_load050,26.5,baseline,500.0,60.0,500.0,0.0,165.0,541.9905,60.0,60.0,50.0,0.0,0.0,0.0,50.0,50.0,
sp600_load050,26.6,baseline,500.0,60.0,500.0,0.0,165.0,541.9907,60.0,60.0,50.0,0.0,0.0,0.0,50.0,50.0,
sp600_load050,26.7,baseline,500.0,60.0,500.0,0.0,165.0,541.9909,60.0,60.0,50.0,0.0,0.0,0.0,50.0,50.0,
sp600_load050,26.8,baseline,500.0,60.0,500.0,0.0,165.0,541.9911,60.0,60.0,50.0,0.0,0.0,0.0,50.0,50.0,
sp600_load050,26.9,baseline,500.0,60.0,500.0,0.0,165.0,541.9913,60.0,60.0,50.0,0.0,0.0,0.0,50.0,50.0,
sp600_load050,27.0,baseline,500.0,60.0,500.0,0.0,165.0,541.9914,60.0,60.0,50.0,0.0,0.0,0.0,50.0,50.0,
sp600_load050,27.1,baseline,500.0,60.0,500.0,0.0,165.0,541.9916,60.0,60.0,50.0,0.0,0.0,0.0,50.0,50.0,
sp600_load050,27.2,baseline,500.0,60.0,500.0,0.0,165.0,541.9918,60.0,60.0,50.0,0.0,0.0,0.0,50.0,50.0,
sp600_load050,27.3,baseline,500.0,60.0,500.0,0.0,165.0,541.992,60.0,60.0,50.0,0.0,0.0,0.0,50.0,50.0,
sp600_load050,27.4,baseline,500.0,60.0,500.0,0.0,165.0,541.9921,60.0,60.0,50.0,0.0,0.0,0.0,50.0,50.0,
sp600_load050,27.5,baseline,500.0,60.0,500.0,0.0,165.0,541.9923,60.0,60.0,50.0,0.0,0.0,0.0,50.0,50.0,
sp600_load050,27.6,baseline,500.0,60.0,500.0,0.0,165.0,541.9924,60.0,60.0,50.0,0.0,0.0,0.0,50.0,50.0,
sp600_load050,27.7,baseline,500.0,60.0,500.0,0.0,165.0,541.9926,60.0,60.0,50.0,0.0,0.0,0.0,50.0,50.0,
sp600_load050,27.8,baseline,500.0,60.0,500.0,0.0,165.0,541.9927,60.0,60.0,50.0,0.0,0.0,0.0,50.0,50.0,
sp600_load050,27.9,baseline,500.0,60.0,500.0,0.0,165.0,541.9929,60.0,60.0,50.0,0.0,0.0,0.0,50.0,50.0,
sp600_load050,28.0,baseline,500.0,60.0,500.0,0.0,165.0,541.993,60.0,60.0,50.0,0.0,0.0,0.0,50.0,50.0,
sp600_load050,28.1,baseline,500.0,60.0,500.0,0.0,165.0,541.9932,60.0,60.0,50.0,0.0,0.0,0.0,50.0,50.0,
sp600_load050,28.2,baseline,500.0,60.0,500.0,0.0,165.0,541.9933,60.0,60.0,50.0,0.0,0.0,0.0,50.0,50.0,
sp600_load050,28.3,baseline,500.0,60.0,500.0,0.0,165.0,541.9934,60.0,60.0,50.0,0.0,0.0,0.0,50.0,50.0,
sp600_load050,28.4,baseline,500.0,60.0,500.0,0.0,165.0,541.9936,60.0,60.0,50.0,0.0,0.0,0.0,50.0,50.0,
sp600_load050,28.5,baseline,500.0,60.0,500.0,0.0,165.0,541.9937,60.0,60.0,50.0,0.0,0.0,0.0,50.0,50.0,
sp600_load050,28.6,baseline,500.0,60.0,500.0,0.0,165.0,541.9938,60.0,60.0,50.0,0.0,0.0,0.0,50.0,50.0,
sp600_load050,28.7,baseline,500.0,60.0,500.0,0.0,165.0,541.9939,60.0,60.0,50.0,0.0,0.0,0.0,50.0,50.0,
sp600_load050,28.8,baseline,500.0,60.0,500.0,0.0,165.0,541.9941,60.0,60.0,50.0,0.0,0.0,0.0,50.0,50.0,
sp600_load050,28.9,baseline,500.0,60.0,500.0,0.0,165.0,541.9942,60.0,60.0,50.0,0.0,0.0,0.0,50.0,50.0,
sp600_load050,29.0,baseline,500.0,60.0,500.0,0.0,165.0,541.9943,60.0,60.0,50.0,0.0,0.0,0.0,50.0,50.0,
sp600_load050,29.1,baseline,500.0,60.0,500.0,0.0,165.0,541.9944,60.0,60.0,50.0,0.0,0.0,0.0,50.0,50.0,
sp600_load050,29.2,baseline,500.0,60.0,500.0,0.0,165.0,541.9945,60.0,60.0,50.0,0.0,0.0,0.0,50.0,50.0,
sp600_load050,29.3,baseline,500.0,60.0,500.0,0.0,165.0,541.9946,60.0,60.0,50.0,0.0,0.0,0.0,50.0,50.0,
sp600_load050,29.4,baseline,500.0,60.0,500.0,0.0,165.0,541.9947,60.0,60.0,50.0,0.0,0.0,0.0,50.0,50.0,
sp600_load050,29.5,baseline,500.0,60.0,500.0,0.0,165.0,541.9948,60.0,60.0,50.0,0.0,0.0,0.0,50.0,50.0,
sp600_load050,29.6,baseline,500.0,60.0,500.0,0.0,165.0,541.9949,60.0,60.0,50.0,0.0,0.0,0.0,50.0,50.0,
sp600_load050,29.7,baseline,500.0,60.0,500.0,0.0,165.0,541.995,60.0,60.0,50.0,0.0,0.0,0.0,50.0,50.0,
sp600_load050,29.8,baseline,500.0,60.0,500.0,0.0,165.0,541.9951,60.0,60.0,50.0,0.0,0.0,0.0,50.0,50.0,
sp600_load050,29.9,baseline,500.0,60.0,500.0,0.0,165.0,541.9952,60.0,60.0,50.0,0.0,0.0,0.0,50.0,50.0,
sp600_load050,30.0,baseline,500.0,60.0,500.0,0.0,165.0,541.9953,60.0,60.0,50.0,0.0,0.0,0.0,50.0,50.0,
sp600_load050,30.1,response,600.0,50.0,503.048,100.0,164.982,541.9842,59.2,110.0,91.6667,15.0,0.2,50.0,41.6667,91.6667,
sp600_load050,30.2,response,600.0,50.0,503.5059,96.952,164.948,541.963,58.464,66.0952,55.0794,14.5428,0.3939,-1.524,41.6667,55.0794,
sp600_load050,30.3,response,600.0,50.0,504.1066,96.4941,164.8997,541.9328,57.7869,67.7985,56.4987,14.4741,0.5869,-0.2289,41.6667,56.4987,
sp600_load050,30.4,response,600.0,50.0,504.7468,95.8934,164.8389,541.8944,57.1639,67.8348,56.529,14.384,0.7787,-0.3003,41.6667,56.529,
sp600_load050,30.5,response,600.0,50.0,505.4268,95.2532,164.7671,541.8488,56.5908,67.9244,56.6037,14.288,0.9692,-0.3201,41.6667,56.6037,
sp600_load050,30.6,response,600.0,50.0,506.1433,94.5732,164.6855,541.7967,56.0636,68.0052,56.671,14.186,1.1583,-0.34,41.6667,56.671,
sp600_load050,30.7,response,600.0,50.0,506.8934,93.8567,164.5954,541.7389,55.5785,68.0796,56.733,14.0785,1.346,-0.3582,41.6667,56.733,
sp600_load050,30.8,response,600.0,50.0,507.6743,93.1066,164.498,541.676,55.1322,68.1479,56.7899,13.966,1.5323,-0.375,41.6667,56.7899,
sp600_load050,30.9,response,600.0,50.0,508.4837,92.3257,164.3943,541.6086,54.7216,68.2103,56.842,13.8488,1.7169,-0.3905,41.6667,56.842,
sp600_load050,31.0,response,600.0,50.0,509.3191,91.5163,164.2852,541.5372,54.3439,68.2673,56.8894,13.7274,1.8999,-0.4047,41.6667,56.8894,
sp600_load050,31.1,response,600.0,50.0,510.1784,90.6809,164.1716,541.4624,53.9964,68.3189,56.9324,13.6021,2.0813,-0.4177,41.6667,56.9324,
sp600_load050,31.2,response,600.0,50.0,511.0597,89.8216,164.0542,541.3846,53.6767,68.3654,56.9712,13.4732,2.2609,-0.4297,41.6667,56.9712,
sp600_load050,31.3,response,600.0,50.0,511.9612,88.9403,163.9337,541.3043,53.3825,68.407,57.0059,13.341,2.4388,-0.4407,41.6667,57.0059,
sp600_load050,31.4,response,600.0,50.0,512.8811,88.0388,163.8107,541.2218,53.1119,68.444,57.0367,13.2058,2.6149,-0.4507,41.6667,57.0367,
sp600_load050,31.5,response,600.0,50.0,513.8179,87.1189,163.6858,541.1374,52.863,68.4764,57.0637,13.0678,2.7891,-0.46,41.6667,57.0637,
sp600_load050,31.6,response,600.0,50.0,514.7702,86.1821,163.5595,541.0515,52.6339,68.5045,57.0871,12.9273,2.9615,-0.4684,41.6667,57.0871,
sp600_load050,31.7,response,600.0,50.0,515.7365,85.2298,163.4322,540.9644,52.4232,68.5284,57.107,12.7845,3.132,-0.4761,41.6667,57.107,
sp600_load050,31.8,response,600.0,50.0,516.7156,84.2635,163.3044,540.8764,52.2294,68.5482,57.1235,12.6395,3.3005,-0.4832,41.6667,57.1235,
sp600_load050,31.9,response,600.0,50.0,517.7064,83.2844,163.1764,540.7875,52.051,68.5642,57.1368,12.4927,3.4671,-0.4896,41.6667,57.1368,
sp600_load050,32.0,response,600.0,50.0,518.7078,82.2936,163.0486,540.6982,51.8869,68.5764,57.147,12.344,3.6316,-0.4954,41.6667,57.147,
sp600_load050,32.1,response,600.0,50.0,519.7187,81.2922,162.9212,540.6086,51.736,68.5849,57.1541,12.1938,3.7942,-0.5007,41.6667,57.1541,
sp600_load050,32.2,response,600.0,50.0,520.7383,80.2813,162.7945,540.5187,51.5971,68.5898,57.1582,12.0422,3.9548,-0.5055,41.6667,57.1582,
sp600_load050,32.3,response,600.0,50.0,521.7656,79.2617,162.6687,540.4289,51.4693,68.5914,57.1595,11.8893,4.1133,-0.5098,41.6667,57.1595,
sp600_load050,32.4,response,600.0,50.0,522.7999,78.2344,162.5441,540.3393,51.3518,68.5895,57.158,11.7352,4.2698,-0.5137,41.6667,57.158,
sp600_load050,32.5,response,600.0,50.0,523.8403,77.2001,162.4207,540.2499,51.2436,68.5845,57.1537,11.58,4.4242,-0.5171,41.6667,57.1537,
sp600_load050,32.6,response,600.0,50.0,524.8862,76.1597,162.2988,540.1609,51.1442,68.5763,57.1469,11.424,4.5765,-0.5202,41.6667,57.1469,
sp600_load050,32.7,response,600.0,50.0,525.937,75.1138,162.1786,540.0724,51.0526,68.565,57.1375,11.2671,4.7267,-0.523,41.6667,57.1375,
sp600_load050,32.8,response,600.0,50.0,526.9919,74.063,162.06,539.9846,50.9684,68.5507,57.1256,11.1095,4.8749,-0.5254,41.6667,57.1256,
sp600_load050,32.9,response,600.0,50.0,528.0505,73.0081,161.9432,539.8973,50.8909,68.5335,57.1113,10.9512,5.0209,-0.5275,41.6667,57.1113,
sp600_load050,33.0,response,600.0,50.0,529.1121,71.9495,161.8284,539.8109,50.8197,68.5135,57.0946,10.7924,5.1648,-0.5293,41.6667,57.0946,
sp600_load050,33.1,response,600.0,50.0,530.1763,70.8879,161.7155,539.7252,50.7541,68.4907,57.0756,10.6332,5.3066,-0.5308,41.6667,57.0756,
sp600_load050,33.2,response,600.0,50.0,531.2426,69.8237,161.6046,539.6404,50.6938,68.4652,57.0543,10.4736,5.4462,-0.5321,41.6667,57.0543,
sp600_load050,33.3,response,600.0,50.0,532.3105,68.7574,161.4959,539.5565,50.6383,68.437,57.0309,10.3136,5.5837,-0.5331,41.6667,57.0309,
sp600_load050,33.4,response,600.0,50.0,533.3797,67.6895,161.3892,539.4736,50.5872,68.4063,57.0052,10.1534,5.7191,-0.534,41.6667,57.0052,
sp600_load050,33.5,response,600.0,50.0,534.4496,66.6203,161.2847,539.3917,50.5402,68.373,56.9775,9.9931,5.8523,-0.5346,41.6667,56.9775,
sp600_load050,33.6,response,600.0,50.0,535.52,65.5504,161.1823,539.3108,50.497,68.3372,56.9477,9.8326,5.9834,-0.535,41.6667,56.9477,
sp600_load050,33.7,response,600.0,50.0,536.5905,64.48,161.0821,539.231,50.4572,68.299,56.9159,9.672,6.1124,-0.5352,41.6667,56.9159,
sp600_load050,33.8,response,600.0,50.0,537.6608,63.4095,160.9841,539.1523,50.4207,68.2585,56.882,9.5114,6.2392,-0.5353,41.6667,56.882,
sp600_load050,33.9,response,600.0,50.0,538.7305,62.3392,160.8883,539.0747,50.387,68.2156,56.8463,9.3509,6.3639,-0.5351,41.6667,56.8463,
sp600_load050,34.0,response,600.0,50.0,539.7994,61.2695,160.7947,538.9982,50.3561,68.1704,56.8087,9.1904,6.4864,-0.5349,41.6667,56.8087,
sp600_load050,34.1,response,600.0,50.0,540.8671,60.2006,160.7032,538.9228,50.3276,68.123,56.7692,9.0301,6.6068,-0.5344,41.6667,56.7692,
sp600_load050,34.2,response,600.0,50.0,541.9334,59.1329,160.6139,538.8485,50.3014,68.0734,56.7278,8.8699,6.7251,-0.5339,41.6667,56.7278,
sp600_load050,34.3,response,600.0,50.0,542.9981,58.0666,160.5267,538.7755,50.2773,68.0217,56.6847,8.71,6.8412,-0.5332,41.6667,56.6847,
sp600_load050,34.4,response,600.0,50.0,544.0609,57.0019,160.4417,538.7035,50.2551,67.9678,56.6399,8.5503,6.9552,-0.5323,41.6667,56.6399,
sp600_load050,34.5,response,600.0,50.0,545.1215,55.9391,160.3587,538.6327,50.2347,67.9119,56.5933,8.3909,7.0671,-0.5314,41.6667,56.5933,
sp600_load050,34.6,response,600.0,50.0,546.1798,54.8785,160.2778,538.5631,50.2159,67.854,56.545,8.2318,7.1769,-0.5303,41.6667,56.545,
sp600_load050,34.7,response,600.0,50.0,547.2355,53.8202,160.1989,538.4946,50.1986,67.7941,56.4951,8.073,7.2845,-0.5291,41.6667,56.4951,
sp600_load050,34.8,response,600.0,50.0,548.2885,52.7645,160.1221,538.4273,50.1827,67.7322,56.4435,7.9147,7.39,-0.5279,41.6667,56.4435,
sp600_load050,34.9,response,600.0,50.0,549.3385,51.7115,160.0472,538.3611,50.1681,67.6684,56.3904,7.7567,7.4935,-0.5265,41.6667,56.3904,
sp600_load050,35.0,response,600.0,50.0,550.3854,50.6615,159.9742,538.296,50.1547,67.6028,56.3357,7.5992,7.5948,-0.525,41.6667,56.3357,
sp600_load050,35.1,response,600.0,50.0,551.429,49.6146,159.9032,538.2321,50.1423,67.5353,56.2794,7.4422,7.694,-0.5234,41.6667,56.2794,
sp600_load050,35.2,response,600.0,50.0,552.4691,48.571,159.8341,538.1693,50.1309,67.466,56.2217,7.2857,7.7912,-0.5218,41.6667,56.2217,
sp600_load050,35.3,response,600.0,50.0,553.5056,47.5309,159.7668,538.1076,50.1204,67.395,56.1625,7.1296,7.8862,-0.5201,41.6667,56.1625,
sp600_load050,35.4,response,600.0,50.0,554.5382,46.4944,159.7013,538.047,50.1108,67.3222,56.1018,6.9742,7.9792,-0.5182,41.6667,56.1018,
sp600_load050,35.5,response,600.0,50.0,555.567,45.4618,159.6375,537.9875,50.1019,67.2477,56.0397,6.8193,8.0701,-0.5163,41.6667,56.0397,
sp600_load050,35.6,response,600.0,50.0,556.5916,44.433,159.5755,537.929,50.0938,67.1715,55.9762,6.665,8.159,-0.5144,41.6667,55.9762,
sp600_load050,35.7,response,600.0,50.0,557.6121,43.4084,159.5152,537.8717,50.0863,67.0937,55.9114,6.5113,8.2458,-0.5123,41.6667,55.9114,
sp600_load050,35.8,response,600.0,50.0,558.6282,42.3879,159.4565,537.8154,50.0794,67.0143,55.8452,6.3582,8.3306,-0.5102,41.6667,55.8452,
sp600_load050,35.9,response,600.0,50.0,559.6398,41.3718,159.3994,537.7601,50.073,66.9333,55.7777,6.2058,8.4133,-0.508,41.6667,55.7777,
sp600_load050,36.0,response,600.0,50.0,560.6468,40.3602,159.344,537.7058,50.0672,66.8507,55.7089,6.054,8.4941,-0.5058,41.6667,55.7089,
sp600_load050,36.1,response,600.0,50.0,561.6491,39.3532,159.29,537.6526,50.0618,66.7667,55.6389,5.903,8.5728,-0.5035,41.6667,55.6389,
sp600_load050,36.2,response,600.0,50.0,562.6466,38.3509,159.2376,537.6003,50.0569,66.6811,55.5676,5.7526,8.6495,-0.5011,41.6667,55.5676,
sp600_load050,36.3,response,600.0,50.0,563.6391,37.3534,159.1867,537.549,50.0523,66.5941,55.4951,5.603,8.7242,-0.4987,41.6667,55.4951,
sp600_load050,36.4,response,600.0,50.0,564.6265,36.3609,159.1372,537.4987,50.0481,66.5057,55.4214,5.4541,8.7969,-0.4963,41.6667,55.4214,
sp600_load050,36.5,response,600.0,50.0,565.6088,35.3735,159.089,537.4494,50.0443,66.4159,55.3466,5.306,8.8676,-0.4937,41.6667,55.3466,
sp600_load050,36.6,response,600.0,50.0,566.5859,34.3912,159.0423,537.401,50.0407,66.3247,55.2706,5.1587,8.9364,-0.4911,41.6667,55.2706,
sp600_load050,36.7,response,600.0,50.0,567.5575,33.4141,158.9969,537.3535,50.0375,66.2322,55.1935,5.0121,9.0032,-0.4885,41.6667,55.1935,
sp600_load050,36.8,response,600.0,50.0,568.5238,32.4425,158.9527,537.3069,50.0345,66.1384,55.1153,4.8664,9.0681,-0.4858,41.6667,55.1153,
sp600_load050,36.9,response,600.0,50.0,569.4845,31.4762,158.9099,537.2612,50.0317,66.0433,55.0361,4.7214,9.1311,-0.4831,41.6667,55.0361,
sp600_load050,37.0,response,600.0,50.0,570.4395,30.5155,158.8682,537.2164,50.0292,65.9469,54.9558,4.5773,9.1921,-0.4803,41.6667,54.9558,
sp600_load050,37.1,response,600.0,50.0,571.3889,29.5605,158.8278,537.1724,50.0268,65.8493,54.8744,4.4341,9.2512,-0.4775,41.6667,54.8744,
sp600_load050,37.2,response,600.0,50.0,572.3324,28.6111,158.7885,537.1293,50.0247,65.7505,54.7921,4.2917,9.3085,-0.4747,41.6667,54.7921,
sp600_load050,37.3,response,600.0,50.0,573.2701,27.6676,158.7504,537.087,50.0227,65.6506,54.7088,4.1501,9.3638,-0.4718,41.6667,54.7088,
sp600_load050,37.4,response,600.0,50.0,574.2018,26.7299,158.7133,537.0456,50.0209,65.5495,54.6246,4.0095,9.4173,-0.4688,41.6667,54.6246,
sp600_load050,37.5,response,600.0,50.0,575.1275,25.7982,158.6773,537.0049,50.0192,65.4473,54.5394,3.8697,9.4689,-0.4659,41.6667,54.5394,
sp600_load050,37.6,response,600.0,50.0,576.0471,24.8725,158.6424,536.9651,50.0177,65.344,54.4533,3.7309,9.5186,-0.4628,41.6667,54.4533,
sp600_load050,37.7,response,600.0,50.0,576.9605,23.9529,158.6085,536.926,50.0163,65.2396,54.3663,3.5929,9.5665,-0.4598,41.6667,54.3663,
sp600_load050,37.8,response,600.0,50.0,577.8676,23.0395,158.5756,536.8877,50.015,65.1342,54.2785,3.4559,9.6126,-0.4567,41.6667,54.2785,
sp600_load050,37.9,response,600.0,50.0,578.7685,22.1324,158.5436,536.8502,50.0138,65.0278,54.1898,3.3199,9.6568,-0.4536,41.6667,54.1898,
sp600_load050,38.0,response,600.0,50.0,579.6629,21.2315,158.5126,536.8133,50.0127,64.9203,54.1003,3.1847,9.6993,-0.4504,41.6667,54.1003,
sp600_load050,38.1,response,600.0,50.0,580.5509,20.3371,158.4825,536.7772,50.0117,64.812,54.01,3.0506,9.74,-0.4472,41.6667,54.01,
sp600_load050,38.2,response,600.0,50.0,581.4325,19.4491,158.4533,536.7418,50.0107,64.7027,53.9189,2.9174,9.7789,-0.444,41.6667,53.9189,
sp600_load050,38.3,response,600.0,50.0,582.3074,18.5675,158.4249,536.7071,50.0099,64.5925,53.8271,2.7851,9.816,-0.4408,41.6667,53.8271,
sp600_load050,38.4,response,600.0,50.0,583.1758,17.6926,158.3974,536.6731,50.0091,64.4814,53.7345,2.6539,9.8514,-0.4375,41.6667,53.7345,
sp600_load050,38.5,response,600.0,50.0,584.0374,16.8242,158.3706,536.6398,50.0084,64.3694,53.6412,2.5236,9.8851,-0.4342,41.6667,53.6412,
sp600_load050,38.6,response,600.0,50.0,584.8924,15.9626,158.3447,536.6071,50.0077,64.2566,53.5472,2.3944,9.917,-0.4308,41.6667,53.5472,
sp600_load050,38.7,response,600.0,50.0,585.7405,15.1076,158.3195,536.575,50.0071,64.143,53.4525,2.2661,9.9472,-0.4275,41.6667,53.4525,
sp600_load050,38.8,response,600.0,50.0,586.5818,14.2595,158.2951,536.5436,50.0065,64.0287,53.3572,2.1389,9.9757,-0.4241,41.6667,53.3572,
sp600_load050,38.9,response,600.0,50.0,587.4163,13.4182,158.2713,536.5128,50.006,63.9135,53.2613,2.0127,10.0025,-0.4207,41.6667,53.2613,
sp600_load050,39.0,response,600.0,50.0,588.2438,12.5837,158.2483,536.4827,50.0055,63.7977,53.1647,1.8876,10.0277,-0.4172,41.6667,53.1647,
sp600_load050,39.1,response,600.0,50.0,589.0644,11.7562,158.226,536.4531,50.0051,63.6811,53.0676,1.7634,10.0512,-0.4138,41.6667,53.0676,
sp600_load050,39.2,response,600.0,50.0,589.8779,10.9356,158.2043,536.4241,50.0047,63.5638,52.9698,1.6403,10.0731,-0.4103,41.6667,52.9698,
sp600_load050,39.3,response,600.0,50.0,590.6844,10.1221,158.1833,536.3957,50.0043,63.4459,52.8715,1.5183,10.0933,-0.4068,41.6667,52.8715,
sp600_load050,39.4,response,600.0,50.0,591.4838,9.3156,158.1629,536.3678,50.0039,63.3273,52.7727,1.3973,10.112,-0.4032,41.6667,52.7727,
sp600_load050,39.5,response,600.0,50.0,592.2761,8.5162,158.1431,536.3405,50.0036,63.2081,52.6734,1.2774,10.129,-0.3997,41.6667,52.6734,
sp600_load050,39.6,response,600.0,50.0,593.0612,7.7239,158.1238,536.3137,50.0033,63.0883,52.5736,1.1586,10.1445,-0.3961,41.6667,52.5736,
sp600_load050,39.7,response,600.0,50.0,593.8391,6.9388,158.1052,536.2875,50.0031,62.9679,52.4733,1.0408,10.1583,-0.3925,41.6667,52.4733,
sp600_load050,39.8,response,600.0,50.0,594.6097,6.1609,158.0871,536.2618,50.0028,62.847,52.3725,0.9241,10.1707,-0.3889,41.6667,52.3725,
sp600_load050,39.9,response,600.0,50.0,595.3731,5.3903,158.0696,536.2366,50.0026,62.7256,52.2713,0.8085,10.1814,-0.3853,41.6667,52.2713,
sp600_load050,40.0,response,600.0,50.0,596.1292,4.6269,158.0525,536.2119,50.0024,62.6036,52.1697,0.694,10.1907,-0.3817,41.6667,52.1697,
sp600_load050,40.1,response,600.0,50.0,596.8779,3.8708,158.036,536.1877,50.0022,62.4812,52.0677,0.5806,10.1984,-0.378,41.6667,52.0677,
sp600_load050,40.2,response,600.0,50.0,597.6193,3.1221,158.02,536.164,50.002,62.3583,51.9653,0.4683,10.2047,-0.3744,41.6667,51.9653,
sp600_load050,40.3,response,600.0,50.0,598.3533,2.3807,158.0044,536.1407,50.0019,62.235,51.8625,0.3571,10.2094,-0.3707,41.6667,51.8625,
sp600_load050,40.4,response,600.0,50.0,599.0799,1.6467,157.9893,536.1179,50.0017,62.1113,51.7594,0.247,10.2127,-0.367,41.6667,51.7594,
sp600_load050,40.5,response,600.0,50.0,599.799,0.9201,157.9747,536.0956,50.0016,61.9872,51.656,0.138,10.2146,-0.3633,41.6667,51.656,
sp600_load050,40.6,response,600.0,50.0,600.5107,0.201,157.9605,536.0737,50.0015,61.8627,51.5522,0.0301,10.215,-0.3596,41.6667,51.5522,01LAH001
sp600_load050,40.7,response,600.0,50.0,601.2149,-0.5107,157.9467,536.0522,50.0013,61.7378,51.4482,-0.0766,10.2139,-0.3558,41.6667,51.4482,01LAH001
sp600_load050,40.8,response,600.0,50.0,601.9116,-1.2149,157.9333,536.0312,50.0012,61.6126,51.3439,-0.1822,10.2115,-0.3521,41.6667,51.3439,01LAH001
sp600_load050,40.9,response,600.0,50.0,602.6007,-1.9116,157.9203,536.0106,50.0011,61.4871,51.2393,-0.2867,10.2077,-0.3483,41.6667,51.2393,01LAH001
sp600_load050,41.0,response,600.0,50.0,603.2823,-2.6007,157.9077,535.9904,50.001,61.3614,51.1345,-0.3901,10.2025,-0.3446,41.6667,51.1345,01LAH001
sp600_load050,41.1,response,600.0,50.0,603.9564,-3.2823,157.8955,535.9706,50.001,61.2353,51.0294,-0.4923,10.1959,-0.3408,41.6667,51.0294,01LAH001
sp600_load050,41.2,response,600.0,50.0,604.6229,-3.9564,157.8837,535.9512,50.0009,61.109,50.9242,-0.5935,10.188,-0.337,41.6667,50.9242,01LAH001
sp600_load050,41.3,response,600.0,50.0,605.2818,-4.6229,157.8722,535.9322,50.0008,60.9825,50.8188,-0.6934,10.1788,-0.3332,41.6667,50.8188,01LAH001
sp600_load050,41.4,response,600.0,50.0,605.9331,-5.2818,157.861,535.9136,50.0007,60.8558,50.7132,-0.7923,10.1682,-0.3295,41.6667,50.7132,01LAH001
sp600_load050,41.5,response,600.0,50.0,606.5768,-5.9331,157.8502,535.8953,50.0007,60.7289,50.6074,-0.89,10.1563,-0.3257,41.6667,50.6074,01LAH001
sp600_load050,41.6,response,600.0,50.0,607.2128,-6.5768,157.8397,535.8774,50.0006,60.6018,50.5015,-0.9865,10.1432,-0.3218,41.6667,50.5015,01LAH001
sp600_load050,41.7,response,600.0,50.0,607.8413,-7.2128,157.8296,535.8599,50.0006,60.4746,50.3955,-1.0819,10.1288,-0.318,41.6667,50.3955,01LAH001
sp600_load050,41.8,response,600.0,50.0,608.4621,-7.8413,157.8197,535.8427,50.0005,60.3472,50.2893,-1.1762,10.1131,-0.3142,41.6667,50.2893,01LAH001
sp600_load050,41.9,response,600.0,50.0,609.0752,-8.4621,157.8101,535.8258,50.0005,60.2197,50.1831,-1.2693,10.0962,-0.3104,41.6667,50.1831,01LAH001
sp600_load050,42.0,response,600.0,50.0,609.6807,-9.0752,157.8008,535.8093,50.0005,60.0922,50.0768,-1.3613,10.078,-0.3066,41.6667,50.0768,01LAH001
sp600_load050,42.1,response,600.0,50.0,610.2786,-9.6807,157.7918,535.7931,50.0004,59.9645,49.9704,-1.4521,10.0586,-0.3028,41.6667,49.9704,01LAH001
sp600_load050,42.2,response,600.0,50.0,610.8688,-10.2786,157.783,535.7773,50.0004,59.8368,49.864,-1.5418,10.0381,-0.2989,41.6667,49.864,01LAH001
sp600_load050,42.3,response,600.0,50.0,611.4513,-10.8688,157.7746,535.7617,50.0004,59.7091,49.7576,-1.6303,10.0163,-0.2951,41.6667,49.7576,01LAH001
sp600_load050,42.4,response,600.0,50.0,612.0262,-11.4513,157.7663,535.7465,50.0003,59.5814,49.6512,-1.7177,9.9934,-0.2913,41.6667,49.6512,01LAH001
sp600_load050,42.5,response,600.0,50.0,612.5934,-12.0262,157.7584,535.7316,50.0003,59.4536,49.5447,-1.8039,9.9694,-0.2874,41.6667,49.5447,01LAH001
sp600_load050,42.6,response,600.0,50.0,613.1529,-12.5934,157.7506,535.717,50.0003,59.3259,49.4383,-1.889,9.9442,-0.2836,41.6667,49.4383,01LAH001
sp600_load050,42.7,response,600.0,50.0,613.7048,-13.1529,157.7431,535.7026,50.0003,59.1982,49.3319,-1.9729,9.9179,-0.2798,41.6667,49.3319,01LAH001
sp600_load050,42.8,response,600.0,50.0,614.249,-13.7048,157.7358,535.6886,50.0002,59.0706,49.2255,-2.0557,9.8905,-0.2759,41.6667,49.2255,01LAH001
sp600_load050,42.9,response,600.0,50.0,614.7856,-14.249,157.7287,535.6748,50.0002,58.943,49.1192,-2.1374,9.862,-0.2721,41.6667,49.1192,01LAH001
sp600_load050,43.0,response,600.0,50.0,615.3145,-14.7856,157.7219,535.6613,50.0002,58.8156,49.013,-2.2178,9.8324,-0.2683,41.6667,49.013,01LAH001
sp600_load050,43.1,response,600.0,50.0,615.8358,-15.3145,157.7152,535.6481,50.0002,58.6882,48.9068,-2.2972,9.8018,-0.2645,41.6667,48.9068,01LAH001
sp600_load050,43.2,response,600.0,50.0,616.3494,-15.8358,157.7088,535.6351,50.0002,58.5609,48.8008,-2.3754,9.7701,-0.2606,41.6667,48.8008,01LAH001
sp600_load050,43.3,response,600.0,50.0,616.8554,-16.3494,157.7025,535.6224,50.0002,58.4338,48.6949,-2.4524,9.7374,-0.2568,41.6667,48.6949,01LAH001
sp600_load050,43.4,response,600.0,50.0,617.3539,-16.8554,157.6964,535.61,50.0001,58.3069,48.5891,-2.5283,9.7037,-0.253,41.6667,48.5891,01LAH001
sp600_load050,43.5,response,600.0,50.0,617.8446,-17.3539,157.6906,535.5978,50.0001,58.1801,48.4834,-2.6031,9.669,-0.2492,41.6667,48.4834,01LAH001
sp600_load050,43.6,response,600.0,50.0,618.3278,-17.8446,157.6848,535.5858,50.0001,58.0535,48.3779,-2.6767,9.6333,-0.2454,41.6667,48.3779,01LAH001
sp600_load050,43.7,response,600.0,50.0,618.8035,-18.3278,157.6793,535.5741,50.0001,57.9271,48.2725,-2.7492,9.5967,-0.2416,41.6667,48.2725,01LAH001
sp600_load050,43.8,response,600.0,50.0,619.2715,-18.8035,157.6739,535.5626,50.0001,57.8009,48.1674,-2.8205,9.5591,-0.2378,41.6667,48.1674,01LAH001
sp600_load050,43.9,response,600.0,50.0,619.732,-19.2715,157.6687,535.5514,50.0001,57.6749,48.0624,-2.8907,9.5205,-0.234,41.6667,48.0624,01LAH001
sp600_load050,44.0,response,600.0,50.0,620.1849,-19.732,157.6636,535.5404,50.0001,57.5492,47.9577,-2.9598,9.481,-0.2302,41.6667,47.9577,01LAH001
sp600_load050,44.1,response,600.0,50.0,620.6304,-20.1849,157.6587,535.5295,50.0001,57.4238,47.8531,-3.0277,9.4407,-0.2265,41.6667,47.8531,01LAH001
sp600_load050,44.2,response,600.0,50.0,621.0683,-20.6304,157.654,535.519,50.0001,57.2986,47.7488,-3.0946,9.3994,-0.2227,41.6667,47.7488,01LAH001
sp600_load050,44.3,response,600.0,50.0,621.4987,-21.0683,157.6494,535.5086,50.0001,57.1737,47.6447,-3.1602,9.3573,-0.219,41.6667,47.6447,01LAH001
sp600_load050,44.4,response,600.0,50.0,621.9216,-21.4987,157.6449,535.4984,50.0001,57.0491,47.5409,-3.2248,9.3143,-0.2152,41.6667,47.5409,01LAH001
sp600_load050,44.5,response,600.0,50.0,622.3371,-21.9216,157.6405,535.4884,50.0001,56.9249,47.4374,-3.2882,9.2704,-0.2115,41.6667,47.4374,01LAH001
sp600_load050,44.6,response,600.0,50.0,622.7452,-22.3371,157.6363,535.4787,50.0001,56.8009,47.3341,-3.3506,9.2258,-0.2077,41.6667,47.3341,01LAH001
sp600_load050,44.7,response,600.0,50.0,623.1458,-22.7452,157.6322,535.4691,50.0,56.6774,47.2311,-3.4118,9.1803,-0.204,41.6667,47.2311,01LAH001
sp600_load050,44.8,response,600.0,50.0,623.5391,-23.1458,157.6283,535.4597,50.0,56.5541,47.1285,-3.4719,9.134,-0.2003,41.6667,47.1285,01LAH001
sp600_load050,44.9,response,600.0,50.0,623.9249,-23.5391,157.6244,535.4505,50.0,56.4313,47.0261,-3.5309,9.0869,-0.1966,41.6667,47.0261,01LAH001
sp600_load050,45.0,response,600.0,50.0,624.3035,-23.9249,157.6207,535.4415,50.0,56.3088,46.924,-3.5887,9.0391,-0.1929,41.6667,46.924,01LAH001
sp600_load050,45.1,response,600.0,50.0,624.6747,-24.3035,157.6171,535.4327,50.0,56.1868,46.8223,-3.6455,8.9904,-0.1893,41.6667,46.8223,01LAH001
sp600_load050,45.2,response,600.0,50.0,625.0386,-24.6747,157.6136,535.424,50.0,56.0652,46.721,-3.7012,8.9411,-0.1856,41.6667,46.721,01LAH001
sp600_load050,45.3,response,600.0,50.0,625.3952,-25.0386,157.6101,535.4156,50.0,55.9439,46.6199,-3.7558,8.891,-0.182,41.6667,46.6199,01LAH001
sp600_load050,45.4,response,600.0,50.0,625.7446,-25.3952,157.6068,535.4072,50.0,55.8232,46.5193,-3.8093,8.8402,-0.1783,41.6667,46.5193,01LAH001
sp600_load050,45.5,response,600.0,50.0,626.0868,-25.7446,157.6036,535.3991,50.0,55.7028,46.419,-3.8617,8.7887,-0.1747,41.6667,46.419,01LAH001
sp600_load050,45.6,response,600.0,50.0,626.4218,-26.0868,157.6005,535.3911,50.0,55.583,46.3191,-3.913,8.7366,-0.1711,41.6667,46.3191,01LAH001
sp600_load050,45.7,response,600.0,50.0,626.7496,-26.4218,157.5975,535.3833,50.0,55.4636,46.2196,-3.9633,8.6837,-0.1675,41.6667,46.2196,01LAH001
sp600_load050,45.8,response,600.0,50.0,627.0702,-26.7496,157.5946,535.3756,50.0,55.3447,46.1205,-4.0124,8.6302,-0.1639,41.6667,46.1205,01LAH001
sp600_load050,45.9,response,600.0,50.0,627.3838,-27.0702,157.5918,535.3681,50.0,55.2262,46.0219,-4.0605,8.5761,-0.1603,41.6667,46.0219,01LAH001
sp600_load050,46.0,response,600.0,50.0,627.6903,-27.3838,157.589,535.3608,50.0,55.1083,45.9236,-4.1076,8.5213,-0.1568,41.6667,45.9236,01LAH001
sp600_load050,46.1,response,600.0,50.0,627.9898,-27.6903,157.5863,535.3535,50.0,54.991,45.8258,-4.1535,8.4659,-0.1532,41.6667,45.8258,01LAH001
sp600_load050,46.2,response,600.0,50.0,628.2822,-27.9898,157.5837,535.3465,50.0,54.8741,45.7284,-4.1985,8.41,-0.1497,41.6667,45.7284,01LAH001
sp600_load050,46.3,response,600.0,50.0,628.5677,-28.2822,157.5812,535.3395,50.0,54.7578,45.6315,-4.2423,8.3534,-0.1462,41.6667,45.6315,01LAH001
sp600_load050,46.4,response,600.0,50.0,628.8462,-28.5677,157.5788,535.3327,50.0,54.642,45.535,-4.2852,8.2963,-0.1427,41.6667,45.535,01LAH001
sp600_load050,46.5,response,600.0,50.0,629.1178,-28.8462,157.5764,535.3261,50.0,54.5268,45.439,-4.3269,8.2386,-0.1393,41.6667,45.439,01LAH001
sp600_load050,46.6,response,600.0,50.0,629.3825,-29.1178,157.5741,535.3196,50.0,54.4122,45.3435,-4.3677,8.1803,-0.1358,41.6667,45.3435,01LAH001
sp600_load050,46.7,response,600.0,50.0,629.6404,-29.3825,157.5719,535.3132,50.0,54.2982,45.2485,-4.4074,8.1216,-0.1324,41.6667,45.2485,01LAH001
sp600_load050,46.8,response,600.0,50.0,629.8915,-29.6404,157.5698,535.3069,50.0,54.1847,45.1539,-4.4461,8.0623,-0.1289,41.6667,45.1539,01LAH001
sp600_load050,46.9,response,600.0,50.0,630.1358,-29.8915,157.5677,535.3008,50.0,54.0719,45.0599,-4.4837,8.0025,-0.1255,41.6667,45.0599,01LAH001
sp600_load050,47.0,response,600.0,50.0,630.3734,-30.1358,157.5656,535.2948,50.0,53.9596,44.9664,-4.5204,7.9422,-0.1222,41.6667,44.9664,01LAH001
sp600_load050,47.1,response,600.0,50.0,630.6043,-30.3734,157.5637,535.2889,50.0,53.848,44.8733,-4.556,7.8815,-0.1188,41.6667,44.8733,01LAH001
sp600_load050,47.2,response,600.0,50.0,630.8285,-30.6043,157.5618,535.2831,50.0,53.737,44.7809,-4.5906,7.8203,-0.1154,41.6667,44.7809,01LAH001
sp600_load050,47.3,response,600.0,50.0,631.0461,-30.8285,157.5599,535.2774,50.0,53.6267,44.6889,-4.6243,7.7586,-0.1121,41.6667,44.6889,01LAH001
sp600_load050,47.4,response,600.0,50.0,631.2571,-31.0461,157.5581,535.2719,50.0,53.517,44.5975,-4.6569,7.6965,-0.1088,41.6667,44.5975,01LAH001
sp600_load050,47.5,response,600.0,50.0,631.4616,-31.2571,157.5564,535.2664,50.0,53.4079,44.5066,-4.6886,7.634,-0.1055,41.6667,44.5066,01LAH001
sp600_load050,47.6,response,600.0,50.0,631.6596,-31.4616,157.5547,535.2611,50.0,53.2995,44.4163,-4.7192,7.5711,-0.1022,41.6667,44.4163,01LAH001
sp600_load050,47.7,response,600.0,50.0,631.8511,-31.6596,157.553,535.2559,50.0,53.1918,44.3265,-4.7489,7.5078,-0.099,41.6667,44.3265,01LAH001
sp600_load050,47.8,response,600.0,50.0,632.0362,-31.8511,157.5514,535.2508,50.0,53.0848,44.2373,-4.7777,7.4441,-0.0958,41.6667,44.2373,01LAH001
sp600_load050,47.9,response,600.0,50.0,632.2149,-32.0362,157.5499,535.2458,50.0,52.9784,44.1487,-4.8054,7.38,-0.0925,41.6667,44.1487,01LAH001
sp600_load050,48.0,response,600.0,50.0,632.3872,-32.2149,157.5484,535.2408,50.0,52.8728,44.0606,-4.8322,7.3156,-0.0894,41.6667,44.0606,01LAH001
sp600_load050,48.1,response,600.0,50.0,632.5533,-32.3872,157.5469,535.236,50.0,52.7678,43.9732,-4.8581,7.2508,-0.0862,41.6667,43.9732,01LAH001
sp600_load050,48.2,response,600.0,50.0,632.7131,-32.5533,157.5455,535.2313,50.0,52.6636,43.8863,-4.883,7.1857,-0.083,41.6667,43.8863,01LAH001
sp600_load050,48.3,response,600.0,50.0,632.8667,-32.7131,157.5442,535.2267,50.0,52.5601,43.8,-4.907,7.1203,-0.0799,41.6667,43.8,01LAH001
sp600_load050,48.4,response,600.0,50.0,633.0142,-32.8667,157.5428,535.2221,50.0,52.4573,43.7144,-4.93,7.0545,-0.0768,41.6667,43.7144,01LAH001
sp600_load050,48.5,response,600.0,50.0,633.1555,-33.0142,157.5416,535.2177,50.0,52.3552,43.6293,-4.9521,6.9885,-0.0737,41.6667,43.6293,01LAH001
sp600_load050,48.6,response,600.0,50.0,633.2907,-33.1555,157.5403,535.2133,50.0,52.2538,43.5449,-4.9733,6.9222,-0.0707,41.6667,43.5449,01LAH001
sp600_load050,48.7,response,600.0,50.0,633.4199,-33.2907,157.5391,535.2091,50.0,52.1533,43.461,-4.9936,6.8556,-0.0676,41.6667,43.461,01LAH001
sp600_load050,48.8,response,600.0,50.0,633.5431,-33.4199,157.5379,535.2049,50.0,52.0534,43.3778,-5.013,6.7888,-0.0646,41.6667,43.3778,01LAH001
sp600_load050,48.9,response,600.0,50.0,633.6604,-33.5431,157.5368,535.2008,50.0,51.9543,43.2953,-5.0315,6.7217,-0.0616,41.6667,43.2953,01LAH001
sp600_load050,49.0,response,600.0,50.0,633.7717,-33.6604,157.5357,535.1968,50.0,51.856,43.2133,-5.0491,6.6544,-0.0586,41.6667,43.2133,01LAH001
sp600_load050,49.1,response,600.0,50.0,633.8772,-33.7717,157.5346,535.1929,50.0,51.7584,43.132,-5.0658,6.5868,-0.0557,41.6667,43.132,01LAH001
sp600_load050,49.2,response,600.0,50.0,633.9769,-33.8772,157.5336,535.189,50.0,51.6617,43.0514,-5.0816,6.5191,-0.0528,41.6667,43.0514,01LAH001
sp600_load050,49.3,response,600.0,50.0,634.0709,-33.9769,157.5326,535.1852,50.0,51.5657,42.9714,-5.0965,6.4511,-0.0498,41.6667,42.9714,01LAH001
sp600_load050,49.4,response,600.0,50.0,634.1591,-34.0709,157.5316,535.1815,50.0,51.4704,42.892,-5.1106,6.383,-0.047,41.6667,42.892,01LAH001
sp600_load050,49.5,response,600.0,50.0,634.2417,-34.1591,157.5307,535.1779,50.0,51.376,42.8133,-5.1239,6.3146,-0.0441,41.6667,42.8133,01LAH001
sp600_load050,49.6,response,600.0,50.0,634.3186,-34.2417,157.5297,535.1743,50.0,51.2824,42.7353,-5.1362,6.2462,-0.0413,41.6667,42.7353,01LAH001
sp600_load050,49.7,response,600.0,50.0,634.39,-34.3186,157.5288,535.1708,50.0,51.1895,42.6579,-5.1478,6.1775,-0.0385,41.6667,42.6579,01LAH001
sp600_load050,49.8,response,600.0,50.0,634.4558,-34.39,157.528,535.1674,50.0,51.0975,42.5812,-5.1585,6.1087,-0.0357,41.6667,42.5812,01LAH001
sp600_load050,49.9,response,600.0,50.0,634.5162,-34.4558,157.5271,535.1641,50.0,51.0062,42.5052,-5.1684,6.0398,-0.0329,41.6667,42.5052,01LAH001
sp600_load050,50.0,response,600.0,50.0,634.5711,-34.5162,157.5263,535.1608,50.0,50.9158,42.4298,-5.1774,5.9708,-0.0302,41.6667,42.4298,01LAH001
sp600_load050,50.1,response,600.0,50.0,634.6207,-34.5711,157.5255,535.1576,50.0,50.8262,42.3552,-5.1857,5.9017,-0.0275,41.6667,42.3552,01LAH001
sp600_load050,50.2,response,600.0,50.0,634.665,-34.6207,157.5248,535.1544,50.0,50.7374,42.2812,-5.1931,5.8324,-0.0248,41.6667,42.2812,01LAH001
sp600_load050,50.3,response,600.0,50.0,634.7039,-34.665,157.524,535.1513,50.0,50.6495,42.2079,-5.1997,5.7631,-0.0221,41.6667,42.2079,01LAH001
sp600_load050,50.4,response,600.0,50.0,634.7377,-34.7039,157.5233,535.1483,50.0,50.5623,42.1353,-5.2056,5.6937,-0.0195,41.6667,42.1353,01LAH001
sp600_load050,50.5,response,600.0,50.0,634.7662,-34.7377,157.5226,535.1453,50.0,50.476,42.0633,-5.2106,5.6242,-0.0169,41.6667,42.0633,01LAH001
sp600_load050,50.6,response,600.0,50.0,634.7897,-34.7662,157.5219,535.1424,50.0,50.3905,41.9921,-5.2149,5.5547,-0.0143,41.6667,41.9921,01LAH001
sp600_load050,50.7,response,600.0,50.0,634.808,-34.7897,157.5213,535.1396,50.0,50.3059,41.9216,-5.2184,5.4851,-0.0117,41.6667,41.9216,01LAH001
sp600_load050,50.8,response,600.0,50.0,634.8213,-34.808,157.5206,535.1368,50.0,50.2221,41.8518,-5.2212,5.4155,-0.0092,41.6667,41.8518,01LAH001
sp600_load050,50.9,response,600.0,50.0,634.8297,-34.8213,157.52,535.1341,50.0,50.1392,41.7826,-5.2232,5.3458,-0.0067,41.6667,41.7826,01LAH001
sp600_load050,51.0,response,600.0,50.0,634.8331,-34.8297,157.5194,535.1314,50.0,50.0571,41.7142,-5.2245,5.2762,-0.0042,41.6667,41.7142,01LAH001
sp600_load050,51.1,response,600.0,50.0,634.8317,-34.8331,157.5188,535.1287,50.0,49.9758,41.6465,-5.225,5.2065,-0.0017,41.6667,41.6465,01LAH001
sp600_load050,51.2,response,600.0,50.0,634.8254,-34.8317,157.5183,535.1262,50.0,49.8954,41.5795,-5.2247,5.1368,0.0007,41.6667,41.5795,01LAH001
sp600_load050,51.3,response,600.0,50.0,634.8143,-34.8254,157.5177,535.1237,50.0,49.8158,41.5132,-5.2238,5.0672,0.0031,41.6667,41.5132,01LAH001
sp600_load050,51.4,response,600.0,50.0,634.7986,-34.8143,157.5172,535.1212,50.0,49.7371,41.4476,-5.2221,4.9976,0.0055,41.6667,41.4476,01LAH001
sp600_load050,51.5,response,600.0,50.0,634.7781,-34.7986,157.5167,535.1188,50.0,49.6593,41.3827,-5.2198,4.928,0.0079,41.6667,41.3827,01LAH001
sp600_load050,51.6,response,600.0,50.0,634.7531,-34.7781,157.5162,535.1164,50.0,49.5823,41.3186,-5.2167,4.8584,0.0102,41.6667,41.3186,01LAH001
sp600_load050,51.7,response,600.0,50.0,634.7234,-34.7531,157.5157,535.1141,50.0,49.5062,41.2551,-5.213,4.7889,0.0125,41.6667,41.2551,01LAH001
sp600_load050,51.8,response,600.0,50.0,634.6893,-34.7234,157.5152,535.1118,50.0,49.4309,41.1924,-5.2085,4.7195,0.0148,41.6667,41.1924,01LAH001
sp600_load050,51.9,response,600.0,50.0,634.6507,-34.6893,157.5148,535.1095,50.0,49.3565,41.1304,-5.2034,4.6501,0.0171,41.6667,41.1304,01LAH001
sp600_load050,52.0,response,600.0,50.0,634.6076,-34.6507,157.5143,535.1073,50.0,49.283,41.0691,-5.1976,4.5808,0.0193,41.6667,41.0691,01LAH001
sp600_load050,52.1,response,600.0,50.0,634.5603,-34.6076,157.5139,535.1052,50.0,49.2103,41.0086,-5.1911,4.5116,0.0215,41.6667,41.0086,01LAH001
sp600_load050,52.2,response,600.0,50.0,634.5086,-34.5603,157.5135,535.1031,50.0,49.1385,40.9488,-5.184,4.4424,0.0237,41.6667,40.9488,01LAH001
sp600_load050,52.3,response,600.0,50.0,634.4526,-34.5086,157.5131,535.101,50.0,49.0676,40.8896,-5.1763,4.3734,0.0258,41.6667,40.8896,01LAH001
sp600_load050,52.4,response,600.0,50.0,634.3925,-34.4526,157.5127,535.099,50.0,48.9975,40.8313,-5.1679,4.3045,0.028,41.6667,40.8313,01LAH001
sp600_load050,52.5,response,600.0,50.0,634.3282,-34.3925,157.5123,535.097,50.0,48.9283,40.7736,-5.1589,4.2357,0.0301,41.6667,40.7736,01LAH001
sp600_load050,52.6,response,600.0,50.0,634.2598,-34.3282,157.5119,535.0951,50.0,48.86,40.7167,-5.1492,4.1671,0.0322,41.6667,40.7167,01LAH001
sp600_load050,52.7,response,600.0,50.0,634.1873,-34.2598,157.5116,535.0932,50.0,48.7925,40.6605,-5.139,4.0986,0.0342,41.6667,40.6605,01LAH001
sp600_load050,52.8,response,600.0,50.0,634.1109,-34.1873,157.5112,535.0913,50.0,48.726,40.605,-5.1281,4.0302,0.0362,41.6667,40.605,01LAH001
sp600_load050,52.9,response,600.0,50.0,634.0305,-34.1109,157.5109,535.0895,50.0,48.6603,40.5502,-5.1166,3.962,0.0382,41.6667,40.5502,01LAH001
sp600_load050,53.0,response,600.0,50.0,633.9462,-34.0305,157.5106,535.0877,50.0,48.5954,40.4962,-5.1046,3.8939,0.0402,41.6667,40.4962,01LAH001
sp600_load050,53.1,response,600.0,50.0,633.8581,-33.9462,157.5102,535.086,50.0,48.5315,40.4429,-5.0919,3.826,0.0421,41.6667,40.4429,01LAH001
sp600_load050,53.2,response,600.0,50.0,633.7662,-33.8581,157.5099,535.0842,50.0,48.4684,40.3903,-5.0787,3.7583,0.0441,41.6667,40.3903,01LAH001
sp600_load050,53.3,response,600.0,50.0,633.6706,-33.7662,157.5096,535.0825,50.0,48.4061,40.3384,-5.0649,3.6908,0.0459,41.6667,40.3384,01LAH001
sp600_load050,53.4,response,600.0,50.0,633.5713,-33.6706,157.5093,535.0809,50.0,48.3448,40.2873,-5.0506,3.6234,0.0478,41.6667,40.2873,01LAH001
sp600_load050,53.5,response,600.0,50.0,633.4683,-33.5713,157.5091,535.0793,50.0,48.2843,40.2369,-5.0357,3.5563,0.0497,41.6667,40.2369,01LAH001
sp600_load050,53.6,response,600.0,50.0,633.3618,-33.4683,157.5088,535.0777,50.0,48.2247,40.1872,-5.0202,3.4893,0.0515,41.6667,40.1872,01LAH001
sp600_load050,53.7,response,600.0,50.0,633.2518,-33.3618,157.5085,535.0761,50.0,48.1659,40.1383,-5.0043,3.4226,0.0533,41.6667,40.1383,01LAH001
sp600_load050,53.8,response,600.0,50.0,633.1382,-33.2518,157.5083,535.0746,50.0,48.108,40.09,-4.9878,3.3561,0.055,41.6667,40.09,01LAH001
sp600_load050,53.9,response,600.0,50.0,633.0213,-33.1382,157.508,535.0731,50.0,48.051,40.0425,-4.9707,3.2898,0.0568,41.6667,40.0425,01LAH001
sp600_load050,54.0,response,600.0,50.0,632.901,-33.0213,157.5078,535.0717,50.0,47.9949,39.9957,-4.9532,3.2238,0.0585,41.6667,39.9957,01LAH001
sp600_load050,54.1,response,600.0,50.0,632.7774,-32.901,157.5075,535.0702,50.0,47.9396,39.9497,-4.9352,3.158,0.0602,41.6667,39.9497,01LAH001
sp600_load050,54.2,response,600.0,50.0,632.6505,-32.7774,157.5073,535.0688,50.0,47.8852,39.9043,-4.9166,3.0924,0.0618,41.6667,39.9043,01LAH001
sp600_load050,54.3,response,600.0,50.0,632.5204,-32.6505,157.5071,535.0674,50.0,47.8316,39.8597,-4.8976,3.0271,0.0634,41.6667,39.8597,01LAH001
sp600_load050,54.4,response,600.0,50.0,632.3871,-32.5204,157.5069,535.0661,50.0,47.7789,39.8158,-4.8781,2.9621,0.0651,41.6667,39.8158,01LAH001
sp600_load050,54.5,response,600.0,50.0,632.2507,-32.3871,157.5067,535.0648,50.0,47.7271,39.7725,-4.8581,2.8973,0.0666,41.6667,39.7725,01LAH001
sp600_load050,54.6,response,600.0,50.0,632.1113,-32.2507,157.5065,535.0635,50.0,47.6761,39.7301,-4.8376,2.8328,0.0682,41.6667,39.7301,01LAH001
sp600_load050,54.7,response,600.0,50.0,631.9689,-32.1113,157.5063,535.0622,50.0,47.6259,39.6883,-4.8167,2.7686,0.0697,41.6667,39.6883,01LAH001
sp600_load050,54.8,response,600.0,50.0,631.8235,-31.9689,157.5061,535.061,50.0,47.5767,39.6472,-4.7953,2.7047,0.0712,41.6667,39.6472,01LAH001
sp600_load050,54.9,response,600.0,50.0,631.6752,-31.8235,157.5059,535.0597,50.0,47.5282,39.6069,-4.7735,2.641,0.0727,41.6667,39.6069,01LAH001
sp600_load050,55.0,response,600.0,50.0,631.524,-31.6752,157.5057,535.0586,50.0,47.4806,39.5672,-4.7513,2.5777,0.0742,41.6667,39.5672,01LAH001
sp600_load050,55.1,response,600.0,50.0,631.37,-31.524,157.5056,535.0574,50.0,47.4339,39.5283,-4.7286,2.5146,0.0756,41.6667,39.5283,01LAH001
sp600_load050,55.2,response,600.0,50.0,631.2133,-31.37,157.5054,535.0562,50.0,47.388,39.49,-4.7055,2.4519,0.077,41.6667,39.49,01LAH001
sp600_load050,55.3,response,600.0,50.0,631.0539,-31.2133,157.5052,535.0551,50.0,47.343,39.4525,-4.682,2.3894,0.0784,41.6667,39.4525,01LAH001
sp600_load050,55.4,response,600.0,50.0,630.8918,-31.0539,157.5051,535.054,50.0,47.2988,39.4156,-4.6581,2.3273,0.0797,41.6667,39.4156,01LAH001
sp600_load050,55.5,response,600.0,50.0,630.7271,-30.8918,157.5049,535.0529,50.0,47.2554,39.3795,-4.6338,2.2656,0.081,41.6667,39.3795,01LAH001
sp600_load050,55.6,response,600.0,50.0,630.5599,-30.7271,157.5048,535.0519,50.0,47.2128,39.344,-4.6091,2.2041,0.0823,41.6667,39.344,01LAH001
sp600_load050,55.7,response,600.0,50.0,630.3902,-30.5599,157.5046,535.0508,50.0,47.1711,39.3093,-4.584,2.143,0.0836,41.6667,39.3093,01LAH001
sp600_load050,55.8,response,600.0,50.0,630.218,-30.3902,157.5045,535.0498,50.0,47.1302,39.2752,-4.5585,2.0822,0.0849,41.6667,39.2752,01LAH001
sp600_load050,55.9,response,600.0,50.0,630.0434,-30.218,157.5044,535.0488,50.0,47.0902,39.2418,-4.5327,2.0218,0.0861,41.6667,39.2418,01LAH001
sp600_load050,56.0,response,600.0,50.0,629.8665,-30.0434,157.5042,535.0478,50.0,47.051,39.2091,-4.5065,1.9617,0.0873,41.6667,39.2091,01LAH001
sp600_load050,56.1,response,600.0,50.0,629.6872,-29.8665,157.5041,535.0469,50.0,47.0125,39.1771,-4.48,1.9019,0.0885,41.6667,39.1771,01LAH001
sp600_load050,56.2,response,600.0,50.0,629.5057,-29.6872,157.504,535.0459,50.0,46.9749,39.1458,-4.4531,1.8426,0.0896,41.6667,39.1458,01LAH001
sp600_load050,56.3,response,600.0,50.0,629.322,-29.5057,157.5039,535.045,50.0,46.9381,39.1151,-4.4259,1.7836,0.0908,41.6667,39.1151,01LAH001
sp600_load050,56.4,response,600.0,50.0,629.1361,-29.322,157.5037,535.0441,50.0,46.9022,39.0851,-4.3983,1.7249,0.0919,41.6667,39.0851,01LAH001
sp600_load050,56.5,response,600.0,50.0,628.9481,-29.1361,157.5036,535.0432,50.0,46.867,39.0558,-4.3704,1.6666,0.0929,41.6667,39.0558,01LAH001
sp600_load050,56.6,response,600.0,50.0,628.7581,-28.9481,157.5035,535.0424,50.0,46.8326,39.0272,-4.3422,1.6087,0.094,41.6667,39.0272,01LAH001
sp600_load050,56.7,response,600.0,50.0,628.566,-28.7581,157.5034,535.0415,50.0,46.799,38.9992,-4.3137,1.5512,0.095,41.6667,38.9992,01LAH001
sp600_load050,56.8,response,600.0,50.0,628.372,-28.566,157.5033,535.0407,50.0,46.7663,38.9719,-4.2849,1.4941,0.096,41.6667,38.9719,01LAH001
sp600_load050,56.9,response,600.0,50.0,628.1761,-28.372,157.5032,535.0399,50.0,46.7343,38.9452,-4.2558,1.4374,0.097,41.6667,38.9452,01LAH001
sp600_load050,57.0,response,600.0,50.0,627.9783,-28.1761,157.5031,535.0391,50.0,46.7031,38.9192,-4.2264,1.381,0.098,41.6667,38.9192,01LAH001
sp600_load050,57.1,response,600.0,50.0,627.7786,-27.9783,157.503,535.0383,50.0,46.6727,38.8939,-4.1967,1.325,0.0989,41.6667,38.8939,01LAH001
sp600_load050,57.2,response,600.0,50.0,627.5772,-27.7786,157.5029,535.0375,50.0,46.643,38.8692,-4.1668,1.2695,0.0998,41.6667,38.8692,01LAH001
sp600_load050,57.3,response,600.0,50.0,627.374,-27.5772,157.5028,535.0368,50.0,46.6142,38.8451,-4.1366,1.2143,0.1007,41.6667,38.8451,01LAH001
sp600_load050,57.4,response,600.0,50.0,627.1692,-27.374,157.5028,535.0361,50.0,46.5861,38.8217,-4.1061,1.1596,0.1016,41.6667,38.8217,01LAH001
sp600_load050,57.5,response,600.0,50.0,626.9627,-27.1692,157.5027,535.0353,50.0,46.5587,38.7989,-4.0754,1.1052,0.1024,41.6667,38.7989,01LAH001
sp600_load050,57.6,response,600.0,50.0,626.7547,-26.9627,157.5026,535.0346,50.0,46.5322,38.7768,-4.0444,1.0513,0.1032,41.6667,38.7768,01LAH001
sp600_load050,57.7,response,600.0,50.0,626.545,-26.7547,157.5025,535.0339,50.0,46.5064,38.7553,-4.0132,0.9978,0.104,41.6667,38.7553,01LAH001
sp600_load050,57.8,response,600.0,50.0,626.3339,-26.545,157.5024,535.0333,50.0,46.4813,38.7344,-3.9818,0.9447,0.1048,41.6667,38.7344,01LAH001
sp600_load050,57.9,response,600.0,50.0,626.1214,-26.3339,157.5024,535.0326,50.0,46.457,38.7142,-3.9501,0.8921,0.1056,41.6667,38.7142,01LAH001
sp600_load050,58.0,response,600.0,50.0,625.9074,-26.1214,157.5023,535.0319,50.0,46.4335,38.6946,-3.9182,0.8398,0.1063,41.6667,38.6946,01LAH001
sp600_load050,58.1,response,600.0,50.0,625.692,-25.9074,157.5022,535.0313,50.0,46.4107,38.6756,-3.8861,0.788,0.107,41.6667,38.6756,01LAH001
sp600_load050,58.2,response,600.0,50.0,625.4753,-25.692,157.5022,535.0307,50.0,46.3886,38.6572,-3.8538,0.7366,0.1077,41.6667,38.6572,01LAH001
sp600_load050,58.3,response,600.0,50.0,625.2573,-25.4753,157.5021,535.0301,50.0,46.3672,38.6394,-3.8213,0.6857,0.1083,41.6667,38.6394,01LAH001
sp600_load050,58.4,response,600.0,50.0,625.0381,-25.2573,157.502,535.0295,50.0,46.3466,38.6222,-3.7886,0.6351,0.109,41.6667,38.6222,01LAH001
sp600_load050,58.5,response,600.0,50.0,624.8178,-25.0381,157.502,535.0289,50.0,46.3267,38.6056,-3.7557,0.5851,0.1096,41.6667,38.6056,01LAH001
sp600_load050,58.6,response,600.0,50.0,624.5962,-24.8178,157.5019,535.0283,50.0,46.3076,38.5896,-3.7227,0.5354,0.1102,41.6667,38.5896,01LAH001
sp600_load050,58.7,response,600.0,50.0,624.3736,-24.5962,157.5019,535.0277,50.0,46.2891,38.5743,-3.6894,0.4862,0.1108,41.6667,38.5743,01LAH001
sp600_load050,58.8,response,600.0,50.0,624.1498,-24.3736,157.5018,535.0272,50.0,46.2713,38.5595,-3.656,0.4375,0.1113,41.6667,38.5595,01LAH001
sp600_load050,58.9,response,600.0,50.0,623.9251,-24.1498,157.5017,535.0266,50.0,46.2543,38.5452,-3.6225,0.3892,0.1119,41.6667,38.5452,01LAH001
sp600_load050,59.0,response,600.0,50.0,623.6994,-23.9251,157.5017,535.0261,50.0,46.2379,38.5316,-3.5888,0.3413,0.1124,41.6667,38.5316,01LAH001
sp600_load050,59.1,response,600.0,50.0,623.4727,-23.6994,157.5016,535.0256,50.0,46.2223,38.5186,-3.5549,0.2939,0.1129,41.6667,38.5186,01LAH001
sp600_load050,59.2,response,600.0,50.0,623.2451,-23.4727,157.5016,535.0251,50.0,46.2073,38.5061,-3.5209,0.247,0.1133,41.6667,38.5061,01LAH001
sp600_load050,59.3,response,600.0,50.0,623.0167,-23.2451,157.5015,535.0246,50.0,46.193,38.4942,-3.4868,0.2005,0.1138,41.6667,38.4942,01LAH001
sp600_load050,59.4,response,600.0,50.0,622.7875,-23.0167,157.5015,535.0241,50.0,46.1794,38.4828,-3.4525,0.1545,0.1142,41.6667,38.4828,01LAH001
sp600_load050,59.5,response,600.0,50.0,622.5575,-22.7875,157.5015,535.0236,50.0,46.1665,38.4721,-3.4181,0.1089,0.1146,41.6667,38.4721,01LAH001
sp600_load050,59.6,response,600.0,50.0,622.3267,-22.5575,157.5014,535.0231,50.0,46.1542,38.4618,-3.3836,0.0638,0.115,41.6667,38.4618,01LAH001
sp600_load050,59.7,response,600.0,50.0,622.0953,-22.3267,157.5014,535.0227,50.0,46.1426,38.4522,-3.349,0.0191,0.1154,41.6667,38.4522,01LAH001
sp600_load050,59.8,response,600.0,50.0,621.8632,-22.0953,157.5013,535.0222,50.0,46.1316,38.443,-3.3143,-0.0251,0.1157,41.6667,38.443,01LAH001
sp600_load050,59.9,response,600.0,50.0,621.6305,-21.8632,157.5013,535.0218,50.0,46.1213,38.4345,-3.2795,-0.0688,0.1161,41.6667,38.4345,01LAH001
sp600_load050,60.0,response,600.0,50.0,621.3972,-21.6305,157.5013,535.0213,50.0,46.1117,38.4264,-3.2446,-0.112,0.1164,41.6667,38.4264,01LAH001
sp600_load075,0.1,baseline,500.0,60.0,500.0,0.0,165.0,540.04,60.0,60.0,50.0,0.0,0.0,0.0,50.0,50.0,
sp600_load075,0.2,baseline,500.0,60.0,500.0,0.0,165.0,540.0792,60.0,60.0,50.0,0.0,0.0,0.0,50.0,50.0,
sp600_load075,0.3,baseline,500.0,60.0,500.0,0.0,165.0,540.1176,60.0,60.0,50.0,0.0,0.0,0.0,50.0,50.0,
sp600_load075,0.4,baseline,500.0,60.0,500.0,0.0,165.0,540.1553,60.0,60.0,50.0,0.0,0.0,0.0,50.0,50.0,
sp600_load075,0.5,baseline,500.0,60.0,500.0,0.0,165.0,540.1922,60.0,60.0,50.0,0.0,0.0,0.0,50.0,50.0,
sp600_load075,0.6,baseline,500.0,60.0,500.0,0.0,165.0,540.2283,60.0,60.0,50.0,0.0,0.0,0.0,50.0,50.0,
sp600_load075,0.7,baseline,500.0,60.0,500.0,0.0,165.0,540.2637,60.0,60.0,50.0,0.0,0.0,0.0,50.0,50.0,
sp600_load075,0.8,baseline,500.0,60.0,500.0,0.0,165.0,540.2985,60.0,60.0,50.0,0.0,0.0,0.0,50.0,50.0,
sp600_load075,0.9,baseline,500.0,60.0,500.0,0.0,165.0,540.3325,60.0,60.0,50.0,0.0,0.0,0.0,50.0,50.0,
sp600_load075,1.0,baseline,500.0,60.0,500.0,0.0,165.0,540.3659,60.0,60.0,50.0,0.0,0.0,0.0,50.0,50.0,
sp600_load075,1.1,baseline,500.0,60.0,500.0,0.0,165.0,540.3985,60.0,60.0,50.0,0.0,0.0,0.0,50.0,50.0,
sp600_load075,1.2,baseline,500.0,60.0,500.0,0.0,165.0,540.4306,60.0,60.0,50.0,0.0,0.0,0.0,50.0,50.0,
sp600_load075,1.3,baseline,500.0,60.0,500.0,0.0,165.0,540.462,60.0,60.0,50.0,0.0,0.0,0.0,50.0,50.0,
sp600_load075,1.4,baseline,500.0,60.0,500.0,0.0,165.0,540.4927,60.0,60.0,50.0,0.0,0.0,0.0,50.0,50.0,
sp600_load075,1.5,baseline,500.0,60.0,500.0,0.0,165.0,540.5229,60.0,60.0,50.0,0.0,0.0,0.0,50.0,50.0,
sp600_load075,1.6,baseline,500.0,60.0,500.0,0.0,165.0,540.5524,60.0,60.0,50.0,0.0,0.0,0.0,50.0,50.0,
sp600_load075,1.7,baseline,500.0,60.0,500.0,0.0,165.0,540.5814,60.0,60.0,50.0,0.0,0.0,0.0,50.0,50.0,
sp600_load075,1.8,baseline,500.0,60.0,500.0,0.0,165.0,540.6097,60.0,60.0,50.0,0.0,0.0,0.0,50.0,50.0,
sp600_load075,1.9,baseline,500.0,60.0,500.0,0.0,165.0,540.6375,60.0,60.0,50.0,0.0,0.0,0.0,50.0,50.0,
sp600_load075,2.0,baseline,500.0,60.0,500.0,0.0,165.0,540.6648,60.0,60.0,50.0,0.0,0.0,0.0,50.0,50.0,
sp600_load075,2.1,baseline,500.0,60.0,500.0,0.0,165.0,540.6915,60.0,60.0,50.0,0.0,0.0,0.0,50.0,50.0,
sp600_load075,2.2,baseline,500.0,60.0,500.0,0.0,165.0,540.7177,60.0,60.0,50.0,0.0,0.0,0.0,50.0,50.0,
sp600_load075,2.3,baseline,500.0,60.0,500.0,0.0,165.0,540.7433,60.0,60.0,50.0,0.0,0.0,0.0,50.0,50.0,
sp600_load075,2.4,baseline,500.0,60.0,500.0,0.0,165.0,540.7684,60.0,60.0,50.0,0.0,0.0,0.0,50.0,50.0,
sp600_load075,2.5,baseline,500.0,60.0,500.0,0.0,165.0,540.7931,60.0,60.0,50.0,0.0,0.0,0.0,50.0,50.0,
sp600_load075,2.6,baseline,500.0,60.0,500.0,0.0,165.0,540.8172,60.0,60.0,50.0,0.0,0.0,0.0,50.0,50.0,
sp600_load075,2.7,baseline,500.0,60.0,500.0,0.0,165.0,540.8409,60.0,60.0,50.0,0.0,0.0,0.0,50.0,50.0,
sp600_load075,2.8,baseline,500.0,60.0,500.0,0.0,165.0,540.864,60.0,60.0,50.0,0.0,0.0,0.0,50.0,50.0,
sp600_load075,2.9,baseline,500.0,60.0,500.0,0.0,165.0,540.8868,60.0,60.0,50.0,0.0,0.0,0.0,50.0,50.0,
sp600_load075,3.0,baseline,500.0,60.0,500.0,0.0,165.0,540.909,60.0,60.0,50.0,0.0,0.0,0.0,50.0,50.0,
sp600_load075,3.1,baseline,500.0,60.0,500.0,0.0,165.0,540.9309,60.0,60.0,50.0,0.0,0.0,0.0,50.0,50.0,
sp600_load075,3.2,baseline,500.0,60.0,500.0,0.0,165.0,540.9522,60.0,60.0,50.0,0.0,0.0,0.0,50.0,50.0,
sp600_load075,3.3,baseline,500.0,60.0,500.0,0.0,165.0,540.9732,60.0,60.0,50.0,0.0,0.0,0.0,50.0,50.0,
sp600_load075,3.4,baseline,500.0,60.0,500.0,0.0,165.0,540.9937,60.0,60.0,50.0,0.0,0.0,0.0,50.0,50.0,
sp600_load075,3.5,baseline,500.0,60.0,500.0,0.0,165.0,541.0139,60.0,60.0,50.0,0.0,0.0,0.0,50.0,50.0,
sp600_load075,3.6,baseline,500.0,60.0,500.0,0.0,165.0,541.0336,60.0,60.0,50.0,0.0,0.0,0.0,50.0,50.0,
sp600_load075,3.7,baseline,500.0,60.0,500.0,0.0,165.0,541.0529,60.0,60.0,50.0,0.0,0.0,0.0,50.0,50.0,
sp600_load075,3.8,baseline,500.0,60.0,500.0,0.0,165.0,541.0718,60.0,60.0,50.0,0.0,0.0,0.0,50.0,50.0,
sp600_load075,3.9,baseline,500.0,60.0,500.0,0.0,165.0,541.0904,60.0,60.0,50.0,0.0,0.0,0.0,50.0,50.0,
sp600_load075,4.0,baseline,500.0,60.0,500.0,0.0,165.0,541.1086,60.0,60.0,50.0,0.0,0.0,0.0,50.0,50.0,
sp600_load075,4.1,baseline,500.0,60.0,500.0,0.0,165.0,541.1264,60.0,60.0,50.0,0.0,0.0,0.0,50.0,50.0,
sp600_load075,4.2,baseline,500.0,60.0,500.0,0.0,165.0,541.1439,60.0,60.0,50.0,0.0,0.0,0.0,50.0,50.0,
sp600_load075,4.3,baseline,500.0,60.0,500.0,0.0,165.0,541.161,60.0,60.0,50.0,0.0,0.0,0.0,50.0,50.0,
sp600_load075,4.4,baseline,500.0,60.0,500.0,0.0,165.0,541.1778,60.0,60.0,50.0,0.0,0.0,0.0,50.0,50.0,
sp600_load075,4.5,baseline,500.0,60.0,500.0,0.0,165.0,541.1942,60.0,60.0,50.0,0.0,0.0,0.0,50.0,50.0,
sp600_load075,4.6,baseline,500.0,60.0,500.0,0.0,165.0,541.2104,60.0,60.0,50.0,0.0,0.0,0.0,50.0,50.0,
sp600_load075,4.7,baseline,500.0,60.0,500.0,0.0,165.0,541.2262,60.0,60.0,50.0,0.0,0.0,0.0,50.0,50.0,
sp600_load075,4.8,baseline,500.0,60.0,500.0,0.0,165.0,541.2416,60.0,60.0,50.0,0.0,0.0,0.0,50.0,50.0,
sp600_load075,4.9,baseline,500.0,60.0,500.0,0.0,165.0,541.2568,60.0,60.0,50.0,0.0,0.0,0.0,50.0,50.0,
sp600_load075,5.0,baseline,500.0,60.0,500.0,0.0,165.0,541.2717,60.0,60.0,50.0,0.0,0.0,0.0,50.0,50.0,
sp600_load075,5.1,baseline,500.0,60.0,500.0,0.0,165.0,541.2862,60.0,60.0,50.0,0.0,0.0,0.0,50.0,50.0,
sp600_load075,5.2,baseline,500.0,60.0,500.0,0.0,165.0,541.3005,60.0,60.0,50.0,0.0,0.0,0.0,50.0,50.0,
sp600_load075,5.3,baseline,500.0,60.0,500.0,0.0,165.0,541.3145,60.0,60.0,50.0,0.0,0.0,0.0,50.0,50.0,
sp600_load075,5.4,baseline,500.0,60.0,500.0,0.0,165.0,541.3282,60.0,60.0,50.0,0.0,0.0,0.0,50.0,50.0,
sp600_load075,5.5,baseline,500.0,60.0,500.0,0.0,165.0,541.3416,60.0,60.0,50.0,0.0,0.0,0.0,50.0,50.0,
sp600_load075,5.6,baseline,500.0,60.0,500.0,0.0,165.0,541.3548,60.0,60.0,50.0,0.0,0.0,0.0,50.0,50.0,
sp600_load075,5.7,baseline,500.0,60.0,500.0,0.0,165.0,541.3677,60.0,60.0,50.0,0.0,0.0,0.0,50.0,50.0,
sp600_load075,5.8,baseline,500.0,60.0,500.0,0.0,165.0,541.3804,60.0,60.0,50.0,0.0,0.0,0.0,50.0,50.0,
sp600_load075,5.9,baseline,500.0,60.0,500.0,0.0,165.0,541.3927,60.0,60.0,50.0,0.0,0.0,0.0,50.0,50.0,
sp600_load075,6.0,baseline,500.0,60.0,500.0,0.0,165.0,541.4049,60.0,60.0,50.0,0.0,0.0,0.0,50.0,50.0,
sp600_load075,6.1,baseline,500.0,60.0,500.0,0.0,165.0,541.4168,60.0,60.0,50.0,0.0,0.0,0.0,50.0,50.0,
sp600_load075,6.2,baseline,500.0,60.0,500.0,0.0,165.0,541.4285,60.0,60.0,50.0,0.0,0.0,0.0,50.0,50.0,
sp600_load075,6.3,baseline,500.0,60.0,500.0,0.0,165.0,541.4399,60.0,60.0,50.0,0.0,0.0,0.0,50.0,50.0,
sp600_load075,6.4,baseline,500.0,60.0,500.0,0.0,165.0,541.4511,60.0,60.0,50.0,0.0,0.0,0.0,50.0,50.0,
sp600_load075,6.5,baseline,500.0,60.0,500.0,0.0,165.0,541.4621,60.0,60.0,50.0,0.0,0.0,0.0,50.0,50.0,
sp600_load075,6.6,baseline,500.0,60.0,500.0,0.0,165.0,541.4728,60.0,60.0,50.0,0.0,0.0,0.0,50.0,50.0,
sp600_load075,6.7,baseline,500.0,60.0,500.0,0.0,165.0,541.4834,60.0,60.0,50.0,0.0,0.0,0.0,50.0,50.0,
sp600_load075,6.8,baseline,500.0,60.0,500.0,0.0,165.0,541.4937,60.0,60.0,50.0,0.0,0.0,0.0,50.0,50.0,
sp600_load075,6.9,baseline,500.0,60.0,500.0,0.0,165.0,541.5038,60.0,60.0,50.0,0.0,0.0,0.0,50.0,50.0,
sp600_load075,7.0,baseline,500.0,60.0,500.0,0.0,165.0,541.5138,60.0,60.0,50.0,0.0,0.0,0.0,50.0,50.0,
sp600_load075,7.1,baseline,500.0,60.0,500.0,0.0,165.0,541.5235,60.0,60.0,50.0,0.0,0.0,0.0,50.0,50.0,
sp600_load075,7.2,baseline,500.0,60.0,500.0,0.0,165.0,541.533,60.0,60.0,50.0,0.0,0.0,0.0,50.0,50.0,
sp600_load075,7.3,baseline,500.0,60.0,500.0,0.0,165.0,541.5423,60.0,60.0,50.0,0.0,0.0,0.0,50.0,50.0,
sp600_load075,7.4,baseline,500.0,60.0,500.0,0.0,165.0,541.5515,60.0,60.0,50.0,0.0,0.0,0.0,50.0,50.0,
sp600_load075,7.5,baseline,500.0,60.0,500.0,0.0,165.0,541.5605,60.0,60.0,50.0,0.0,0.0,0.0,50.0,50.0,
sp600_load075,7.6,baseline,500.0,60.0,500.0,0.0,165.0,541.5693,60.0,60.0,50.0,0.0,0.0,0.0,50.0,50.0,
sp600_load075,7.7,baseline,500.0,60.0,500.0,0.0,165.0,541.5779,60.0,60.0,50.0,0.0,0.0,0.0,50.0,50.0,
sp600_load075,7.8,baseline,500.0,60.0,500.0,0.0,165.0,541.5863,60.0,60.0,50.0,0.0,0.0,0.0,50.0,50.0,
sp600_load075,7.9,baseline,500.0,60.0,500.0,0.0,165.0,541.5946,60.0,60.0,50.0,0.0,0.0,0.0,50.0,50.0,
sp600_load075,8.0,baseline,500.0,60.0,500.0,0.0,165.0,541.6027,60.0,60.0,50.0,0.0,0.0,0.0,50.0,50.0,
sp600_load075,8.1,baseline,500.0,60.0,500.0,0.0,165.0,541.6106,60.0,60.0,50.0,0.0,0.0,0.0,50.0,50.0,
sp600_load075,8.2,baseline,500.0,60.0,500.0,0.0,165.0,541.6184,60.0,60.0,50.0,0.0,0.0,0.0,50.0,50.0,
sp600_load075,8.3,baseline,500.0,60.0,500.0,0.0,165.0,541.6261,60.0,60.0,50.0,0.0,0.0,0.0,50.0,50.0,
sp600_load075,8.4,baseline,500.0,60.0,500.0,0.0,165.0,541.6335,60.0,60.0,50.0,0.0,0.0,0.0,50.0,50.0,
sp600_load075,8.5,baseline,500.0,60.0,500.0,0.0,165.0,541.6409,60.0,60.0,50.0,0.0,0.0,0.0,50.0,50.0,
sp600_load075,8.6,baseline,500.0,60.0,500.0,0.0,165.0,541.6481,60.0,60.0,50.0,0.0,0.0,0.0,50.0,50.0,
sp600_load075,8.7,baseline,500.0,60.0,500.0,0.0,165.0,541.6551,60.0,60.0,50.0,0.0,0.0,0.0,50.0,50.0,
sp600_load075,8.8,baseline,500.0,60.0,500.0,0.0,165.0,541.662,60.0,60.0,50.0,0.0,0.0,0.0,50.0,50.0,
sp600_load075,8.9,baseline,500.0,60.0,500.0,0.0,165.0,541.6688,60.0,60.0,50.0,0.0,0.0,0.0,50.0,50.0,
sp600_load075,9.0,baseline,500.0,60.0,500.0,0.0,165.0,541.6754,60.0,60.0,50.0,0.0,0.0,0.0,50.0,50.0,
sp600_load075,9.1,baseline,500.0,60.0,500.0,0.0,165.0,541.6819,60.0,60.0,50.0,0.0,0.0,0.0,50.0,50.0,
sp600_load075,9.2,baseline,500.0,60.0,500.0,0.0,165.0,541.6882,60.0,60.0,50.0,0.0,0.0,0.0,50.0,50.0,
sp600_load075,9.3,baseline,500.0,60.0,500.0,0.0,165.0,541.6945,60.0,60.0,50.0,0.0,0.0,0.0,50.0,50.0,
sp600_load075,9.4,baseline,500.0,60.0,500.0,0.0,165.0,541.7006,60.0,60.0,50.0,0.0,0.0,0.0,50.0,50.0,
sp600_load075,9.5,baseline,500.0,60.0,500.0,0.0,165.0,541.7066,60.0,60.0,50.0,0.0,0.0,0.0,50.0,50.0,
sp600_load075,9.6,baseline,500.0,60.0,500.0,0.0,165.0,541.7124,60.0,60.0,50.0,0.0,0.0,0.0,50.0,50.0,
sp600_load075,9.7,baseline,500.0,60.0,500.0,0.0,165.0,541.7182,60.0,60.0,50.0,0.0,0.0,0.0,50.0,50.0,
sp600_load075,9.8,baseline,500.0,60.0,500.0,0.0,165.0,541.7238,60.0,60.0,50.0,0.0,0.0,0.0,50.0,50.0,
sp600_load075,9.9,baseline,500.0,60.0,500.0,0.0,165.0,541.7293,60.0,60.0,50.0,0.0,0.0,0.0,50.0,50.0,
sp600_load075,10.0,baseline,500.0,60.0,500.0,0.0,165.0,541.7348,60.0,60.0,50.0,0.0,0.0,0.0,50.0,50.0,
sp600_load075,10.1,baseline,500.0,60.0,500.0,0.0,165.0,541.7401,60.0,60.0,50.0,0.0,0.0,0.0,50.0,50.0,
sp600_load075,10.2,baseline,500.0,60.0,500.0,0.0,165.0,541.7453,60.0,60.0,50.0,0.0,0.0,0.0,50.0,50.0,
sp600_load075,10.3,baseline,500.0,60.0,500.0,0.0,165.0,541.7504,60.0,60.0,50.0,0.0,0.0,0.0,50.0,50.0,
sp600_load075,10.4,baseline,500.0,60.0,500.0,0.0,165.0,541.7554,60.0,60.0,50.0,0.0,0.0,0.0,50.0,50.0,
sp600_load075,10.5,baseline,500.0,60.0,500.0,0.0,165.0,541.7602,60.0,60.0,50.0,0.0,0.0,0.0,50.0,50.0,
sp600_load075,10.6,baseline,500.0,60.0,500.0,0.0,165.0,541.765,60.0,60.0,50.0,0.0,0.0,0.0,50.0,50.0,
sp600_load075,10.7,baseline,500.0,60.0,500.0,0.0,165.0,541.7697,60.0,60.0,50.0,0.0,0.0,0.0,50.0,50.0,
sp600_load075,10.8,baseline,500.0,60.0,500.0,0.0,165.0,541.7743,60.0,60.0,50.0,0.0,0.0,0.0,50.0,50.0,
sp600_load075,10.9,baseline,500.0,60.0,500.0,0.0,165.0,541.7789,60.0,60.0,50.0,0.0,0.0,0.0,50.0,50.0,
sp600_load075,11.0,baseline,500.0,60.0,500.0,0.0,165.0,541.7833,60.0,60.0,50.0,0.0,0.0,0.0,50.0,50.0,
sp600_load075,11.1,baseline,500.0,60.0,500.0,0.0,165.0,541.7876,60.0,60.0,50.0,0.0,0.0,0.0,50.0,50.0,
sp600_load075,11.2,baseline,500.0,60.0,500.0,0.0,165.0,541.7919,60.0,60.0,50.0,0.0,0.0,0.0,50.0,50.0,
sp600_load075,11.3,baseline,500.0,60.0,500.0,0.0,165.0,541.796,60.0,60.0,50.0,0.0,0.0,0.0,50.0,50.0,
sp600_load075,11.4,baseline,500.0,60.0,500.0,0.0,165.0,541.8001,60.0,60.0,50.0,0.0,0.0,0.0,50.0,50.0,
sp600_load075,11.5,baseline,500.0,60.0,500.0,0.0,165.0,541.8041,60.0,60.0,50.0,0.0,0.0,0.0,50.0,50.0,
sp600_load075,11.6,baseline,500.0,60.0,500.0,0.0,165.0,541.808,60.0,60.0,50.0,0.0,0.0,0.0,50.0,50.0,
sp600_load075,11.7,baseline,500.0,60.0,500.0,0.0,165.0,541.8119,60.0,60.0,50.0,0.0,0.0,0.0,50.0,50.0,
sp600_load075,11.8,baseline,500.0,60.0,500.0,0.0,165.0,541.8156,60.0,60.0,50.0,0.0,0.0,0.0,50.0,50.0,
sp600_load075,11.9,baseline,500.0,60.0,500.0,0.0,165.0,541.8193,60.0,60.0,50.0,0.0,0.0,0.0,50.0,50.0,
sp600_load075,12.0,baseline,500.0,60.0,500.0,0.0,165.0,541.8229,60.0,60.0,50.0,0.0,0.0,0.0,50.0,50.0,
sp600_load075,12.1,baseline,500.0,60.0,500.0,0.0,165.0,541.8265,60.0,60.0,50.0,0.0,0.0,0.0,50.0,50.0,
sp600_load075,12.2,baseline,500.0,60.0,500.0,0.0,165.0,541.8299,60.0,60.0,50.0,0.0,0.0,0.0,50.0,50.0,
sp600_load075,12.3,baseline,500.0,60.0,500.0,0.0,165.0,541.8333,60.0,60.0,50.0,0.0,0.0,0.0,50.0,50.0,
sp600_load075,12.4,baseline,500.0,60.0,500.0,0.0,165.0,541.8367,60.0,60.0,50.0,0.0,0.0,0.0,50.0,50.0,
sp600_load075,12.5,baseline,500.0,60.0,500.0,0.0,165.0,541.8399,60.0,60.0,50.0,0.0,0.0,0.0,50.0,50.0,
sp600_load075,12.6,baseline,500.0,60.0,500.0,0.0,165.0,541.8431,60.0,60.0,50.0,0.0,0.0,0.0,50.0,50.0,
sp600_load075,12.7,baseline,500.0,60.0,500.0,0.0,165.0,541.8463,60.0,60.0,50.0,0.0,0.0,0.0,50.0,50.0,
sp600_load075,12.8,baseline,500.0,60.0,500.0,0.0,165.0,541.8494,60.0,60.0,50.0,0.0,0.0,0.0,50.0,50.0,
sp600_load075,12.9,baseline,500.0,60.0,500.0,0.0,165.0,541.8524,60.0,60.0,50.0,0.0,0.0,0.0,50.0,50.0,
sp600_load075,13.0,baseline,500.0,60.0,500.0,0.0,165.0,541.8553,60.0,60.0,50.0,0.0,0.0,0.0,50.0,50.0,
sp600_load075,13.1,baseline,500.0,60.0,500.0,0.0,165.0,541.8582,60.0,60.0,50.0,0.0,0.0,0.0,50.0,50.0,
sp600_load075,13.2,baseline,500.0,60.0,500.0,0.0,165.0,541.861,60.0,60.0,50.0,0.0,0.0,0.0,50.0,50.0,
sp600_load075,13.3,baseline,500.0,60.0,500.0,0.0,165.0,541.8638,60.0,60.0,50.0,0.0,0.0,0.0,50.0,50.0,
sp600_load075,13.4,baseline,500.0,60.0,500.0,0.0,165.0,541.8665,60.0,60.0,50.0,0.0,0.0,0.0,50.0,50.0,
sp600_load075,13.5,baseline,500.0,60.0,500.0,0.0,165.0,541.8692,60.0,60.0,50.0,0.0,0.0,0.0,50.0,50.0,
sp600_load075,13.6,baseline,500.0,60.0,500.0,0.0,165.0,541.8718,60.0,60.0,50.0,0.0,0.0,0.0,50.0,50.0,
sp600_load075,13.7,baseline,500.0,60.0,500.0,0.0,165.0,541.8744,60.0,60.0,50.0,0.0,0.0,0.0,50.0,50.0,
sp600_load075,13.8,baseline,500.0,60.0,500.0,0.0,165.0,541.8769,60.0,60.0,50.0,0.0,0.0,0.0,50.0,50.0,
sp600_load075,13.9,baseline,500.0,60.0,500.0,0.0,165.0,541.8794,60.0,60.0,50.0,0.0,0.0,0.0,50.0,50.0,
sp600_load075,14.0,baseline,500.0,60.0,500.0,0.0,165.0,541.8818,60.0,60.0,50.0,0.0,0.0,0.0,50.0,50.0,
sp600_load075,14.1,baseline,500.0,60.0,500.0,0.0,165.0,541.8841,60.0,60.0,50.0,0.0,0.0,0.0,50.0,50.0,
sp600_load075,14.2,baseline,500.0,60.0,500.0,0.0,165.0,541.8865,60.0,60.0,50.0,0.0,0.0,0.0,50.0,50.0,
sp600_load075,14.3,baseline,500.0,60.0,500.0,0.0,165.0,541.8887,60.0,60.0,50.0,0.0,0.0,0.0,50.0,50.0,
sp600_load075,14.4,baseline,500.0,60.0,500.0,0.0,165.0,541.891,60.0,60.0,50.0,0.0,0.0,0.0,50.0,50.0,
sp600_load075,14.5,baseline,500.0,60.0,500.0,0.0,165.0,541.8931,60.0,60.0,50.0,0.0,0.0,0.0,50.0,50.0,
sp600_load075,14.6,baseline,500.0,60.0,500.0,0.0,165.0,541.8953,60.0,60.0,50.0,0.0,0.0,0.0,50.0,50.0,
sp600_load075,14.7,baseline,500.0,60.0,500.0,0.0,165.0,541.8974,60.0,60.0,50.0,0.0,0.0,0.0,50.0,50.0,
sp600_load075,14.8,baseline,500.0,60.0,500.0,0.0,165.0,541.8994,60.0,60.0,50.0,0.0,0.0,0.0,50.0,50.0,
sp600_load075,14.9,baseline,500.0,60.0,500.0,0.0,165.0,541.9014,60.0,60.0,50.0,0.0,0.0,0.0,50.0,50.0,
sp600_load075,15.0,baseline,500.0,60.0,500.0,0.0,165.0,541.9034,60.0,60.0,50.0,0.0,0.0,0.0,50.0,50.0,
sp600_load075,15.1,baseline,500.0,60.0,500.0,0.0,165.0,541.9053,60.0,60.0,50.0,0.0,0.0,0.0,50.0,50.0,
sp600_load075,15.2,baseline,500.0,60.0,500.0,0.0,165.0,541.9072,60.0,60.0,50.0,0.0,0.0,0.0,50.0,50.0,
sp600_load075,15.3,baseline,500.0,60.0,500.0,0.0,165.0,541.9091,60.0,60.0,50.0,0.0,0.0,0.0,50.0,50.0,
sp600_load075,15.4,baseline,500.0,60.0,500.0,0.0,165.0,541.9109,60.0,60.0,50.0,0.0,0.0,0.0,50.0,50.0,
sp600_load075,15.5,baseline,500.0,60.0,500.0,0.0,165.0,541.9127,60.0,60.0,50.0,0.0,0.0,0.0,50.0,50.0,
sp600_load075,15.6,baseline,500.0,60.0,500.0,0.0,165.0,541.9144,60.0,60.0,50.0,0.0,0.0,0.0,50.0,50.0,
sp600_load075,15.7,baseline,500.0,60.0,500.0,0.0,165.0,541.9161,60.0,60.0,50.0,0.0,0.0,0.0,50.0,50.0,
sp600_load075,15.8,baseline,500.0,60.0,500.0,0.0,165.0,541.9178,60.0,60.0,50.0,0.0,0.0,0.0,50.0,50.0,
sp600_load075,15.9,baseline,500.0,60.0,500.0,0.0,165.0,541.9195,60.0,60.0,50.0,0.0,0.0,0.0,50.0,50.0,
sp600_load075,16.0,baseline,500.0,60.0,500.0,0.0,165.0,541.9211,60.0,60.0,50.0,0.0,0.0,0.0,50.0,50.0,
sp600_load075,16.1,baseline,500.0,60.0,500.0,0.0,165.0,541.9227,60.0,60.0,50.0,0.0,0.0,0.0,50.0,50.0,
sp600_load075,16.2,baseline,500.0,60.0,500.0,0.0,165.0,541.9242,60.0,60.0,50.0,0.0,0.0,0.0,50.0,50.0,
sp600_load075,16.3,baseline,500.0,60.0,500.0,0.0,165.0,541.9257,60.0,60.0,50.0,0.0,0.0,0.0,50.0,50.0,
sp600_load075,16.4,baseline,500.0,60.0,500.0,0.0,165.0,541.9272,60.0,60.0,50.0,0.0,0.0,0.0,50.0,50.0,
sp600_load075,16.5,baseline,500.0,60.0,500.0,0.0,165.0,541.9287,60.0,60.0,50.0,0.0,0.0,0.0,50.0,50.0,
sp600_load075,16.6,baseline,500.0,60.0,500.0,0.0,165.0,541.9301,60.0,60.0,50.0,0.0,0.0,0.0,50.0,50.0,
sp600_load075,16.7,baseline,500.0,60.0,500.0,0.0,165.0,541.9315,60.0,60.0,50.0,0.0,0.0,0.0,50.0,50.0,
sp600_load075,16.8,baseline,500.0,60.0,500.0,0.0,165.0,541.9329,60.0,60.0,50.0,0.0,0.0,0.0,50.0,50.0,
sp600_load075,16.9,baseline,500.0,60.0,500.0,0.0,165.0,541.9342,60.0,60.0,50.0,0.0,0.0,0.0,50.0,50.0,
sp600_load075,17.0,baseline,500.0,60.0,500.0,0.0,165.0,541.9355,60.0,60.0,50.0,0.0,0.0,0.0,50.0,50.0,
sp600_load075,17.1,baseline,500.0,60.0,500.0,0.0,165.0,541.9368,60.0,60.0,50.0,0.0,0.0,0.0,50.0,50.0,
sp600_load075,17.2,baseline,500.0,60.0,500.0,0.0,165.0,541.9381,60.0,60.0,50.0,0.0,0.0,0.0,50.0,50.0,
sp600_load075,17.3,baseline,500.0,60.0,500.0,0.0,165.0,541.9393,60.0,60.0,50.0,0.0,0.0,0.0,50.0,50.0,
sp600_load075,17.4,baseline,500.0,60.0,500.0,0.0,165.0,541.9405,60.0,60.0,50.0,0.0,0.0,0.0,50.0,50.0,
sp600_load075,17.5,baseline,500.0,60.0,500.0,0.0,165.0,541.9417,60.0,60.0,50.0,0.0,0.0,0.0,50.0,50.0,
sp600_load075,17.6,baseline,500.0,60.0,500.0,0.0,165.0,541.9429,60.0,60.0,50.0,0.0,0.0,0.0,50.0,50.0,
sp600_load075,17.7,baseline,500.0,60.0,500.0,0.0,165.0,541.944,60.0,60.0,50.0,0.0,0.0,0.0,50.0,50.0,
sp600_load075,17.8,baseline,500.0,60.0,500.0,0.0,165.0,541.9451,60.0,60.0,50.0,0.0,0.0,0.0,50.0,50.0,
sp600_load075,17.9,baseline,500.0,60.0,500.0,0.0,165.0,541.9462,60.0,60.0,50.0,0.0,0.0,0.0,50.0,50.0,
sp600_load075,18.0,baseline,500.0,60.0,500.0,0.0,165.0,541.9473,60.0,60.0,50.0,0.0,0.0,0.0,50.0,50.0,
sp600_load075,18.1,baseline,500.0,60.0,500.0,0.0,165.0,541.9484,60.0,60.0,50.0,0.0,0.0,0.0,50.0,50.0,
sp600_load075,18.2,baseline,500.0,60.0,500.0,0.0,165.0,541.9494,60.0,60.0,50.0,0.0,0.0,0.0,50.0,50.0,
sp600_load075,18.3,baseline,500.0,60.0,500.0,0.0,165.0,541.9504,60.0,60.0,50.0,0.0,0.0,0.0,50.0,50.0,
sp600_load075,18.4,baseline,500.0,60.0,500.0,0.0,165.0,541.9514,60.0,60.0,50.0,0.0,0.0,0.0,50.0,50.0,
sp600_load075,18.5,baseline,500.0,60.0,500.0,0.0,165.0,541.9524,60.0,60.0,50.0,0.0,0.0,0.0,50.0,50.0,
sp600_load075,18.6,baseline,500.0,60.0,500.0,0.0,165.0,541.9533,60.0,60.0,50.0,0.0,0.0,0.0,50.0,50.0,
sp600_load075,18.7,baseline,500.0,60.0,500.0,0.0,165.0,541.9543,60.0,60.0,50.0,0.0,0.0,0.0,50.0,50.0,
sp600_load075,18.8,baseline,500.0,60.0,500.0,0.0,165.0,541.9552,60.0,60.0,50.0,0.0,0.0,0.0,50.0,50.0,
sp600_load075,18.9,baseline,500.0,60.0,500.0,0.0,165.0,541.9561,60.0,60.0,50.0,0.0,0.0,0.0,50.0,50.0,
sp600_load075,19.0,baseline,500.0,60.0,500.0,0.0,165.0,541.9569,60.0,60.0,50.0,0.0,0.0,0.0,50.0,50.0,
sp600_load075,19.1,baseline,500.0,60.0,500.0,0.0,165.0,541.9578,60.0,60.0,50.0,0.0,0.0,0.0,50.0,50.0,
sp600_load075,19.2,baseline,500.0,60.0,500.0,0.0,165.0,541.9587,60.0,60.0,50.0,0.0,0.0,0.0,50.0,50.0,
sp600_load075,19.3,baseline,500.0,60.0,500.0,0.0,165.0,541.9595,60.0,60.0,50.0,0.0,0.0,0.0,50.0,50.0,
sp600_load075,19.4,baseline,500.0,60.0,500.0,0.0,165.0,541.9603,60.0,60.0,50.0,0.0,0.0,0.0,50.0,50.0,
sp600_load075,19.5,baseline,500.0,60.0,500.0,0.0,165.0,541.9611,60.0,60.0,50.0,0.0,0.0,0.0,50.0,50.0,
sp600_load075,19.6,baseline,500.0,60.0,500.0,0.0,165.0,541.9619,60.0,60.0,50.0,0.0,0.0,0.0,50.0,50.0,
sp600_load075,19.7,baseline,500.0,60.0,500.0,0.0,165.0,541.9626,60.0,60.0,50.0,0.0,0.0,0.0,50.0,50.0,
sp600_load075,19.8,baseline,500.0,60.0,500.0,0.0,165.0,541.9634,60.0,60.0,50.0,0.0,0.0,0.0,50.0,50.0,
sp600_load075,19.9,baseline,500.0,60.0,500.0,0.0,165.0,541.9641,60.0,60.0,50.0,0.0,0.0,0.0,50.0,50.0,
sp600_load075,20.0,baseline,500.0,60.0,500.0,0.0,165.0,541.9648,60.0,60.0,50.0,0.0,0.0,0.0,50.0,50.0,
sp600_load075,20.1,baseline,500.0,60.0,500.0,0.0,165.0,541.9655,60.0,60.0,50.0,0.0,0.0,0.0,50.0,50.0,
sp600_load075,20.2,baseline,500.0,60.0,500.0,0.0,165.0,541.9662,60.0,60.0,50.0,0.0,0.0,0.0,50.0,50.0,
sp600_load075,20.3,baseline,500.0,60.0,500.0,0.0,165.0,541.9669,60.0,60.0,50.0,0.0,0.0,0.0,50.0,50.0,
sp600_load075,20.4,baseline,500.0,60.0,500.0,0.0,165.0,541.9676,60.0,60.0,50.0,0.0,0.0,0.0,50.0,50.0,
sp600_load075,20.5,baseline,500.0,60.0,500.0,0.0,165.0,541.9682,60.0,60.0,50.0,0.0,0.0,0.0,50.0,50.0,
sp600_load075,20.6,baseline,500.0,60.0,500.0,0.0,165.0,541.9688,60.0,60.0,50.0,0.0,0.0,0.0,50.0,50.0,
sp600_load075,20.7,baseline,500.0,60.0,500.0,0.0,165.0,541.9695,60.0,60.0,50.0,0.0,0.0,0.0,50.0,50.0,
sp600_load075,20.8,baseline,500.0,60.0,500.0,0.0,165.0,541.9701,60.0,60.0,50.0,0.0,0.0,0.0,50.0,50.0,
sp600_load075,20.9,baseline,500.0,60.0,500.0,0.0,165.0,541.9707,60.0,60.0,50.0,0.0,0.0,0.0,50.0,50.0,
sp600_load075,21.0,baseline,500.0,60.0,500.0,0.0,165.0,541.9713,60.0,60.0,50.0,0.0,0.0,0.0,50.0,50.0,
sp600_load075,21.1,baseline,500.0,60.0,500.0,0.0,165.0,541.9718,60.0,60.0,50.0,0.0,0.0,0.0,50.0,50.0,
sp600_load075,21.2,baseline,500.0,60.0,500.0,0.0,165.0,541.9724,60.0,60.0,50.0,0.0,0.0,0.0,50.0,50.0,
sp600_load075,21.3,baseline,500.0,60.0,500.0,0.0,165.0,541.9729,60.0,60.0,50.0,0.0,0.0,0.0,50.0,50.0,
sp600_load075,21.4,baseline,500.0,60.0,500.0,0.0,165.0,541.9735,60.0,60.0,50.0,0.0,0.0,0.0,50.0,50.0,
sp600_load075,21.5,baseline,500.0,60.0,500.0,0.0,165.0,541.974,60.0,60.0,50.0,0.0,0.0,0.0,50.0,50.0,
sp600_load075,21.6,baseline,500.0,60.0,500.0,0.0,165.0,541.9745,60.0,60.0,50.0,0.0,0.0,0.0,50.0,50.0,
sp600_load075,21.7,baseline,500.0,60.0,500.0,0.0,165.0,541.975,60.0,60.0,50.0,0.0,0.0,0.0,50.0,50.0,
sp600_load075,21.8,baseline,500.0,60.0,500.0,0.0,165.0,541.9755,60.0,60.0,50.0,0.0,0.0,0.0,50.0,50.0,
sp600_load075,21.9,baseline,500.0,60.0,500.0,0.0,165.0,541.976,60.0,60.0,50.0,0.0,0.0,0.0,50.0,50.0,
sp600_load075,22.0,baseline,500.0,60.0,500.0,0.0,165.0,541.9765,60.0,60.0,50.0,0.0,0.0,0.0,50.0,50.0,
sp600_load075,22.1,baseline,500.0,60.0,500.0,0.0,165.0,541.977,60.0,60.0,50.0,0.0,0.0,0.0,50.0,50.0,
sp600_load075,22.2,baseline,500.0,60.0,500.0,0.0,165.0,541.9774,60.0,60.0,50.0,0.0,0.0,0.0,50.0,50.0,
sp600_load075,22.3,baseline,500.0,60.0,500.0,0.0,165.0,541.9779,60.0,60.0,50.0,0.0,0.0,0.0,50.0,50.0,
sp600_load075,22.4,baseline,500.0,60.0,500.0,0.0,165.0,541.9783,60.0,60.0,50.0,0.0,0.0,0.0,50.0,50.0,
sp600_load075,22.5,baseline,500.0,60.0,500.0,0.0,165.0,541.9788,60.0,60.0,50.0,0.0,0.0,0.0,50.0,50.0,
sp600_load075,22.6,baseline,500.0,60.0,500.0,0.0,165.0,541.9792,60.0,60.0,50.0,0.0,0.0,0.0,50.0,50.0,
sp600_load075,22.7,baseline,500.0,60.0,500.0,0.0,165.0,541.9796,60.0,60.0,50.0,0.0,0.0,0.0,50.0,50.0,
sp600_load075,22.8,baseline,500.0,60.0,500.0,0.0,165.0,541.98,60.0,60.0,50.0,0.0,0.0,0.0,50.0,50.0,
sp600_load075,22.9,baseline,500.0,60.0,500.0,0.0,165.0,541.9804,60.0,60.0,50.0,0.0,0.0,0.0,50.0,50.0,
sp600_load075,23.0,baseline,500.0,60.0,500.0,0.0,165.0,541.9808,60.0,60.0,50.0,0.0,0.0,0.0,50.0,50.0,
sp600_load075,23.1,baseline,500.0,60.0,500.0,0.0,165.0,541.9812,60.0,60.0,50.0,0.0,0.0,0.0,50.0,50.0,
sp600_load075,23.2,baseline,500.0,60.0,500.0,0.0,165.0,541.9816,60.0,60.0,50.0,0.0,0.0,0.0,50.0,50.0,
sp600_load075,23.3,baseline,500.0,60.0,500.0,0.0,165.0,541.9819,60.0,60.0,50.0,0.0,0.0,0.0,50.0,50.0,
sp600_load075,23.4,baseline,500.0,60.0,500.0,0.0,165.0,541.9823,60.0,60.0,50.0,0.0,0.0,0.0,50.0,50.0,
sp600_load075,23.5,baseline,500.0,60.0,500.0,0.0,165.0,541.9827,60.0,60.0,50.0,0.0,0.0,0.0,50.0,50.0,
sp600_load075,23.6,baseline,500.0,60.0,500.0,0.0,165.0,541.983,60.0,60.0,50.0,0.0,0.0,0.0,50.0,50.0,
sp600_load075,23.7,baseline,500.0,60.0,500.0,0.0,165.0,541.9833,60.0,60.0,50.0,0.0,0.0,0.0,50.0,50.0,
sp600_load075,23.8,baseline,500.0,60.0,500.0,0.0,165.0,541.9837,60.0,60.0,50.0,0.0,0.0,0.0,50.0,50.0,
sp600_load075,23.9,baseline,500.0,60.0,500.0,0.0,165.0,541.984,60.0,60.0,50.0,0.0,0.0,0.0,50.0,50.0,
sp600_load075,24.0,baseline,500.0,60.0,500.0,0.0,165.0,541.9843,60.0,60.0,50.0,0.0,0.0,0.0,50.0,50.0,
sp600_load075,24.1,baseline,500.0,60.0,500.0,0.0,165.0,541.9846,60.0,60.0,50.0,0.0,0.0,0.0,50.0,50.0,
sp600_load075,24.2,baseline,500.0,60.0,500.0,0.0,165.0,541.9849,60.0,60.0,50.0,0.0,0.0,0.0,50.0,50.0,
sp600_load075,24.3,baseline,500.0,60.0,500.0,0.0,165.0,541.9852,60.0,60.0,50.0,0.0,0.0,0.0,50.0,50.0,
sp600_load075,24.4,baseline,500.0,60.0,500.0,0.0,165.0,541.9855,60.0,60.0,50.0,0.0,0.0,0.0,50.0,50.0,
sp600_load075,24.5,baseline,500.0,60.0,500.0,0.0,165.0,541.9858,60.0,60.0,50.0,0.0,0.0,0.0,50.0,50.0,
sp600_load075,24.6,baseline,500.0,60.0,500.0,0.0,165.0,541.9861,60.0,60.0,50.0,0.0,0.0,0.0,50.0,50.0,
sp600_load075,24.7,baseline,500.0,60.0,500.0,0.0,165.0,541.9864,60.0,60.0,50.0,0.0,0.0,0.0,50.0,50.0,
sp600_load075,24.8,baseline,500.0,60.0,500.0,0.0,165.0,541.9867,60.0,60.0,50.0,0.0,0.0,0.0,50.0,50.0,
sp600_load075,24.9,baseline,500.0,60.0,500.0,0.0,165.0,541.9869,60.0,60.0,50.0,0.0,0.0,0.0,50.0,50.0,
sp600_load075,25.0,baseline,500.0,60.0,500.0,0.0,165.0,541.9872,60.0,60.0,50.0,0.0,0.0,0.0,50.0,50.0,
sp600_load075,25.1,baseline,500.0,60.0,500.0,0.0,165.0,541.9874,60.0,60.0,50.0,0.0,0.0,0.0,50.0,50.0,
sp600_load075,25.2,baseline,500.0,60.0,500.0,0.0,165.0,541.9877,60.0,60.0,50.0,0.0,0.0,0.0,50.0,50.0,
sp600_load075,25.3,baseline,500.0,60.0,500.0,0.0,165.0,541.9879,60.0,60.0,50.0,0.0,0.0,0.0,50.0,50.0,
sp600_load075,25.4,baseline,500.0,60.0,500.0,0.0,165.0,541.9882,60.0,60.0,50.0,0.0,0.0,0.0,50.0,50.0,
sp600_load075,25.5,baseline,500.0,60.0,500.0,0.0,165.0,541.9884,60.0,60.0,50.0,0.0,0.0,0.0,50.0,50.0,
sp600_load075,25.6,baseline,500.0,60.0,500.0,0.0,165.0,541.9887,60.0,60.0,50.0,0.0,0.0,0.0,50.0,50.0,
sp600_load075,25.7,baseline,500.0,60.0,500.0,0.0,165.0,541.9889,60.0,60.0,50.0,0.0,0.0,0.0,50.0,50.0,
sp600_load075,25.8,baseline,500.0,60.0,500.0,0.0,165.0,541.9891,60.0,60.0,50.0,0.0,0.0,0.0,50.0,50.0,
sp600_load075,25.9,baseline,500.0,60.0,500.0,0.0,165.0,541.9893,60.0,60.0,50.0,0.0,0.0,0.0,50.0,50.0,
sp600_load075,26.0,baseline,500.0,60.0,500.0,0.0,165.0,541.9895,60.0,60.0,50.0,0.0,0.0,0.0,50.0,50.0,
sp600_load075,26.1,baseline,500.0,60.0,500.0,0.0,165.0,541.9897,60.0,60.0,50.0,0.0,0.0,0.0,50.0,50.0,
sp600_load075,26.2,baseline,500.0,60.0,500.0,0.0,165.0,541.9899,60.0,60.0,50.0,0.0,0.0,0.0,50.0,50.0,
sp600_load075,26.3,baseline,500.0,60.0,500.0,0.0,165.0,541.9901,60.0,60.0,50.0,0.0,0.0,0.0,50.0,50.0,
sp600_load075,26.4,baseline,500.0,60.0,500.0,0.0,165.0,541.9903,60.0,60.0,50.0,0.0,0.0,0.0,50.0,50.0,
sp600_load075,26.5,baseline,500.0,60.0,500.0,0.0,165.0,541.9905,60.0,60.0,50.0,0.0,0.0,0.0,50.0,50.0,
sp600_load075,26.6,baseline,500.0,60.0,500.0,0.0,165.0,541.9907,60.0,60.0,50.0,0.0,0.0,0.0,50.0,50.0,
sp600_load075,26.7,baseline,500.0,60.0,500.0,0.0,165.0,541.9909,60.0,60.0,50.0,0.0,0.0,0.0,50.0,50.0,
sp600_load075,26.8,baseline,500.0,60.0,500.0,0.0,165.0,541.9911,60.0,60.0,50.0,0.0,0.0,0.0,50.0,50.0,
sp600_load075,26.9,baseline,500.0,60.0,500.0,0.0,165.0,541.9913,60.0,60.0,50.0,0.0,0.0,0.0,50.0,50.0,
sp600_load075,27.0,baseline,500.0,60.0,500.0,0.0,165.0,541.9914,60.0,60.0,50.0,0.0,0.0,0.0,50.0,50.0,
sp600_load075,27.1,baseline,500.0,60.0,500.0,0.0,165.0,541.9916,60.0,60.0,50.0,0.0,0.0,0.0,50.0,50.0,
sp600_load075,27.2,baseline,500.0,60.0,500.0,0.0,165.0,541.9918,60.0,60.0,50.0,0.0,0.0,0.0,50.0,50.0,
sp600_load075,27.3,baseline,500.0,60.0,500.0,0.0,165.0,541.992,60.0,60.0,50.0,0.0,0.0,0.0,50.0,50.0,
sp600_load075,27.4,baseline,500.0,60.0,500.0,0.0,165.0,541.9921,60.0,60.0,50.0,0.0,0.0,0.0,50.0,50.0,
sp600_load075,27.5,baseline,500.0,60.0,500.0,0.0,165.0,541.9923,60.0,60.0,50.0,0.0,0.0,0.0,50.0,50.0,
sp600_load075,27.6,baseline,500.0,60.0,500.0,0.0,165.0,541.9924,60.0,60.0,50.0,0.0,0.0,0.0,50.0,50.0,
sp600_load075,27.7,baseline,500.0,60.0,500.0,0.0,165.0,541.9926,60.0,60.0,50.0,0.0,0.0,0.0,50.0,50.0,
sp600_load075,27.8,baseline,500.0,60.0,500.0,0.0,165.0,541.9927,60.0,60.0,50.0,0.0,0.0,0.0,50.0,50.0,
sp600_load075,27.9,baseline,500.0,60.0,500.0,0.0,165.0,541.9929,60.0,60.0,50.0,0.0,0.0,0.0,50.0,50.0,
sp600_load075,28.0,baseline,500.0,60.0,500.0,0.0,165.0,541.993,60.0,60.0,50.0,0.0,0.0,0.0,50.0,50.0,
sp600_load075,28.1,baseline,500.0,60.0,500.0,0.0,165.0,541.9932,60.0,60.0,50.0,0.0,0.0,0.0,50.0,50.0,
sp600_load075,28.2,baseline,500.0,60.0,500.0,0.0,165.0,541.9933,60.0,60.0,50.0,0.0,0.0,0.0,50.0,50.0,
sp600_load075,28.3,baseline,500.0,60.0,500.0,0.0,165.0,541.9934,60.0,60.0,50.0,0.0,0.0,0.0,50.0,50.0,
sp600_load075,28.4,baseline,500.0,60.0,500.0,0.0,165.0,541.9936,60.0,60.0,50.0,0.0,0.0,0.0,50.0,50.0,
sp600_load075,28.5,baseline,500.0,60.0,500.0,0.0,165.0,541.9937,60.0,60.0,50.0,0.0,0.0,0.0,50.0,50.0,
sp600_load075,28.6,baseline,500.0,60.0,500.0,0.0,165.0,541.9938,60.0,60.0,50.0,0.0,0.0,0.0,50.0,50.0,
sp600_load075,28.7,baseline,500.0,60.0,500.0,0.0,165.0,541.9939,60.0,60.0,50.0,0.0,0.0,0.0,50.0,50.0,
sp600_load075,28.8,baseline,500.0,60.0,500.0,0.0,165.0,541.9941,60.0,60.0,50.0,0.0,0.0,0.0,50.0,50.0,
sp600_load075,28.9,baseline,500.0,60.0,500.0,0.0,165.0,541.9942,60.0,60.0,50.0,0.0,0.0,0.0,50.0,50.0,
sp600_load075,29.0,baseline,500.0,60.0,500.0,0.0,165.0,541.9943,60.0,60.0,50.0,0.0,0.0,0.0,50.0,50.0,
sp600_load075,29.1,baseline,500.0,60.0,500.0,0.0,165.0,541.9944,60.0,60.0,50.0,0.0,0.0,0.0,50.0,50.0,
sp600_load075,29.2,baseline,500.0,60.0,500.0,0.0,165.0,541.9945,60.0,60.0,50.0,0.0,0.0,0.0,50.0,50.0,
sp600_load075,29.3,baseline,500.0,60.0,500.0,0.0,165.0,541.9946,60.0,60.0,50.0,0.0,0.0,0.0,50.0,50.0,
sp600_load075,29.4,baseline,500.0,60.0,500.0,0.0,165.0,541.9947,60.0,60.0,50.0,0.0,0.0,0.0,50.0,50.0,
sp600_load075,29.5,baseline,500.0,60.0,500.0,0.0,165.0,541.9948,60.0,60.0,50.0,0.0,0.0,0.0,50.0,50.0,
sp600_load075,29.6,baseline,500.0,60.0,500.0,0.0,165.0,541.9949,60.0,60.0,50.0,0.0,0.0,0.0,50.0,50.0,
sp600_load075,29.7,baseline,500.0,60.0,500.0,0.0,165.0,541.995,60.0,60.0,50.0,0.0,0.0,0.0,50.0,50.0,
sp600_load075,29.8,baseline,500.0,60.0,500.0,0.0,165.0,541.9951,60.0,60.0,50.0,0.0,0.0,0.0,50.0,50.0,
sp600_load075,29.9,baseline,500.0,60.0,500.0,0.0,165.0,541.9952,60.0,60.0,50.0,0.0,0.0,0.0,50.0,50.0,
sp600_load075,30.0,baseline,500.0,60.0,500.0,0.0,165.0,541.9953,60.0,60.0,50.0,0.0,0.0,0.0,50.0,50.0,
sp600_load075,30.1,response,600.0,75.0,503.528,100.0,165.027,542.0122,61.2,120.0,100.0,15.0,0.2,50.0,62.5,100.0,
sp600_load075,30.2,response,600.0,75.0,505.2329,96.472,165.078,542.0442,62.304,90.7197,75.5997,14.4708,0.3929,-1.764,62.5,75.5997,
sp600_load075,30.3,response,600.0,75.0,506.9378,94.7671,165.1504,542.0898,63.3197,91.7341,76.4451,14.2151,0.5825,-0.8525,62.5,76.4451,
sp600_load075,30.4,response,600.0,75.0,508.5816,93.0622,165.2416,542.1476,64.2541,91.6506,76.3755,13.9593,0.7686,-0.8524,62.5,76.3755,
sp600_load075,30.5,response,600.0,75.0,510.1714,91.4184,165.3494,542.2162,65.1138,91.6108,76.3423,13.7128,0.9514,-0.8219,62.5,76.3423,
sp600_load075,30.6,response,600.0,75.0,511.7115,89.8286,165.4718,542.2946,65.9047,91.5726,76.3105,13.4743,1.1311,-0.7949,62.5,76.3105,
sp600_load075,30.7,response,600.0,75.0,513.2058,88.2885,165.6068,542.3815,66.6323,91.5371,76.2809,13.2433,1.3077,-0.77,62.5,76.2809,
sp600_load075,30.8,response,600.0,75.0,514.6579,86.7942,165.7529,542.4761,67.3017,91.5039,76.2533,13.0191,1.4813,-0.7471,62.5,76.2533,
sp600_load075,30.9,response,600.0,75.0,516.0712,85.3421,165.9085,542.5775,67.9176,91.4726,76.2272,12.8013,1.6519,-0.7261,62.5,76.2272,
sp600_load075,31.0,response,600.0,75.0,517.4487,83.9288,166.0721,542.6847,68.4842,91.443,76.2025,12.5893,1.8198,-0.7067,62.5,76.2025,
sp600_load075,31.1,response,600.0,75.0,518.7933,82.5513,166.2426,542.7971,69.0054,91.4146,76.1788,12.3827,1.9849,-0.6888,62.5,76.1788,
sp600_load075,31.2,response,600.0,75.0,520.1074,81.2067,166.4187,542.9139,69.485,91.3873,76.1561,12.181,2.1473,-0.6723,62.5,76.1561,
sp600_load075,31.3,response,600.0,75.0,521.3935,79.8926,166.5995,543.0346,69.9262,91.3607,76.1339,11.9839,2.3071,-0.6571,62.5,76.1339,
sp600_load075,31.4,response,600.0,75.0,522.6536,78.6065,166.784,543.1586,70.3321,91.3347,76.1123,11.791,2.4643,-0.643,62.5,76.1123,
sp600_load075,31.5,response,600.0,75.0,523.8899,77.3464,166.9713,543.2853,70.7055,91.3091,76.0909,11.602,2.619,-0.6301,62.5,76.0909,
sp600_load075,31.6,response,600.0,75.0,525.1039,76.1101,167.1608,543.4142,71.0491,91.2836,76.0696,11.4165,2.7712,-0.6181,62.5,76.0696,
sp600_load075,31.7,response,600.0,75.0,526.2975,74.8961,167.3517,543.5451,71.3652,91.2581,76.0484,11.2344,2.921,-0.607,62.5,76.0484,
sp600_load075,31.8,response,600.0,75.0,527.4721,73.7025,167.5434,543.6774,71.656,91.2324,76.027,11.0554,3.0684,-0.5968,62.5,76.027,
sp600_load075,31.9,response,600.0,75.0,528.6291,72.5279,167.7354,543.8107,71.9235,91.2065,76.0054,10.8792,3.2135,-0.5873,62.5,76.0054,
sp600_load075,32.0,response,600.0,75.0,529.7697,71.3709,167.9271,543.9449,72.1696,91.1801,75.9834,10.7056,3.3562,-0.5785,62.5,75.9834,
sp600_load075,32.1,response,600.0,75.0,530.8951,70.2303,168.1182,544.0795,72.396,91.1531,75.9609,10.5345,3.4967,-0.5703,62.5,75.9609,
sp600_load075,32.2,response,600.0,75.0,532.0064,69.1049,168.3083,544.2144,72.6043,91.1255,75.9379,10.3657,3.6349,-0.5627,62.5,75.9379,
sp600_load075,32.3,response,600.0,75.0,533.1045,67.9936,168.4969,544.3493,72.796,91.0971,75.9143,10.199,3.7709,-0.5556,62.5,75.9143,
sp600_load075,32.4,response,600.0,75.0,534.1902,66.8955,168.6839,544.4839,72.9723,91.068,75.89,10.0343,3.9047,-0.549,62.5,75.89,
sp600_load075,32.5,response,600.0,75.0,535.2644,65.8098,168.8689,544.6181,73.1345,91.0379,75.8649,9.8715,4.0363,-0.5429,62.5,75.8649,
sp600_load075,32.6,response,600.0,75.0,536.3278,64.7356,169.0517,544.7517,73.2838,91.0068,75.839,9.7103,4.1658,-0.5371,62.5,75.839,
sp600_load075,32.7,response,600.0,75.0,537.381,63.6722,169.2322,544.8846,73.4211,90.9747,75.8123,9.5508,4.2931,-0.5317,62.5,75.8123,
sp600_load075,32.8,response,600.0,75.0,538.4246,62.619,169.41,545.0165,73.5474,90.9415,75.7846,9.3929,4.4183,-0.5266,62.5,75.7846,
sp600_load075,32.9,response,600.0,75.0,539.4593,61.5754,169.5851,545.1475,73.6636,90.9072,75.756,9.2363,4.5415,-0.5218,62.5,75.756,
sp600_load075,33.0,response,600.0,75.0,540.4853,60.5407,169.7574,545.2773,73.7705,90.8717,75.7264,9.0811,4.6626,-0.5173,62.5,75.7264,
sp600_load075,33.1,response,600.0,75.0,541.5033,59.5147,169.9268,545.406,73.8689,90.8349,75.6958,8.9272,4.7816,-0.513,62.5,75.6958,
sp600_load075,33.2,response,600.0,75.0,542.5135,58.4967,170.093,545.5333,73.9594,90.797,75.6641,8.7745,4.8986,-0.509,62.5,75.6641,
sp600_load075,33.3,response,600.0,75.0,543.5165,57.4865,170.2562,545.6592,74.0426,90.7577,75.6314,8.623,5.0136,-0.5051,62.5,75.6314,
sp600_load075,33.4,response,600.0,75.0,544.5123,56.4835,170.4162,545.7837,74.1192,90.7171,75.5976,8.4725,5.1265,-0.5015,62.5,75.5976,
sp600_load075,33.5,response,600.0,75.0,545.5015,55.4877,170.573,545.9067,74.1897,90.6753,75.5627,8.3232,5.2375,-0.4979,62.5,75.5627,
sp600_load075,33.6,response,600.0,75.0,546.4841,54.4985,170.7265,546.0281,74.2545,90.6321,75.5267,8.1748,5.3465,-0.4946,62.5,75.5267,
sp600_load075,33.7,response,600.0,75.0,547.4605,53.5159,170.8768,546.1479,74.3141,90.5875,75.4896,8.0274,5.4535,-0.4913,62.5,75.4896,
sp600_load075,33.8,response,600.0,75.0,548.4309,52.5395,171.0238,546.2661,74.369,90.5416,75.4513,7.8809,5.5586,-0.4882,62.5,75.4513,
sp600_load075,33.9,response,600.0,75.0,549.3954,51.5691,171.1675,546.3827,74.4195,90.4943,75.412,7.7354,5.6618,-0.4852,62.5,75.412,
sp600_load075,34.0,response,600.0,75.0,550.3542,50.6046,171.308,546.4976,74.4659,90.4457,75.3714,7.5907,5.763,-0.4822,62.5,75.3714,
sp600_load075,34.1,response,600.0,75.0,551.3074,49.6458,171.4452,546.6107,74.5086,90.3957,75.3297,7.4469,5.8623,-0.4794,62.5,75.3297,
sp600_load075,34.2,response,600.0,75.0,552.2552,48.6926,171.5792,546.7222,74.548,90.3443,75.2869,7.3039,5.9596,-0.4766,62.5,75.2869,
sp600_load075,34.3,response,600.0,75.0,553.1976,47.7448,171.7099,546.8319,74.5841,90.2916,75.243,7.1617,6.0551,-0.4739,62.5,75.243,
sp600_load075,34.4,response,600.0,75.0,554.1348,46.8024,171.8375,546.9399,74.6174,90.2375,75.1979,7.0204,6.1487,-0.4712,62.5,75.1979,
sp600_load075,34.5,response,600.0,75.0,555.0669,45.8652,171.962,547.0462,74.648,90.182,75.1517,6.8798,6.2405,-0.4686,62.5,75.1517,
sp600_load075,34.6,response,600.0,75.0,555.9938,44.9331,172.0833,547.1507,74.6762,90.1252,75.1043,6.74,6.3303,-0.466,62.5,75.1043,
sp600_load075,34.7,response,600.0,75.0,556.9157,44.0062,172.2016,547.2536,74.7021,90.067,75.0558,6.6009,6.4184,-0.4635,62.5,75.0558,
sp600_load075,34.8,response,600.0,75.0,557.8326,43.0843,172.3169,547.3546,74.7259,90.0075,75.0062,6.4626,6.5045,-0.4609,62.5,75.0062,
sp600_load075,34.9,response,600.0,75.0,558.7445,42.1674,172.4292,547.454,74.7478,89.9466,74.9555,6.3251,6.5889,-0.4584,62.5,74.9555,
sp600_load075,35.0,response,600.0,75.0,559.6515,41.2555,172.5386,547.5517,74.768,89.8845,74.9037,6.1883,6.6714,-0.456,62.5,74.9037,
sp600_load075,35.1,response,600.0,75.0,560.5536,40.3485,172.6452,547.6477,74.7866,89.821,74.8508,6.0523,6.7521,-0.4535,62.5,74.8508,
sp600_load075,35.2,response,600.0,75.0,561.4507,39.4464,172.7489,547.742,74.8036,89.7563,74.7969,5.917,6.831,-0.451,62.5,74.7969,
sp600_load075,35.3,response,600.0,75.0,562.343,38.5493,172.8499,547.8346,74.8193,89.6902,74.7419,5.7824,6.9081,-0.4486,62.5,74.7419,
sp600_load075,35.4,response,600.0,75.0,563.2303,37.657,172.9481,547.9256,74.8338,89.623,74.6858,5.6486,6.9834,-0.4461,62.5,74.6858,
sp600_load075,35.5,response,600.0,75.0,564.1128,36.7697,173.0437,548.0149,74.8471,89.5544,74.6287,5.5155,7.0569,-0.4437,62.5,74.6287,
sp600_load075,35.6,response,600.0,75.0,564.9903,35.8872,173.1368,548.1027,74.8593,89.4847,74.5705,5.3831,7.1287,-0.4412,62.5,74.5705,
sp600_load075,35.7,response,600.0,75.0,565.8629,35.0097,173.2272,548.1888,74.8706,89.4137,74.5114,5.2515,7.1987,-0.4388,62.5,74.5114,
sp600_load075,35.8,response,600.0,75.0,566.7305,34.1371,173.3153,548.2734,74.8809,89.3415,74.4513,5.1206,7.267,-0.4363,62.5,74.4513,
sp600_load075,35.9,response,600.0,75.0,567.5932,33.2695,173.4008,548.3564,74.8905,89.2681,74.3901,4.9904,7.3335,-0.4338,62.5,74.3901,
sp600_load075,36.0,response,600.0,75.0,568.4508,32.4068,173.484,548.4378,74.8992,89.1936,74.328,4.861,7.3983,-0.4313,62.5,74.328,
sp600_load075,36.1,response,600.0,75.0,569.3035,31.5492,173.5649,548.5178,74.9073,89.118,74.265,4.7324,7.4614,-0.4288,62.5,74.265,
sp600_load075,36.2,response,600.0,75.0,570.1511,30.6965,173.6436,548.5962,74.9147,89.0412,74.201,4.6045,7.5228,-0.4263,62.5,74.201,
sp600_load075,36.3,response,600.0,75.0,570.9936,29.8489,173.72,548.6732,74.9215,88.9633,74.1361,4.4773,7.5825,-0.4238,62.5,74.1361,
sp600_load075,36.4,response,600.0,75.0,571.831,29.0064,173.7943,548.7487,74.9278,88.8843,74.0702,4.351,7.6405,-0.4213,62.5,74.0702,
sp600_load075,36.5,response,600.0,75.0,572.6632,28.169,173.8664,548.8228,74.9336,88.8042,74.0035,4.2254,7.6969,-0.4187,62.5,74.0035,
sp600_load075,36.6,response,600.0,75.0,573.4903,27.3368,173.9366,548.8955,74.9389,88.7231,73.9359,4.1005,7.7515,-0.4161,62.5,73.9359,
sp600_load075,36.7,response,600.0,75.0,574.3121,26.5097,174.0047,548.9668,74.9438,88.641,73.8675,3.9765,7.8046,-0.4135,62.5,73.8675,
sp600_load075,36.8,response,600.0,75.0,575.1287,25.6879,174.0709,549.0367,74.9483,88.5579,73.7982,3.8532,7.8559,-0.4109,62.5,73.7982,
sp600_load075,36.9,response,600.0,75.0,575.9399,24.8713,174.1352,549.1053,74.9524,88.4737,73.7281,3.7307,7.9057,-0.4083,62.5,73.7281,
sp600_load075,37.0,response,600.0,75.0,576.7459,24.0601,174.1977,549.1726,74.9562,88.3886,73.6572,3.609,7.9538,-0.4056,62.5,73.6572,
sp600_load075,37.1,response,600.0,75.0,577.5464,23.2541,174.2583,549.2386,74.9597,88.3025,73.5855,3.4881,8.0003,-0.403,62.5,73.5855,
sp600_load075,37.2,response,600.0,75.0,578.3416,22.4536,174.3172,549.3033,74.9629,88.2156,73.513,3.368,8.0452,-0.4003,62.5,73.513,
sp600_load075,37.3,response,600.0,75.0,579.1313,21.6584,174.3745,549.3668,74.9659,88.1277,73.4397,3.2488,8.0885,-0.3976,62.5,73.4397,
sp600_load075,37.4,response,600.0,75.0,579.9155,20.8687,174.43,549.429,74.9686,88.0389,73.3657,3.1303,8.1303,-0.3949,62.5,73.3657,
sp600_load075,37.5,response,600.0,75.0,580.6942,20.0845,174.484,549.49,74.9711,87.9492,73.291,3.0127,8.1704,-0.3921,62.5,73.291,
sp600_load075,37.6,response,600.0,75.0,581.4673,19.3058,174.5364,549.5498,74.9735,87.8587,73.2156,2.8959,8.2091,-0.3893,62.5,73.2156,
sp600_load075,37.7,response,600.0,75.0,582.2348,18.5327,174.5872,549.6085,74.9756,87.7674,73.1395,2.7799,8.2461,-0.3866,62.5,73.1395,
sp600_load075,37.8,response,600.0,75.0,582.9967,17.7652,174.6366,549.666,74.9775,87.6752,73.0627,2.6648,8.2816,-0.3838,62.5,73.0627,
sp600_load075,37.9,response,600.0,75.0,583.7529,17.0033,174.6845,549.7224,74.9793,87.5823,72.9852,2.5505,8.3157,-0.3809,62.5,72.9852,
sp600_load075,38.0,response,600.0,75.0,584.5033,16.2471,174.7311,549.7777,74.981,87.4886,72.9071,2.4371,8.3481,-0.3781,62.5,72.9071,
sp600_load075,38.1,response,600.0,75.0,585.248,15.4967,174.7762,549.8319,74.9825,87.3941,72.8284,2.3245,8.3791,-0.3752,62.5,72.8284,
sp600_load075,38.2,response,600.0,75.0,585.9869,14.752,174.8201,549.885,74.9839,87.2989,72.7491,2.2128,8.4086,-0.3723,62.5,72.7491,
sp600_load075,38.3,response,600.0,75.0,586.72,14.0131,174.8627,549.9371,74.9852,87.203,72.6692,2.102,8.4367,-0.3695,62.5,72.6692,
sp600_load075,38.4,response,600.0,75.0,587.4472,13.28,174.904,549.9882,74.9864,87.1064,72.5887,1.992,8.4632,-0.3665,62.5,72.5887,
sp600_load075,38.5,response,600.0,75.0,588.1685,12.5528,174.9441,550.0383,74.9875,87.0092,72.5077,1.8829,8.4883,-0.3636,62.5,72.5077,
sp600_load075,38.6,response,600.0,75.0,588.8839,11.8315,174.983,550.0873,74.9885,86.9113,72.4261,1.7747,8.512,-0.3607,62.5,72.4261,
sp600_load075,38.7,response,600.0,75.0,589.5933,11.1161,175.0208,550.1354,74.9894,86.8128,72.344,1.6674,8.5342,-0.3577,62.5,72.344,
sp600_load075,38.8,response,600.0,75.0,590.2967,10.4067,175.0574,550.1826,74.9902,86.7136,72.2614,1.561,8.555,-0.3547,62.5,72.2614,
sp600_load075,38.9,response,600.0,75.0,590.994,9.7033,175.093,550.2288,74.991,86.6139,72.1783,1.4555,8.5745,-0.3517,62.5,72.1783,
sp600_load075,39.0,response,600.0,75.0,591.6854,9.006,175.1275,550.2741,74.9917,86.5136,72.0947,1.3509,8.5925,-0.3487,62.5,72.0947,
sp600_load075,39.1,response,600.0,75.0,592.3706,8.3146,175.161,550.3185,74.9924,86.4128,72.0106,1.2472,8.6091,-0.3457,62.5,72.0106,
sp600_load075,39.2,response,600.0,75.0,593.0497,7.6294,175.1935,550.3621,74.993,86.3114,71.9262,1.1444,8.6244,-0.3426,62.5,71.9262,
sp600_load075,39.3,response,600.0,75.0,593.7226,6.9503,175.2251,550.4047,74.9936,86.2095,71.8413,1.0425,8.6383,-0.3396,62.5,71.8413,
sp600_load075,39.4,response,600.0,75.0,594.3894,6.2774,175.2557,550.4465,74.9941,86.1071,71.7559,0.9416,8.6508,-0.3365,62.5,71.7559,
sp600_load075,39.5,response,600.0,75.0,595.05,5.6106,175.2854,550.4875,74.9946,86.0043,71.6702,0.8416,8.662,-0.3334,62.5,71.6702,
sp600_load075,39.6,response,600.0,75.0,595.7044,4.95,175.3142,550.5277,74.995,85.901,71.5841,0.7425,8.6719,-0.3303,62.5,71.5841,
sp600_load075,39.7,response,600.0,75.0,596.3525,4.2956,175.3422,550.5671,74.9954,85.7972,71.4977,0.6443,8.6805,-0.3272,62.5,71.4977,
sp600_load075,39.8,response,600.0,75.0,596.9943,3.6475,175.3693,550.6057,74.9958,85.6931,71.4109,0.5471,8.6878,-0.3241,62.5,71.4109,
sp600_load075,39.9,response,600.0,75.0,597.6299,3.0057,175.3957,550.6435,74.9961,85.5885,71.3238,0.4509,8.6938,-0.3209,62.5,71.3238,
sp600_load075,40.0,response,600.0,75.0,598.2591,2.3701,175.4212,550.6806,74.9964,85.4836,71.2363,0.3555,8.6986,-0.3178,62.5,71.2363,
sp600_load075,40.1,response,600.0,75.0,598.882,1.7409,175.446,550.717,74.9967,85.3783,71.1486,0.2611,8.7021,-0.3146,62.5,71.1486,
sp600_load075,40.2,response,600.0,75.0,599.4985,1.118,175.4701,550.7526,74.997,85.2727,71.0605,0.1677,8.7043,-0.3114,62.5,71.0605,
sp600_load075,40.3,response,600.0,75.0,600.1087,0.5015,175.4934,550.7875,74.9972,85.1667,70.9722,0.0752,8.7053,-0.3083,62.5,70.9722,01LAH001
sp600_load075,40.4,response,600.0,75.0,600.7125,-0.1087,175.516,550.8217,74.9974,85.0604,70.8837,-0.0163,8.7051,-0.3051,62.5,70.8837,01LAH001
sp600_load075,40.5,response,600.0,75.0,601.3098,-0.7125,175.538,550.8552,74.9976,84.9539,70.7949,-0.1069,8.7036,-0.3019,62.5,70.7949,01LAH001
sp600_load075,40.6,response,600.0,75.0,601.9008,-1.3098,175.5593,550.8881,74.9978,84.847,70.7059,-0.1965,8.701,-0.2987,62.5,70.7059,01LAH001
sp600_load075,40.7,response,600.0,75.0,602.4853,-1.9008,175.58,550.9203,74.998,84.74,70.6166,-0.2851,8.6972,-0.2955,62.5,70.6166,01LAH001
sp600_load075,40.8,response,600.0,75.0,603.0634,-2.4853,175.6,550.9519,74.9982,84.6326,70.5272,-0.3728,8.6923,-0.2923,62.5,70.5272,01LAH001
sp600_load075,40.9,response,600.0,75.0,603.635,-3.0634,175.6195,550.9828,74.9983,84.5251,70.4376,-0.4595,8.6861,-0.289,62.5,70.4376,01LAH001
sp600_load075,41.0,response,600.0,75.0,604.2001,-3.635,175.6384,551.0131,74.9984,84.4174,70.3478,-0.5452,8.6789,-0.2858,62.5,70.3478,01LAH001
sp600_load075,41.1,response,600.0,75.0,604.7588,-4.2001,175.6567,551.0428,74.9986,84.3094,70.2579,-0.63,8.6705,-0.2826,62.5,70.2579,01LAH001
sp600_load075,41.2,response,600.0,75.0,605.3109,-4.7588,175.6745,551.072,74.9987,84.2014,70.1678,-0.7138,8.6609,-0.2793,62.5,70.1678,01LAH001
sp600_load075,41.3,response,600.0,75.0,605.8566,-5.3109,175.6917,551.1005,74.9988,84.0931,70.0776,-0.7966,8.6503,-0.2761,62.5,70.0776,01LAH001
sp600_load075,41.4,response,600.0,75.0,606.3957,-5.8566,175.7084,551.1285,74.9989,83.9847,69.9873,-0.8785,8.6386,-0.2728,62.5,69.9873,01LAH001
sp600_load075,41.5,response,600.0,75.0,606.9284,-6.3957,175.7247,551.1559,74.999,83.8763,69.8969,-0.9594,8.6258,-0.2696,62.5,69.8969,01LAH001
sp600_load075,41.6,response,600.0,75.0,607.4545,-6.9284,175.7404,551.1828,74.9991,83.7677,69.8064,-1.0393,8.612,-0.2663,62.5,69.8064,01LAH001
sp600_load075,41.7,response,600.0,75.0,607.9741,-7.4545,175.7557,551.2091,74.9991,83.659,69.7158,-1.1182,8.597,-0.2631,62.5,69.7158,01LAH001
sp600_load075,41.8,response,600.0,75.0,608.4872,-7.9741,175.7705,551.2349,74.9992,83.5502,69.6252,-1.1961,8.5811,-0.2598,62.5,69.6252,01LAH001
sp600_load075,41.9,response,600.0,75.0,608.9937,-8.4872,175.7848,551.2602,74.9993,83.4414,69.5345,-1.2731,8.5641,-0.2565,62.5,69.5345,01LAH001
sp600_load075,42.0,response,600.0,75.0,609.4937,-8.9937,175.7988,551.285,74.9993,83.3326,69.4438,-1.3491,8.5461,-0.2533,62.5,69.4438,01LAH001
sp600_load075,42.1,response,600.0,75.0,609.9871,-9.4937,175.8123,551.3093,74.9994,83.2237,69.3531,-1.4241,8.5272,-0.25,62.5,69.3531,01LAH001
sp600_load075,42.2,response,600.0,75.0,610.4741,-9.9871,175.8254,551.3331,74.9994,83.1149,69.2624,-1.4981,8.5072,-0.2467,62.5,69.2624,01LAH001
sp600_load075,42.3,response,600.0,75.0,610.9545,-10.4741,175.8382,551.3564,74.9995,83.006,69.1717,-1.5711,8.4862,-0.2435,62.5,69.1717,01LAH001
sp600_load075,42.4,response,600.0,75.0,611.4283,-10.9545,175.8505,551.3793,74.9995,82.8971,69.081,-1.6432,8.4643,-0.2402,62.5,69.081,01LAH001
sp600_load075,42.5,response,600.0,75.0,611.8956,-11.4283,175.8625,551.4017,74.9996,82.7883,68.9903,-1.7142,8.4415,-0.2369,62.5,68.9903,01LAH001
sp600_load075,42.6,response,600.0,75.0,612.3564,-11.8956,175.8741,551.4237,74.9996,82.6796,68.8997,-1.7843,8.4177,-0.2337,62.5,68.8997,01LAH001
sp600_load075,42.7,response,600.0,75.0,612.8107,-12.3564,175.8854,551.4452,74.9996,82.5709,68.8091,-1.8535,8.393,-0.2304,62.5,68.8091,01LAH001
sp600_load075,42.8,response,600.0,75.0,613.2585,-12.8107,175.8963,551.4663,74.9997,82.4623,68.7186,-1.9216,8.3673,-0.2271,62.5,68.7186,01LAH001
sp600_load075,42.9,response,600.0,75.0,613.6997,-13.2585,175.9069,551.4869,74.9997,82.3538,68.6282,-1.9888,8.3408,-0.2239,62.5,68.6282,01LAH001
sp600_load075,43.0,response,600.0,75.0,614.1345,-13.6997,175.9172,551.5072,74.9997,82.2454,68.5378,-2.055,8.3134,-0.2206,62.5,68.5378,01LAH001
sp600_load075,43.1,response,600.0,75.0,614.5627,-14.1345,175.9272,551.527,74.9997,82.1371,68.4476,-2.1202,8.2852,-0.2174,62.5,68.4476,01LAH001
sp600_load075,43.2,response,600.0,75.0,614.9845,-14.5627,175.9368,551.5465,74.9998,82.029,68.3575,-2.1844,8.256,-0.2141,62.5,68.3575,01LAH001
sp600_load075,43.3,response,600.0,75.0,615.3997,-14.9845,175.9462,551.5656,74.9998,81.921,68.2675,-2.2477,8.2261,-0.2109,62.5,68.2675,01LAH001
sp600_load075,43.4,response,600.0,75.0,615.8085,-15.3997,175.9553,551.5843,74.9998,81.8132,68.1777,-2.31,8.1953,-0.2076,62.5,68.1777,01LAH001
sp600_load075,43.5,response,600.0,75.0,616.2109,-15.8085,175.9642,551.6026,74.9998,81.7055,68.088,-2.3713,8.1636,-0.2044,62.5,68.088,01LAH001
sp600_load075,43.6,response,600.0,75.0,616.6068,-16.2109,175.9727,551.6205,74.9998,81.5981,67.9984,-2.4316,8.1312,-0.2012,62.5,67.9984,01LAH001
sp600_load075,43.7,response,600.0,75.0,616.9962,-16.6068,175.9811,551.6381,74.9998,81.4908,67.909,-2.491,8.098,-0.1979,62.5,67.909,01LAH001
sp600_load075,43.8,response,600.0,75.0,617.3793,-16.9962,175.9891,551.6553,74.9998,81.3838,67.8198,-2.5494,8.064,-0.1947,62.5,67.8198,01LAH001
sp600_load075,43.9,response,600.0,75.0,617.7559,-17.3793,175.9969,551.6722,74.9999,81.277,67.7308,-2.6069,8.0293,-0.1915,62.5,67.7308,01LAH001
sp600_load075,44.0,response,600.0,75.0,618.1261,-17.7559,176.0045,551.6888,74.9999,81.1704,67.642,-2.6634,7.9937,-0.1883,62.5,67.642,01LAH001
sp600_load075,44.1,response,600.0,75.0,618.49,-18.1261,176.0119,551.705,74.9999,81.0641,67.5535,-2.7189,7.9575,-0.1851,62.5,67.5535,01LAH001
sp600_load075,44.2,response,600.0,75.0,618.8475,-18.49,176.019,551.7209,74.9999,80.9581,67.4651,-2.7735,7.9205,-0.1819,62.5,67.4651,01LAH001
sp600_load075,44.3,response,600.0,75.0,619.1986,-18.8475,176.026,551.7365,74.9999,80.8523,67.3769,-2.8271,7.8828,-0.1787,62.5,67.3769,01LAH001
sp600_load075,44.4,response,600.0,75.0,619.5435,-19.1986,176.0327,551.7518,74.9999,80.7469,67.289,-2.8798,7.8444,-0.1756,62.5,67.289,01LAH001
sp600_load075,44.5,response,600.0,75.0,619.882,-19.5435,176.0392,551.7667,74.9999,80.6417,67.2014,-2.9315,7.8053,-0.1724,62.5,67.2014,01LAH001
sp600_load075,44.6,response,600.0,75.0,620.2142,-19.882,176.0455,551.7814,74.9999,80.5368,67.114,-2.9823,7.7656,-0.1693,62.5,67.114,01LAH001
sp600_load075,44.7,response,600.0,75.0,620.5401,-20.2142,176.0517,551.7958,74.9999,80.4323,67.0269,-3.0321,7.7251,-0.1661,62.5,67.0269,01LAH001
sp600_load075,44.8,response,600.0,75.0,620.8598,-20.5401,176.0576,551.8098,74.9999,80.3281,66.9401,-3.081,7.6841,-0.163,62.5,66.9401,01LAH001
sp600_load075,44.9,response,600.0,75.0,621.1733,-20.8598,176.0634,551.8236,74.9999,80.2242,66.8535,-3.129,7.6423,-0.1598,62.5,66.8535,01LAH001
sp600_load075,45.0,response,600.0,75.0,621.4805,-21.1733,176.069,551.8372,74.9999,80.1207,66.7673,-3.176,7.6,-0.1567,62.5,66.7673,01LAH001
sp600_load075,45.1,response,600.0,75.0,621.7816,-21.4805,176.0744,551.8504,74.9999,80.0176,66.6813,-3.2221,7.557,-0.1536,62.5,66.6813,01LAH001
sp600_load075,45.2,response,600.0,75.0,622.0765,-21.7816,176.0797,551.8634,75.0,79.9148,66.5957,-3.2672,7.5135,-0.1505,62.5,66.5957,01LAH001
sp600_load075,45.3,response,600.0,75.0,622.3652,-22.0765,176.0848,551.8761,75.0,79.8125,66.5104,-3.3115,7.4693,-0.1474,62.5,66.5104,01LAH001
sp600_load075,45.4,response,600.0,75.0,622.6479,-22.3652,176.0897,551.8886,75.0,79.7105,66.4254,-3.3548,7.4246,-0.1444,62.5,66.4254,01LAH001
sp600_load075,45.5,response,600.0,75.0,622.9244,-22.6479,176.0945,551.9008,75.0,79.609,66.3408,-3.3972,7.3793,-0.1413,62.5,66.3408,01LAH001
sp600_load075,45.6,response,600.0,75.0,623.1949,-22.9244,176.0992,551.9128,75.0,79.5078,66.2565,-3.4387,7.3334,-0.1383,62.5,66.2565,01LAH001
sp600_load075,45.7,response,600.0,75.0,623.4593,-23.1949,176.1037,551.9246,75.0,79.4071,66.1726,-3.4792,7.2871,-0.1352,62.5,66.1726,01LAH001
sp600_load075,45.8,response,600.0,75.0,623.7177,-23.4593,176.1081,551.9361,75.0,79.3068,66.089,-3.5189,7.2401,-0.1322,62.5,66.089,01LAH001
sp600_load075,45.9,response,600.0,75.0,623.9701,-23.7177,176.1124,551.9474,75.0,79.207,66.0058,-3.5577,7.1927,-0.1292,62.5,66.0058,01LAH001
sp600_load075,46.0,response,600.0,75.0,624.2166,-23.9701,176.1165,551.9584,75.0,79.1076,65.923,-3.5955,7.1448,-0.1262,62.5,65.923,01LAH001
sp600_load075,46.1,response,600.0,75.0,624.4571,-24.2166,176.1205,551.9692,75.0,79.0087,65.8406,-3.6325,7.0963,-0.1232,62.5,65.8406,01LAH001
sp600_load075,46.2,response,600.0,75.0,624.6917,-24.4571,176.1244,551.9799,75.0,78.9103,65.7586,-3.6686,7.0474,-0.1203,62.5,65.7586,01LAH001
sp600_load075,46.3,response,600.0,75.0,624.9205,-24.6917,176.1282,551.9903,75.0,78.8123,65.677,-3.7038,6.998,-0.1173,62.5,65.677,01LAH001
sp600_load075,46.4,response,600.0,75.0,625.1434,-24.9205,176.1318,552.0005,75.0,78.7149,65.5957,-3.7381,6.9482,-0.1144,62.5,65.5957,01LAH001
sp600_load075,46.5,response,600.0,75.0,625.3604,-25.1434,176.1354,552.0104,75.0,78.6179,65.5149,-3.7715,6.8979,-0.1114,62.5,65.5149,01LAH001
sp600_load075,46.6,response,600.0,75.0,625.5717,-25.3604,176.1388,552.0202,75.0,78.5215,65.4346,-3.8041,6.8472,-0.1085,62.5,65.4346,01LAH001
sp600_load075,46.7,response,600.0,75.0,625.7773,-25.5717,176.1421,552.0298,75.0,78.4256,65.3546,-3.8358,6.796,-0.1056,62.5,65.3546,01LAH001
sp600_load075,46.8,response,600.0,75.0,625.9771,-25.7773,176.1454,552.0392,75.0,78.3301,65.2751,-3.8666,6.7445,-0.1028,62.5,65.2751,01LAH001
sp600_load075,46.9,response,600.0,75.0,626.1712,-25.9771,176.1485,552.0484,75.0,78.2353,65.1961,-3.8966,6.6925,-0.0999,62.5,65.1961,01LAH001
sp600_load075,47.0,response,600.0,75.0,626.3596,-26.1712,176.1515,552.0575,75.0,78.1409,65.1174,-3.9257,6.6402,-0.0971,62.5,65.1174,01LAH001
sp600_load075,47.1,response,600.0,75.0,626.5425,-26.3596,176.1545,552.0663,75.0,78.0471,65.0393,-3.9539,6.5875,-0.0942,62.5,65.0393,01LAH001
sp600_load075,47.2,response,600.0,75.0,626.7197,-26.5425,176.1574,552.075,75.0,77.9539,64.9616,-3.9814,6.5344,-0.0914,62.5,64.9616,01LAH001
sp600_load075,47.3,response,600.0,75.0,626.8914,-26.7197,176.1601,552.0835,75.0,77.8612,64.8844,-4.008,6.4809,-0.0886,62.5,64.8844,01LAH001
sp600_load075,47.4,response,600.0,75.0,627.0575,-26.8914,176.1628,552.0918,75.0,77.7691,64.8076,-4.0337,6.4272,-0.0858,62.5,64.8076,01LAH001
sp600_load075,47.5,response,600.0,75.0,627.2182,-27.0575,176.1655,552.1,75.0,77.6776,64.7313,-4.0586,6.373,-0.0831,62.5,64.7313,01LAH001
sp600_load075,47.6,response,600.0,75.0,627.3734,-27.2182,176.168,552.108,75.0,77.5867,64.6555,-4.0827,6.3186,-0.0803,62.5,64.6555,01LAH001
sp600_load075,47.7,response,600.0,75.0,627.5232,-27.3734,176.1705,552.1158,75.0,77.4963,64.5802,-4.106,6.2639,-0.0776,62.5,64.5802,01LAH001
sp600_load075,47.8,response,600.0,75.0,627.6676,-27.5232,176.1728,552.1235,75.0,77.4065,64.5054,-4.1285,6.2088,-0.0749,62.5,64.5054,01LAH001
sp600_load075,47.9,response,600.0,75.0,627.8066,-27.6676,176.1752,552.131,75.0,77.3174,64.4311,-4.1501,6.1535,-0.0722,62.5,64.4311,01LAH001
sp600_load075,48.0,response,600.0,75.0,627.9403,-27.8066,176.1774,552.1384,75.0,77.2288,64.3574,-4.171,6.0979,-0.0695,62.5,64.3574,01LAH001
sp600_load075,48.1,response,600.0,75.0,628.0688,-27.9403,176.1796,552.1457,75.0,77.1409,64.2841,-4.1911,6.042,-0.0669,62.5,64.2841,01LAH001
sp600_load075,48.2,response,600.0,75.0,628.192,-28.0688,176.1817,552.1527,75.0,77.0536,64.2113,-4.2103,5.9858,-0.0642,62.5,64.2113,01LAH001
sp600_load075,48.3,response,600.0,75.0,628.31,-28.192,176.1837,552.1597,75.0,76.9669,64.1391,-4.2288,5.9295,-0.0616,62.5,64.1391,01LAH001
sp600_load075,48.4,response,600.0,75.0,628.4229,-28.31,176.1857,552.1665,75.0,76.8808,64.0673,-4.2465,5.8728,-0.059,62.5,64.0673,01LAH001
sp600_load075,48.5,response,600.0,75.0,628.5306,-28.4229,176.1877,552.1732,75.0,76.7954,63.9961,-4.2634,5.816,-0.0564,62.5,63.9961,01LAH001
sp600_load075,48.6,response,600.0,75.0,628.6332,-28.5306,176.1895,552.1797,75.0,76.7106,63.9255,-4.2796,5.7589,-0.0539,62.5,63.9255,01LAH001
sp600_load075,48.7,response,600.0,75.0,628.7308,-28.6332,176.1913,552.1861,75.0,76.6264,63.8554,-4.295,5.7017,-0.0513,62.5,63.8554,01LAH001
sp600_load075,48.8,response,600.0,75.0,628.8234,-28.7308,176.1931,552.1924,75.0,76.543,63.7858,-4.3096,5.6442,-0.0488,62.5,63.7858,01LAH001
sp600_load075,48.9,response,600.0,75.0,628.911,-28.8234,176.1948,552.1985,75.0,76.4601,63.7168,-4.3235,5.5866,-0.0463,62.5,63.7168,01LAH001
sp600_load075,49.0,response,600.0,75.0,628.9937,-28.911,176.1965,552.2046,75.0,76.3779,63.6483,-4.3366,5.5287,-0.0438,62.5,63.6483,01LAH001
sp600_load075,49.1,response,600.0,75.0,629.0715,-28.9937,176.1981,552.2105,75.0,76.2964,63.5804,-4.3491,5.4708,-0.0413,62.5,63.5804,01LAH001
sp600_load075,49.2,response,600.0,75.0,629.1444,-29.0715,176.1996,552.2163,75.0,76.2156,63.513,-4.3607,5.4126,-0.0389,62.5,63.513,01LAH001
sp600_load075,49.3,response,600.0,75.0,629.2125,-29.1444,176.2011,552.2219,75.0,76.1354,63.4462,-4.3717,5.3543,-0.0365,62.5,63.4462,01LAH001
sp600_load075,49.4,response,600.0,75.0,629.2759,-29.2125,176.2026,552.2275,75.0,76.0559,63.38,-4.3819,5.2959,-0.0341,62.5,63.38,01LAH001
sp600_load075,49.5,response,600.0,75.0,629.3345,-29.2759,176.204,552.233,75.0,75.9771,63.3143,-4.3914,5.2373,-0.0317,62.5,63.3143,01LAH001
sp600_load075,49.6,response,600.0,75.0,629.3884,-29.3345,176.2054,552.2383,75.0,75.899,63.2492,-4.4002,5.1787,-0.0293,62.5,63.2492,01LAH001
sp600_load075,49.7,response,600.0,75.0,629.4377,-29.3884,176.2067,552.2435,75.0,75.8216,63.1847,-4.4083,5.1199,-0.027,62.5,63.1847,01LAH001
sp600_load075,49.8,response,600.0,75.0,629.4824,-29.4377,176.208,552.2487,75.0,75.7449,63.1207,-4.4157,5.061,-0.0246,62.5,63.1207,01LAH001
sp600_load075,49.9,response,600.0,75.0,629.5226,-29.4824,176.2093,552.2537,75.0,75.6688,63.0573,-4.4224,5.0021,-0.0223,62.5,63.0573,01LAH001
sp600_load075,50.0,response,600.0,75.0,629.5582,-29.5226,176.2105,552.2586,75.0,75.5935,62.9946,-4.4284,4.943,-0.0201,62.5,62.9946,01LAH001
sp600_load075,50.1,response,600.0,75.0,629.5893,-29.5582,176.2117,552.2634,75.0,75.5188,62.9324,-4.4337,4.8839,-0.0178,62.5,62.9324,01LAH001
sp600_load075,50.2,response,600.0,75.0,629.616,-29.5893,176.2129,552.2682,75.0,75.4449,62.8708,-4.4384,4.8247,-0.0156,62.5,62.8708,01LAH001
sp600_load075,50.3,response,600.0,75.0,629.6383,-29.616,176.214,552.2728,75.0,75.3717,62.8097,-4.4424,4.7655,-0.0133,62.5,62.8097,01LAH001
sp600_load075,50.4,response,600.0,75.0,629.6562,-29.6383,176.215,552.2774,75.0,75.2992,62.7493,-4.4457,4.7062,-0.0112,62.5,62.7493,01LAH001
sp600_load075,50.5,response,600.0,75.0,629.6699,-29.6562,176.2161,552.2818,75.0,75.2274,62.6895,-4.4484,4.6469,-0.009,62.5,62.6895,01LAH001
sp600_load075,50.6,response,600.0,75.0,629.6793,-29.6699,176.2171,552.2862,75.0,75.1563,62.6303,-4.4505,4.5876,-0.0068,62.5,62.6303,01LAH001
sp600_load075,50.7,response,600.0,75.0,629.6844,-29.6793,176.2181,552.2904,75.0,75.0859,62.5716,-4.4519,4.5282,-0.0047,62.5,62.5716,01LAH001
sp600_load075,50.8,response,600.0,75.0,629.6854,-29.6844,176.2191,552.2946,75.0,75.0163,62.5136,-4.4527,4.4688,-0.0026,62.5,62.5136,01LAH001
sp600_load075,50.9,response,600.0,75.0,629.6822,-29.6854,176.22,552.2987,75.0,74.9474,62.4562,-4.4528,4.4095,-0.0005,62.5,62.4562,01LAH001
sp600_load075,51.0,response,600.0,75.0,629.675,-29.6822,176.2209,552.3028,75.0,74.8792,62.3993,-4.4523,4.3501,0.0016,62.5,62.3993,01LAH001
sp600_load075,51.1,response,600.0,75.0,629.6637,-29.675,176.2218,552.3067,75.0,74.8117,62.3431,-4.4512,4.2907,0.0036,62.5,62.3431,01LAH001
sp600_load075,51.2,response,600.0,75.0,629.6484,-29.6637,176.2226,552.3106,75.0,74.745,62.2875,-4.4496,4.2314,0.0056,62.5,62.2875,01LAH001
sp600_load075,51.3,response,600.0,75.0,629.6291,-29.6484,176.2234,552.3144,75.0,74.679,62.2325,-4.4473,4.1721,0.0076,62.5,62.2325,01LAH001
sp600_load075,51.4,response,600.0,75.0,629.606,-29.6291,176.2242,552.3181,75.0,74.6137,62.1781,-4.4444,4.1129,0.0096,62.5,62.1781,01LAH001
sp600_load075,51.5,response,600.0,75.0,629.5789,-29.606,176.225,552.3217,75.0,74.5492,62.1243,-4.4409,4.0536,0.0116,62.5,62.1243,01LAH001
sp600_load075,51.6,response,600.0,75.0,629.548,-29.5789,176.2257,552.3253,75.0,74.4854,62.0712,-4.4368,3.9945,0.0135,62.5,62.0712,01LAH001
sp600_load075,51.7,response,600.0,75.0,629.5134,-29.548,176.2265,552.3288,75.0,74.4224,62.0186,-4.4322,3.9354,0.0154,62.5,62.0186,01LAH001
sp600_load075,51.8,response,600.0,75.0,629.475,-29.5134,176.2272,552.3322,75.0,74.36,61.9667,-4.427,3.8764,0.0173,62.5,61.9667,01LAH001
sp600_load075,51.9,response,600.0,75.0,629.4329,-29.475,176.2279,552.3356,75.0,74.2984,61.9154,-4.4212,3.8174,0.0192,62.5,61.9154,01LAH001
sp600_load075,52.0,response,600.0,75.0,629.3871,-29.4329,176.2285,552.3388,75.0,74.2376,61.8647,-4.4149,3.7586,0.021,62.5,61.8647,01LAH001
sp600_load075,52.1,response,600.0,75.0,629.3378,-29.3871,176.2292,552.3421,75.0,74.1775,61.8146,-4.4081,3.6998,0.0229,62.5,61.8146,01LAH001
sp600_load075,52.2,response,600.0,75.0,629.2849,-29.3378,176.2298,552.3452,75.0,74.1181,61.7651,-4.4007,3.6411,0.0247,62.5,61.7651,01LAH001
sp600_load075,52.3,response,600.0,75.0,629.2285,-29.2849,176.2304,552.3483,75.0,74.0595,61.7163,-4.3927,3.5825,0.0265,62.5,61.7163,01LAH001
sp600_load075,52.4,response,600.0,75.0,629.1686,-29.2285,176.231,552.3514,75.0,74.0016,61.668,-4.3843,3.5241,0.0282,62.5,61.668,01LAH001
sp600_load075,52.5,response,600.0,75.0,629.1052,-29.1686,176.2316,552.3543,75.0,73.9445,61.6204,-4.3753,3.4657,0.03,62.5,61.6204,01LAH001
sp600_load075,52.6,response,600.0,75.0,629.0385,-29.1052,176.2321,552.3572,75.0,73.8881,61.5734,-4.3658,3.4075,0.0317,62.5,61.5734,01LAH001
sp600_load075,52.7,response,600.0,75.0,628.9685,-29.0385,176.2327,552.3601,75.0,73.8324,61.527,-4.3558,3.3495,0.0334,62.5,61.527,01LAH001
sp600_load075,52.8,response,600.0,75.0,628.8951,-28.9685,176.2332,552.3629,75.0,73.7775,61.4813,-4.3453,3.2915,0.035,62.5,61.4813,01LAH001
sp600_load075,52.9,response,600.0,75.0,628.8185,-28.8951,176.2337,552.3656,75.0,73.7234,61.4361,-4.3343,3.2337,0.0367,62.5,61.4361,01LAH001
sp600_load075,53.0,response,600.0,75.0,628.7387,-28.8185,176.2342,552.3683,75.0,73.6699,61.3916,-4.3228,3.1761,0.0383,62.5,61.3916,01LAH001
sp600_load075,53.1,response,600.0,75.0,628.6557,-28.7387,176.2346,552.371,75.0,73.6172,61.3477,-4.3108,3.1186,0.0399,62.5,61.3477,01LAH001
sp600_load075,53.2,response,600.0,75.0,628.5697,-28.6557,176.2351,552.3735,75.0,73.5653,61.3044,-4.2984,3.0613,0.0415,62.5,61.3044,01LAH001
sp600_load075,53.3,response,600.0,75.0,628.4805,-28.5697,176.2356,552.3761,75.0,73.5141,61.2618,-4.2854,3.0042,0.043,62.5,61.2618,01LAH001
sp600_load075,53.4,response,600.0,75.0,628.3883,-28.4805,176.236,552.3785,75.0,73.4636,61.2197,-4.2721,2.9472,0.0446,62.5,61.2197,01LAH001
sp600_load075,53.5,response,600.0,75.0,628.2932,-28.3883,176.2364,552.381,75.0,73.4139,61.1783,-4.2582,2.8904,0.0461,62.5,61.1783,01LAH001
sp600_load075,53.6,response,600.0,75.0,628.195,-28.2932,176.2368,552.3834,75.0,73.3649,61.1374,-4.244,2.8338,0.0476,62.5,61.1374,01LAH001
sp600_load075,53.7,response,600.0,75.0,628.0941,-28.195,176.2372,552.3857,75.0,73.3167,61.0972,-4.2293,2.7774,0.0491,62.5,61.0972,01LAH001
sp600_load075,53.8,response,600.0,75.0,627.9902,-28.0941,176.2376,552.388,75.0,73.2692,61.0576,-4.2141,2.7213,0.0505,62.5,61.0576,01LAH001
sp600_load075,53.9,response,600.0,75.0,627.8835,-27.9902,176.238,552.3902,75.0,73.2224,61.0187,-4.1985,2.6653,0.0519,62.5,61.0187,01LAH001
sp600_load075,54.0,response,600.0,75.0,627.7741,-27.8835,176.2383,552.3924,75.0,73.1764,60.9803,-4.1825,2.6095,0.0533,62.5,60.9803,01LAH001
sp600_load075,54.1,response,600.0,75.0,627.662,-27.7741,176.2387,552.3946,75.0,73.1311,60.9425,-4.1661,2.554,0.0547,62.5,60.9425,01LAH001
sp600_load075,54.2,response,600.0,75.0,627.5472,-27.662,176.239,552.3967,75.0,73.0865,60.9054,-4.1493,2.4986,0.0561,62.5,60.9054,01LAH001
sp600_load075,54.3,response,600.0,75.0,627.4297,-27.5472,176.2393,552.3987,75.0,73.0426,60.8689,-4.1321,2.4435,0.0574,62.5,60.8689,01LAH001
sp600_load075,54.4,response,600.0,75.0,627.3097,-27.4297,176.2397,552.4008,75.0,72.9995,60.8329,-4.1145,2.3887,0.0587,62.5,60.8329,01LAH001
sp600_load075,54.5,response,600.0,75.0,627.1871,-27.3097,176.24,552.4027,75.0,72.9571,60.7976,-4.0965,2.3341,0.06,62.5,60.7976,01LAH001
sp600_load075,54.6,response,600.0,75.0,627.0621,-27.1871,176.2403,552.4047,75.0,72.9155,60.7629,-4.0781,2.2797,0.0613,62.5,60.7629,01LAH001
sp600_load075,54.7,response,600.0,75.0,626.9345,-27.0621,176.2406,552.4066,75.0,72.8745,60.7288,-4.0593,2.2256,0.0625,62.5,60.7288,01LAH001
sp600_load075,54.8,response,600.0,75.0,626.8046,-26.9345,176.2408,552.4085,75.0,72.8343,60.6953,-4.0402,2.1717,0.0638,62.5,60.6953,01LAH001
sp600_load075,54.9,response,600.0,75.0,626.6723,-26.8046,176.2411,552.4103,75.0,72.7948,60.6624,-4.0207,2.1181,0.065,62.5,60.6624,01LAH001
sp600_load075,55.0,response,600.0,75.0,626.5377,-26.6723,176.2414,552.4121,75.0,72.7561,60.6301,-4.0008,2.0647,0.0662,62.5,60.6301,01LAH001
sp600_load075,55.1,response,600.0,75.0,626.4007,-26.5377,176.2416,552.4139,75.0,72.718,60.5983,-3.9806,2.0117,0.0673,62.5,60.5983,01LAH001
sp600_load075,55.2,response,600.0,75.0,626.2616,-26.4007,176.2419,552.4156,75.0,72.6807,60.5672,-3.9601,1.9589,0.0685,62.5,60.5672,01LAH001
sp600_load075,55.3,response,600.0,75.0,626.1202,-26.2616,176.2421,552.4173,75.0,72.644,60.5367,-3.9392,1.9063,0.0696,62.5,60.5367,01LAH001
sp600_load075,55.4,response,600.0,75.0,625.9767,-26.1202,176.2424,552.4189,75.0,72.6081,60.5067,-3.918,1.8541,0.0707,62.5,60.5067,01LAH001
sp600_load075,55.5,response,600.0,75.0,625.8311,-25.9767,176.2426,552.4205,75.0,72.5729,60.4774,-3.8965,1.8021,0.0718,62.5,60.4774,01LAH001
sp600_load075,55.6,response,600.0,75.0,625.6834,-25.8311,176.2428,552.4221,75.0,72.5384,60.4486,-3.8747,1.7505,0.0728,62.5,60.4486,01LAH001
sp600_load075,55.7,response,600.0,75.0,625.5337,-25.6834,176.243,552.4237,75.0,72.5046,60.4205,-3.8525,1.6991,0.0738,62.5,60.4205,01LAH001
sp600_load075,55.8,response,600.0,75.0,625.3819,-25.5337,176.2433,552.4252,75.0,72.4714,60.3929,-3.83,1.6481,0.0749,62.5,60.3929,01LAH001
sp600_load075,55.9,response,600.0,75.0,625.2283,-25.3819,176.2435,552.4267,75.0,72.439,60.3659,-3.8073,1.5973,0.0759,62.5,60.3659,01LAH001
sp600_load075,56.0,response,600.0,75.0,625.0727,-25.2283,176.2437,552.4282,75.0,72.4073,60.3394,-3.7842,1.5468,0.0768,62.5,60.3394,01LAH001
sp600_load075,56.1,response,600.0,75.0,624.9153,-25.0727,176.2438,552.4296,75.0,72.3763,60.3136,-3.7609,1.4967,0.0778,62.5,60.3136,01LAH001
sp600_load075,56.2,response,600.0,75.0,624.756,-24.9153,176.244,552.431,75.0,72.3459,60.2883,-3.7373,1.4469,0.0787,62.5,60.2883,01LAH001
sp600_load075,56.3,response,600.0,75.0,624.595,-24.756,176.2442,552.4324,75.0,72.3163,60.2636,-3.7134,1.3973,0.0796,62.5,60.2636,01LAH001
sp600_load075,56.4,response,600.0,75.0,624.4323,-24.595,176.2444,552.4338,75.0,72.2873,60.2394,-3.6893,1.3482,0.0805,62.5,60.2394,01LAH001
sp600_load075,56.5,response,600.0,75.0,624.2678,-24.4323,176.2445,552.4351,75.0,72.259,60.2158,-3.6648,1.2993,0.0814,62.5,60.2158,01LAH001
sp600_load075,56.6,response,600.0,75.0,624.1017,-24.2678,176.2447,552.4364,75.0,72.2314,60.1928,-3.6402,1.2508,0.0822,62.5,60.1928,01LAH001
sp600_load075,56.7,response,600.0,75.0,623.9339,-24.1017,176.2449,552.4376,75.0,72.2044,60.1704,-3.6153,1.2025,0.0831,62.5,60.1704,01LAH001
sp600_load075,56.8,response,600.0,75.0,623.7646,-23.9339,176.245,552.4389,75.0,72.1781,60.1485,-3.5901,1.1547,0.0839,62.5,60.1485,01LAH001
sp600_load075,56.9,response,600.0,75.0,623.5938,-23.7646,176.2452,552.4401,75.0,72.1525,60.1271,-3.5647,1.1072,0.0847,62.5,60.1271,01LAH001
sp600_load075,57.0,response,600.0,75.0,623.4214,-23.5938,176.2453,552.4413,75.0,72.1276,60.1063,-3.5391,1.06,0.0854,62.5,60.1063,01LAH001
sp600_load075,57.1,response,600.0,75.0,623.2476,-23.4214,176.2455,552.4425,75.0,72.1033,60.0861,-3.5132,1.0131,0.0862,62.5,60.0861,01LAH001
sp600_load075,57.2,response,600.0,75.0,623.0724,-23.2476,176.2456,552.4436,75.0,72.0797,60.0664,-3.4871,0.9666,0.0869,62.5,60.0664,01LAH001
sp600_load075,57.3,response,600.0,75.0,622.8958,-23.0724,176.2457,552.4448,75.0,72.0567,60.0472,-3.4609,0.9205,0.0876,62.5,60.0472,01LAH001
sp600_load075,57.4,response,600.0,75.0,622.7179,-22.8958,176.2459,552.4459,75.0,72.0343,60.0286,-3.4344,0.8747,0.0883,62.5,60.0286,01LAH001
sp600_load075,57.5,response,600.0,75.0,622.5386,-22.7179,176.246,552.447,75.0,72.0126,60.0105,-3.4077,0.8293,0.089,62.5,60.0105,01LAH001
sp600_load075,57.6,response,600.0,75.0,622.3581,-22.5386,176.2461,552.448,75.0,71.9916,59.993,-3.3808,0.7842,0.0896,62.5,59.993,01LAH001
sp600_load075,57.7,response,600.0,75.0,622.1764,-22.3581,176.2462,552.4491,75.0,71.9712,59.976,-3.3537,0.7395,0.0903,62.5,59.976,01LAH001
sp600_load075,57.8,response,600.0,75.0,621.9935,-22.1764,176.2463,552.4501,75.0,71.9514,59.9595,-3.3265,0.6951,0.0909,62.5,59.9595,01LAH001
sp600_load075,57.9,response,600.0,75.0,621.8094,-21.9935,176.2464,552.4511,75.0,71.9323,59.9436,-3.299,0.6511,0.0915,62.5,59.9436,01LAH001
sp600_load075,58.0,response,600.0,75.0,621.6243,-21.8094,176.2465,552.452,75.0,71.9137,59.9281,-3.2714,0.6075,0.092,62.5,59.9281,01LAH001
sp600_load075,58.1,response,600.0,75.0,621.438,-21.6243,176.2467,552.453,75.0,71.8958,59.9132,-3.2436,0.5643,0.0926,62.5,59.9132,01LAH001
sp600_load075,58.2,response,600.0,75.0,621.2507,-21.438,176.2468,552.4539,75.0,71.8786,59.8988,-3.2157,0.5214,0.0931,62.5,59.8988,01LAH001
sp600_load075,58.3,response,600.0,75.0,621.0624,-21.2507,176.2468,552.4549,75.0,71.8619,59.8849,-3.1876,0.4789,0.0936,62.5,59.8849,01LAH001
sp600_load075,58.4,response,600.0,75.0,620.8732,-21.0624,176.2469,552.4558,75.0,71.8458,59.8715,-3.1594,0.4368,0.0941,62.5,59.8715,01LAH001
sp600_load075,58.5,response,600.0,75.0,620.683,-20.8732,176.247,552.4567,75.0,71.8304,59.8587,-3.131,0.395,0.0946,62.5,59.8587,01LAH001
sp600_load075,58.6,response,600.0,75.0,620.4919,-20.683,176.2471,552.4575,75.0,71.8155,59.8463,-3.1025,0.3536,0.0951,62.5,59.8463,01LAH001
sp600_load075,58.7,response,600.0,75.0,620.3,-20.4919,176.2472,552.4584,75.0,71.8013,59.8344,-3.0738,0.3127,0.0955,62.5,59.8344,01LAH001
sp600_load075,58.8,response,600.0,75.0,620.1073,-20.3,176.2473,552.4592,75.0,71.7876,59.823,-3.045,0.2721,0.096,62.5,59.823,01LAH001
sp600_load075,58.9,response,600.0,75.0,619.9137,-20.1073,176.2474,552.46,75.0,71.7745,59.8121,-3.0161,0.2318,0.0964,62.5,59.8121,01LAH001
sp600_load075,59.0,response,600.0,75.0,619.7195,-19.9137,176.2475,552.4608,75.0,71.7621,59.8017,-2.9871,0.192,0.0968,62.5,59.8017,01LAH001
sp600_load075,59.1,response,600.0,75.0,619.5245,-19.7195,176.2475,552.4616,75.0,71.7502,59.7918,-2.9579,0.1526,0.0971,62.5,59.7918,01LAH001
sp600_load075,59.2,response,600.0,75.0,619.3288,-19.5245,176.2476,552.4624,75.0,71.7388,59.7823,-2.9287,0.1135,0.0975,62.5,59.7823,01LAH001
sp600_load075,59.3,response,600.0,75.0,619.1325,-19.3288,176.2477,552.4631,75.0,71.7281,59.7734,-2.8993,0.0749,0.0978,62.5,59.7734,01LAH001
sp600_load075,59.4,response,600.0,75.0,618.9356,-19.1325,176.2477,552.4639,75.0,71.7179,59.7649,-2.8699,0.0366,0.0982,62.5,59.7649,01LAH001
sp600_load075,59.5,response,600.0,75.0,618.7381,-18.9356,176.2478,552.4646,75.0,71.7082,59.7569,-2.8403,-0.0013,0.0985,62.5,59.7569,01LAH001
sp600_load075,59.6,response,600.0,75.0,618.54,-18.7381,176.2479,552.4653,75.0,71.6992,59.7493,-2.8107,-0.0387,0.0988,62.5,59.7493,01LAH001
sp600_load075,59.7,response,600.0,75.0,618.3414,-18.54,176.2479,552.466,75.0,71.6906,59.7422,-2.781,-0.0758,0.099,62.5,59.7422,01LAH001
sp600_load075,59.8,response,600.0,75.0,618.1424,-18.3414,176.248,552.4667,75.0,71.6827,59.7356,-2.7512,-0.1125,0.0993,62.5,59.7356,01LAH001
sp600_load075,59.9,response,600.0,75.0,617.9429,-18.1424,176.2481,552.4673,75.0,71.6752,59.7294,-2.7214,-0.1488,0.0995,62.5,59.7294,01LAH001
sp600_load075,60.0,response,600.0,75.0,617.743,-17.9429,176.2481,552.468,75.0,71.6684,59.7236,-2.6914,-0.1847,0.0997,62.5,59.7236,01LAH001
sp600_load100,0.1,baseline,500.0,60.0,500.0,0.0,165.0,540.04,60.0,60.0,50.0,0.0,0.0,0.0,50.0,50.0,
sp600_load100,0.2,baseline,500.0,60.0,500.0,0.0,165.0,540.0792,60.0,60.0,50.0,0.0,0.0,0.0,50.0,50.0,
sp600_load100,0.3,baseline,500.0,60.0,500.0,0.0,165.0,540.1176,60.0,60.0,50.0,0.0,0.0,0.0,50.0,50.0,
sp600_load100,0.4,baseline,500.0,60.0,500.0,0.0,165.0,540.1553,60.0,60.0,50.0,0.0,0.0,0.0,50.0,50.0,
sp600_load100,0.5,baseline,500.0,60.0,500.0,0.0,165.0,540.1922,60.0,60.0,50.0,0.0,0.0,0.0,50.0,50.0,
sp600_load100,0.6,baseline,500.0,60.0,500.0,0.0,165.0,540.2283,60.0,60.0,50.0,0.0,0.0,0.0,50.0,50.0,
sp600_load100,0.7,baseline,500.0,60.0,500.0,0.0,165.0,540.2637,60.0,60.0,50.0,0.0,0.0,0.0,50.0,50.0,
sp600_load100,0.8,baseline,500.0,60.0,500.0,0.0,165.0,540.2985,60.0,60.0,50.0,0.0,0.0,0.0,50.0,50.0,
sp600_load100,0.9,baseline,500.0,60.0,500.0,0.0,165.0,540.3325,60.0,60.0,50.0,0.0,0.0,0.0,50.0,50.0,
sp600_load100,1.0,baseline,500.0,60.0,500.0,0.0,165.0,540.3659,60.0,60.0,50.0,0.0,0.0,0.0,50.0,50.0,
sp600_load100,1.1,baseline,500.0,60.0,500.0,0.0,165.0,540.3985,60.0,60.0,50.0,0.0,0.0,0.0,50.0,50.0,
sp600_load100,1.2,baseline,500.0,60.0,500.0,0.0,165.0,540.4306,60.0,60.0,50.0,0.0,0.0,0.0,50.0,50.0,
sp600_load100,1.3,baseline,500.0,60.0,500.0,0.0,165.0,540.462,60.0,60.0,50.0,0.0,0.0,0.0,50.0,50.0,
sp600_load100,1.4,baseline,500.0,60.0,500.0,0.0,165.0,540.4927,60.0,60.0,50.0,0.0,0.0,0.0,50.0,50.0,
sp600_load100,1.5,baseline,500.0,60.0,500.0,0.0,165.0,540.5229,60.0,60.0,50.0,0.0,0.0,0.0,50.0,50.0,
sp600_load100,1.6,baseline,500.0,60.0,500.0,0.0,165.0,540.5524,60.0,60.0,50.0,0.0,0.0,0.0,50.0,50.0,
sp600_load100,1.7,baseline,500.0,60.0,500.0,0.0,165.0,540.5814,60.0,60.0,50.0,0.0,0.0,0.0,50.0,50.0,
sp600_load100,1.8,baseline,500.0,60.0,500.0,0.0,165.0,540.6097,60.0,60.0,50.0,0.0,0.0,0.0,50.0,50.0,
sp600_load100,1.9,baseline,500.0,60.0,500.0,0.0,165.0,540.6375,60.0,60.0,50.0,0.0,0.0,0.0,50.0,50.0,
sp600_load100,2.0,baseline,500.0,60.0,500.0,0.0,165.0,540.6648,60.0,60.0,50.0,0.0,0.0,0.0,50.0,50.0,
sp600_load100,2.1,baseline,500.0,60.0,500.0,0.0,165.0,540.6915,60.0,60.0,50.0,0.0,0.0,0.0,50.0,50.0,
sp600_load100,2.2,baseline,500.0,60.0,500.0,0.0,165.0,540.7177,60.0,60.0,50.0,0.0,0.0,0.0,50.0,50.0,
sp600_load100,2.3,baseline,500.0,60.0,500.0,0.0,165.0,540.7433,60.0,60.0,50.0,0.0,0.0,0.0,50.0,50.0,
sp600_load100,2.4,baseline,500.0,60.0,500.0,0.0,165.0,540.7684,60.0,60.0,50.0,0.0,0.0,0.0,50.0,50.0,
sp600_load100,2.5,baseline,500.0,60.0,500.0,0.0,165.0,540.7931,60.0,60.0,50.0,0.0,0.0,0.0,50.0,50.0,
sp600_load100,2.6,baseline,500.0,60.0,500.0,0.0,165.0,540.8172,60.0,60.0,50.0,0.0,0.0,0.0,50.0,50.0,
sp600_load100,2.7,baseline,500.0,60.0,500.0,0.0,165.0,540.8409,60.0,60.0,50.0,0.0,0.0,0.0,50.0,50.0,
sp600_load100,2.8,baseline,500.0,60.0,500.0,0.0,165.0,540.864,60.0,60.0,50.0,0.0,0.0,0.0,50.0,50.0,
sp600_load100,2.9,baseline,500.0,60.0,500.0,0.0,165.0,540.8868,60.0,60.0,50.0,0.0,0.0,0.0,50.0,50.0,
sp600_load100,3.0,baseline,500.0,60.0,500.0,0.0,165.0,540.909,60.0,60.0,50.0,0.0,0.0,0.0,50.0,50.0,
sp600_load100,3.1,baseline,500.0,60.0,500.0,0.0,165.0,540.9309,60.0,60.0,50.0,0.0,0.0,0.0,50.0,50.0,
sp600_load100,3.2,baseline,500.0,60.0,500.0,0.0,165.0,540.9522,60.0,60.0,50.0,0.0,0.0,0.0,50.0,50.0,
sp600_load100,3.3,baseline,500.0,60.0,500.0,0.0,165.0,540.9732,60.0,60.0,50.0,0.0,0.0,0.0,50.0,50.0,
sp600_load100,3.4,baseline,500.0,60.0,500.0,0.0,165.0,540.9937,60.0,60.0,50.0,0.0,0.0,0.0,50.0,50.0,
sp600_load100,3.5,baseline,500.0,60.0,500.0,0.0,165.0,541.0139,60.0,60.0,50.0,0.0,0.0,0.0,50.0,50.0,
sp600_load100,3.6,baseline,500.0,60.0,500.0,0.0,165.0,541.0336,60.0,60.0,50.0,0.0,0.0,0.0,50.0,50.0,
sp600_load100,3.7,baseline,500.0,60.0,500.0,0.0,165.0,541.0529,60.0,60.0,50.0,0.0,0.0,0.0,50.0,50.0,
sp600_load100,3.8,baseline,500.0,60.0,500.0,0.0,165.0,541.0718,60.0,60.0,50.0,0.0,0.0,0.0,50.0,50.0,
sp600_load100,3.9,baseline,500.0,60.0,500.0,0.0,165.0,541.0904,60.0,60.0,50.0,0.0,0.0,0.0,50.0,50.0,
sp600_load100,4.0,baseline,500.0,60.0,500.0,0.0,165.0,541.1086,60.0,60.0,50.0,0.0,0.0,0.0,50.0,50.0,
sp600_load100,4.1,baseline,500.0,60.0,500.0,0.0,165.0,541.1264,60.0,60.0,50.0,0.0,0.0,0.0,50.0,50.0,
sp600_load100,4.2,baseline,500.0,60.0,500.0,0.0,165.0,541.1439,60.0,60.0,50.0,0.0,0.0,0.0,50.0,50.0,
sp600_load100,4.3,baseline,500.0,60.0,500.0,0.0,165.0,541.161,60.0,60.0,50.0,0.0,0.0,0.0,50.0,50.0,
sp600_load100,4.4,baseline,500.0,60.0,500.0,0.0,165.0,541.1778,60.0,60.0,50.0,0.0,0.0,0.0,50.0,50.0,
sp600_load100,4.5,baseline,500.0,60.0,500.0,0.0,165.0,541.1942,60.0,60.0,50.0,0.0,0.0,0.0,50.0,50.0,
sp600_load100,4.6,baseline,500.0,60.0,500.0,0.0,165.0,541.2104,60.0,60.0,50.0,0.0,0.0,0.0,50.0,50.0,
sp600_load100,4.7,baseline,500.0,60.0,500.0,0.0,165.0,541.2262,60.0,60.0,50.0,0.0,0.0,0.0,50.0,50.0,
sp600_load100,4.8,baseline,500.0,60.0,500.0,0.0,165.0,541.2416,60.0,60.0,50.0,0.0,0.0,0.0,50.0,50.0,
sp600_load100,4.9,baseline,500.0,60.0,500.0,0.0,165.0,541.2568,60.0,60.0,50.0,0.0,0.0,0.0,50.0,50.0,
sp600_load100,5.0,baseline,500.0,60.0,500.0,0.0,165.0,541.2717,60.0,60.0,50.0,0.0,0.0,0.0,50.0,50.0,
sp600_load100,5.1,baseline,500.0,60.0,500.0,0.0,165.0,541.2862,60.0,60.0,50.0,0.0,0.0,0.0,50.0,50.0,
sp600_load100,5.2,baseline,500.0,60.0,500.0,0.0,165.0,541.3005,60.0,60.0,50.0,0.0,0.0,0.0,50.0,50.0,
sp600_load100,5.3,baseline,500.0,60.0,500.0,0.0,165.0,541.3145,60.0,60.0,50.0,0.0,0.0,0.0,50.0,50.0,
sp600_load100,5.4,baseline,500.0,60.0,500.0,0.0,165.0,541.3282,60.0,60.0,50.0,0.0,0.0,0.0,50.0,50.0,
sp600_load100,5.5,baseline,500.0,60.0,500.0,0.0,165.0,541.3416,60.0,60.0,50.0,0.0,0.0,0.0,50.0,50.0,
sp600_load100,5.6,baseline,500.0,60.0,500.0,0.0,165.0,541.3548,60.0,60.0,50.0,0.0,0.0,0.0,50.0,50.0,
sp600_load100,5.7,baseline,500.0,60.0,500.0,0.0,165.0,541.3677,60.0,60.0,50.0,0.0,0.0,0.0,50.0,50.0,
sp600_load100,5.8,baseline,500.0,60.0,500.0,0.0,165.0,541.3804,60.0,60.0,50.0,0.0,0.0,0.0,50.0,50.0,
sp600_load100,5.9,baseline,500.0,60.0,500.0,0.0,165.0,541.3927,60.0,60.0,50.0,0.0,0.0,0.0,50.0,50.0,
sp600_load100,6.0,baseline,500.0,60.0,500.0,0.0,165.0,541.4049,60.0,60.0,50.0,0.0,0.0,0.0,50.0,50.0,
sp600_load100,6.1,baseline,500.0,60.0,500.0,0.0,165.0,541.4168,60.0,60.0,50.0,0.0,0.0,0.0,50.0,50.0,
sp600_load100,6.2,baseline,500.0,60.0,500.0,0.0,165.0,541.4285,60.0,60.0,50.0,0.0,0.0,0.0,50.0,50.0,
sp600_load100,6.3,baseline,500.0,60.0,500.0,0.0,165.0,541.4399,60.0,60.0,50.0,0.0,0.0,0.0,50.0,50.0,
sp600_load100,6.4,baseline,500.0,60.0,500.0,0.0,165.0,541.4511,60.0,60.0,50.0,0.0,0.0,0.0,50.0,50.0,
sp600_load100,6.5,baseline,500.0,60.0,500.0,0.0,165.0,541.4621,60.0,60.0,50.0,0.0,0.0,0.0,50.0,50.0,
sp600_load100,6.6,baseline,500.0,60.0,500.0,0.0,165.0,541.4728,60.0,60.0,50.0,0.0,0.0,0.0,50.0,50.0,
sp600_load100,6.7,baseline,500.0,60.0,500.0,0.0,165.0,541.4834,60.0,60.0,50.0,0.0,0.0,0.0,50.0,50.0,
sp600_load100,6.8,baseline,500.0,60.0,500.0,0.0,165.0,541.4937,60.0,60.0,50.0,0.0,0.0,0.0,50.0,50.0,
sp600_load100,6.9,baseline,500.0,60.0,500.0,0.0,165.0,541.5038,60.0,60.0,50.0,0.0,0.0,0.0,50.0,50.0,
sp600_load100,7.0,baseline,500.0,60.0,500.0,0.0,165.0,541.5138,60.0,60.0,50.0,0.0,0.0,0.0,50.0,50.0,
sp600_load100,7.1,baseline,500.0,60.0,500.0,0.0,165.0,541.5235,60.0,60.0,50.0,0.0,0.0,0.0,50.0,50.0,
sp600_load100,7.2,baseline,500.0,60.0,500.0,0.0,165.0,541.533,60.0,60.0,50.0,0.0,0.0,0.0,50.0,50.0,
sp600_load100,7.3,baseline,500.0,60.0,500.0,0.0,165.0,541.5423,60.0,60.0,50.0,0.0,0.0,0.0,50.0,50.0,
sp600_load100,7.4,baseline,500.0,60.0,500.0,0.0,165.0,541.5515,60.0,60.0,50.0,0.0,0.0,0.0,50.0,50.0,
sp600_load100,7.5,baseline,500.0,60.0,500.0,0.0,165.0,541.5605,60.0,60.0,50.0,0.0,0.0,0.0,50.0,50.0,
sp600_load100,7.6,baseline,500.0,60.0,500.0,0.0,165.0,541.5693,60.0,60.0,50.0,0.0,0.0,0.0,50.0,50.0,
sp600_load100,7.7,baseline,500.0,60.0,500.0,0.0,165.0,541.5779,60.0,60.0,50.0,0.0,0.0,0.0,50.0,50.0,
sp600_load100,7.8,baseline,500.0,60.0,500.0,0.0,165.0,541.5863,60.0,60.0,50.0,0.0,0.0,0.0,50.0,50.0,
sp600_load100,7.9,baseline,500.0,60.0,500.0,0.0,165.0,541.5946,60.0,60.0,50.0,0.0,0.0,0.0,50.0,50.0,
sp600_load100,8.0,baseline,500.0,60.0,500.0,0.0,165.0,541.6027,60.0,60.0,50.0,0.0,0.0,0.0,50.0,50.0,
sp600_load100,8.1,baseline,500.0,60.0,500.0,0.0,165.0,541.6106,60.0,60.0,50.0,0.0,0.0,0.0,50.0,50.0,
sp600_load100,8.2,baseline,500.0,60.0,500.0,0.0,165.0,541.6184,60.0,60.0,50.0,0.0,0.0,0.0,50.0,50.0,
sp600_load100,8.3,baseline,500.0,60.0,500.0,0.0,165.0,541.6261,60.0,60.0,50.0,0.0,0.0,0.0,50.0,50.0,
sp600_load100,8.4,baseline,500.0,60.0,500.0,0.0,165.0,541.6335,60.0,60.0,50.0,0.0,0.0,0.0,50.0,50.0,
sp600_load100,8.5,baseline,500.0,60.0,500.0,0.0,165.0,541.6409,60.0,60.0,50.0,0.0,0.0,0.0,50.0,50.0,
sp600_load100,8.6,baseline,500.0,60.0,500.0,0.0,165.0,541.6481,60.0,60.0,50.0,0.0,0.0,0.0,50.0,50.0,
sp600_load100,8.7,baseline,500.0,60.0,500.0,0.0,165.0,541.6551,60.0,60.0,50.0,0.0,0.0,0.0,50.0,50.0,
sp600_load100,8.8,baseline,500.0,60.0,500.0,0.0,165.0,541.662,60.0,60.0,50.0,0.0,0.0,0.0,50.0,50.0,
sp600_load100,8.9,baseline,500.0,60.0,500.0,0.0,165.0,541.6688,60.0,60.0,50.0,0.0,0.0,0.0,50.0,50.0,
sp600_load100,9.0,baseline,500.0,60.0,500.0,0.0,165.0,541.6754,60.0,60.0,50.0,0.0,0.0,0.0,50.0,50.0,
sp600_load100,9.1,baseline,500.0,60.0,500.0,0.0,165.0,541.6819,60.0,60.0,50.0,0.0,0.0,0.0,50.0,50.0,
sp600_load100,9.2,baseline,500.0,60.0,500.0,0.0,165.0,541.6882,60.0,60.0,50.0,0.0,0.0,0.0,50.0,50.0,
sp600_load100,9.3,baseline,500.0,60.0,500.0,0.0,165.0,541.6945,60.0,60.0,50.0,0.0,0.0,0.0,50.0,50.0,
sp600_load100,9.4,baseline,500.0,60.0,500.0,0.0,165.0,541.7006,60.0,60.0,50.0,0.0,0.0,0.0,50.0,50.0,
sp600_load100,9.5,baseline,500.0,60.0,500.0,0.0,165.0,541.7066,60.0,60.0,50.0,0.0,0.0,0.0,50.0,50.0,
sp600_load100,9.6,baseline,500.0,60.0,500.0,0.0,165.0,541.7124,60.0,60.0,50.0,0.0,0.0,0.0,50.0,50.0,
sp600_load100,9.7,baseline,500.0,60.0,500.0,0.0,165.0,541.7182,60.0,60.0,50.0,0.0,0.0,0.0,50.0,50.0,
sp600_load100,9.8,baseline,500.0,60.0,500.0,0.0,165.0,541.7238,60.0,60.0,50.0,0.0,0.0,0.0,50.0,50.0,
sp600_load100,9.9,baseline,500.0,60.0,500.0,0.0,165.0,541.7293,60.0,60.0,50.0,0.0,0.0,0.0,50.0,50.0,
sp600_load100,10.0,baseline,500.0,60.0,500.0,0.0,165.0,541.7348,60.0,60.0,50.0,0.0,0.0,0.0,50.0,50.0,
sp600_load100,10.1,baseline,500.0,60.0,500.0,0.0,165.0,541.7401,60.0,60.0,50.0,0.0,0.0,0.0,50.0,50.0,
sp600_load100,10.2,baseline,500.0,60.0,500.0,0.0,165.0,541.7453,60.0,60.0,50.0,0.0,0.0,0.0,50.0,50.0,
sp600_load100,10.3,baseline,500.0,60.0,500.0,0.0,165.0,541.7504,60.0,60.0,50.0,0.0,0.0,0.0,50.0,50.0,
sp600_load100,10.4,baseline,500.0,60.0,500.0,0.0,165.0,541.7554,60.0,60.0,50.0,0.0,0.0,0.0,50.0,50.0,
sp600_load100,10.5,baseline,500.0,60.0,500.0,0.0,165.0,541.7602,60.0,60.0,50.0,0.0,0.0,0.0,50.0,50.0,
sp600_load100,10.6,baseline,500.0,60.0,500.0,0.0,165.0,541.765,60.0,60.0,50.0,0.0,0.0,0.0,50.0,50.0,
sp600_load100,10.7,baseline,500.0,60.0,500.0,0.0,165.0,541.7697,60.0,60.0,50.0,0.0,0.0,0.0,50.0,50.0,
sp600_load100,10.8,baseline,500.0,60.0,500.0,0.0,165.0,541.7743,60.0,60.0,50.0,0.0,0.0,0.0,50.0,50.0,
sp600_load100,10.9,baseline,500.0,60.0,500.0,0.0,165.0,541.7789,60.0,60.0,50.0,0.0,0.0,0.0,50.0,50.0,
sp600_load100,11.0,baseline,500.0,60.0,500.0,0.0,165.0,541.7833,60.0,60.0,50.0,0.0,0.0,0.0,50.0,50.0,
sp600_load100,11.1,baseline,500.0,60.0,500.0,0.0,165.0,541.7876,60.0,60.0,50.0,0.0,0.0,0.0,50.0,50.0,
sp600_load100,11.2,baseline,500.0,60.0,500.0,0.0,165.0,541.7919,60.0,60.0,50.0,0.0,0.0,0.0,50.0,50.0,
sp600_load100,11.3,baseline,500.0,60.0,500.0,0.0,165.0,541.796,60.0,60.0,50.0,0.0,0.0,0.0,50.0,50.0,
sp600_load100,11.4,baseline,500.0,60.0,500.0,0.0,165.0,541.8001,60.0,60.0,50.0,0.0,0.0,0.0,50.0,50.0,
sp600_load100,11.5,baseline,500.0,60.0,500.0,0.0,165.0,541.8041,60.0,60.0,50.0,0.0,0.0,0.0,50.0,50.0,
sp600_load100,11.6,baseline,500.0,60.0,500.0,0.0,165.0,541.808,60.0,60.0,50.0,0.0,0.0,0.0,50.0,50.0,
sp600_load100,11.7,baseline,500.0,60.0,500.0,0.0,165.0,541.8119,60.0,60.0,50.0,0.0,0.0,0.0,50.0,50.0,
sp600_load100,11.8,baseline,500.0,60.0,500.0,0.0,165.0,541.8156,60.0,60.0,50.0,0.0,0.0,0.0,50.0,50.0,
sp600_load100,11.9,baseline,500.0,60.0,500.0,0.0,165.0,541.8193,60.0,60.0,50.0,0.0,0.0,0.0,50.0,50.0,
sp600_load100,12.0,baseline,500.0,60.0,500.0,0.0,165.0,541.8229,60.0,60.0,50.0,0.0,0.0,0.0,50.0,50.0,
sp600_load100,12.1,baseline,500.0,60.0,500.0,0.0,165.0,541.8265,60.0,60.0,50.0,0.0,0.0,0.0,50.0,50.0,
sp600_load100,12.2,baseline,500.0,60.0,500.0,0.0,165.0,541.8299,60.0,60.0,50.0,0.0,0.0,0.0,50.0,50.0,
sp600_load100,12.3,baseline,500.0,60.0,500.0,0.0,165.0,541.8333,60.0,60.0,50.0,0.0,0.0,0.0,50.0,50.0,
sp600_load100,12.4,baseline,500.0,60.0,500.0,0.0,165.0,541.8367,60.0,60.0,50.0,0.0,0.0,0.0,50.0,50.0,
sp600_load100,12.5,baseline,500.0,60.0,500.0,0.0,165.0,541.8399,60.0,60.0,50.0,0.0,0.0,0.0,50.0,50.0,
sp600_load100,12.6,baseline,500.0,60.0,500.0,0.0,165.0,541.8431,60.0,60.0,50.0,0.0,0.0,0.0,50.0,50.0,
sp600_load100,12.7,baseline,500.0,60.0,500.0,0.0,165.0,541.8463,60.0,60.0,50.0,0.0,0.0,0.0,50.0,50.0,
sp600_load100,12.8,baseline,500.0,60.0,500.0,0.0,165.0,541.8494,60.0,60.0,50.0,0.0,0.0,0.0,50.0,50.0,
sp600_load100,12.9,baseline,500.0,60.0,500.0,0.0,165.0,541.8524,60.0,60.0,50.0,0.0,0.0,0.0,50.0,50.0,
sp600_load100,13.0,baseline,500.0,60.0,500.0,0.0,165.0,541.8553,60.0,60.0,50.0,0.0,0.0,0.0,50.0,50.0,
sp600_load100,13.1,baseline,500.0,60.0,500.0,0.0,165.0,541.8582,60.0,60.0,50.0,0.0,0.0,0.0,50.0,50.0,
sp600_load100,13.2,baseline,500.0,60.0,500.0,0.0,165.0,541.861,60.0,60.0,50.0,0.0,0.0,0.0,50.0,50.0,
sp600_load100,13.3,baseline,500.0,60.0,500.0,0.0,165.0,541.8638,60.0,60.0,50.0,0.0,0.0,0.0,50.0,50.0,
sp600_load100,13.4,baseline,500.0,60.0,500.0,0.0,165.0,541.8665,60.0,60.0,50.0,0.0,0.0,0.0,50.0,50.0,
sp600_load100,13.5,baseline,500.0,60.0,500.0,0.0,165.0,541.8692,60.0,60.0,50.0,0.0,0.0,0.0,50.0,50.0,
sp600_load100,13.6,baseline,500.0,60.0,500.0,0.0,165.0,541.8718,60.0,60.0,50.0,0.0,0.0,0.0,50.0,50.0,
sp600_load100,13.7,baseline,500.0,60.0,500.0,0.0,165.0,541.8744,60.0,60.0,50.0,0.0,0.0,0.0,50.0,50.0,
sp600_load100,13.8,baseline,500.0,60.0,500.0,0.0,165.0,541.8769,60.0,60.0,50.0,0.0,0.0,0.0,50.0,50.0,
sp600_load100,13.9,baseline,500.0,60.0,500.0,0.0,165.0,541.8794,60.0,60.0,50.0,0.0,0.0,0.0,50.0,50.0,
sp600_load100,14.0,baseline,500.0,60.0,500.0,0.0,165.0,541.8818,60.0,60.0,50.0,0.0,0.0,0.0,50.0,50.0,
sp600_load100,14.1,baseline,500.0,60.0,500.0,0.0,165.0,541.8841,60.0,60.0,50.0,0.0,0.0,0.0,50.0,50.0,
sp600_load100,14.2,baseline,500.0,60.0,500.0,0.0,165.0,541.8865,60.0,60.0,50.0,0.0,0.0,0.0,50.0,50.0,
sp600_load100,14.3,baseline,500.0,60.0,500.0,0.0,165.0,541.8887,60.0,60.0,50.0,0.0,0.0,0.0,50.0,50.0,
sp600_load100,14.4,baseline,500.0,60.0,500.0,0.0,165.0,541.891,60.0,60.0,50.0,0.0,0.0,0.0,50.0,50.0,
sp600_load100,14.5,baseline,500.0,60.0,500.0,0.0,165.0,541.8931,60.0,60.0,50.0,0.0,0.0,0.0,50.0,50.0,
sp600_load100,14.6,baseline,500.0,60.0,500.0,0.0,165.0,541.8953,60.0,60.0,50.0,0.0,0.0,0.0,50.0,50.0,
sp600_load100,14.7,baseline,500.0,60.0,500.0,0.0,165.0,541.8974,60.0,60.0,50.0,0.0,0.0,0.0,50.0,50.0,
sp600_load100,14.8,baseline,500.0,60.0,500.0,0.0,165.0,541.8994,60.0,60.0,50.0,0.0,0.0,0.0,50.0,50.0,
sp600_load100,14.9,baseline,500.0,60.0,500.0,0.0,165.0,541.9014,60.0,60.0,50.0,0.0,0.0,0.0,50.0,50.0,
sp600_load100,15.0,baseline,500.0,60.0,500.0,0.0,165.0,541.9034,60.0,60.0,50.0,0.0,0.0,0.0,50.0,50.0,
sp600_load100,15.1,baseline,500.0,60.0,500.0,0.0,165.0,541.9053,60.0,60.0,50.0,0.0,0.0,0.0,50.0,50.0,
sp600_load100,15.2,baseline,500.0,60.0,500.0,0.0,165.0,541.9072,60.0,60.0,50.0,0.0,0.0,0.0,50.0,50.0,
sp600_load100,15.3,baseline,500.0,60.0,500.0,0.0,165.0,541.9091,60.0,60.0,50.0,0.0,0.0,0.0,50.0,50.0,
sp600_load100,15.4,baseline,500.0,60.0,500.0,0.0,165.0,541.9109,60.0,60.0,50.0,0.0,0.0,0.0,50.0,50.0,
sp600_load100,15.5,baseline,500.0,60.0,500.0,0.0,165.0,541.9127,60.0,60.0,50.0,0.0,0.0,0.0,50.0,50.0,
sp600_load100,15.6,baseline,500.0,60.0,500.0,0.0,165.0,541.9144,60.0,60.0,50.0,0.0,0.0,0.0,50.0,50.0,
sp600_load100,15.7,baseline,500.0,60.0,500.0,0.0,165.0,541.9161,60.0,60.0,50.0,0.0,0.0,0.0,50.0,50.0,
sp600_load100,15.8,baseline,500.0,60.0,500.0,0.0,165.0,541.9178,60.0,60.0,50.0,0.0,0.0,0.0,50.0,50.0,
sp600_load100,15.9,baseline,500.0,60.0,500.0,0.0,165.0,541.9195,60.0,60.0,50.0,0.0,0.0,0.0,50.0,50.0,
sp600_load100,16.0,baseline,500.0,60.0,500.0,0.0,165.0,541.9211,60.0,60.0,50.0,0.0,0.0,0.0,50.0,50.0,
sp600_load100,16.1,baseline,500.0,60.0,500.0,0.0,165.0,541.9227,60.0,60.0,50.0,0.0,0.0,0.0,50.0,50.0,
sp600_load100,16.2,baseline,500.0,60.0,500.0,0.0,165.0,541.9242,60.0,60.0,50.0,0.0,0.0,0.0,50.0,50.0,
sp600_load100,16.3,baseline,500.0,60.0,500.0,0.0,165.0,541.9257,60.0,60.0,50.0,0.0,0.0,0.0,50.0,50.0,
sp600_load100,16.4,baseline,500.0,60.0,500.0,0.0,165.0,541.9272,60.0,60.0,50.0,0.0,0.0,0.0,50.0,50.0,
sp600_load100,16.5,baseline,500.0,60.0,500.0,0.0,165.0,541.9287,60.0,60.0,50.0,0.0,0.0,0.0,50.0,50.0,
sp600_load100,16.6,baseline,500.0,60.0,500.0,0.0,165.0,541.9301,60.0,60.0,50.0,0.0,0.0,0.0,50.0,50.0,
sp600_load100,16.7,baseline,500.0,60.0,500.0,0.0,165.0,541.9315,60.0,60.0,50.0,0.0,0.0,0.0,50.0,50.0,
sp600_load100,16.8,baseline,500.0,60.0,500.0,0.0,165.0,541.9329,60.0,60.0,50.0,0.0,0.0,0.0,50.0,50.0,
sp600_load100,16.9,baseline,500.0,60.0,500.0,0.0,165.0,541.9342,60.0,60.0,50.0,0.0,0.0,0.0,50.0,50.0,
sp600_load100,17.0,baseline,500.0,60.0,500.0,0.0,165.0,541.9355,60.0,60.0,50.0,0.0,0.0,0.0,50.0,50.0,
sp600_load100,17.1,baseline,500.0,60.0,500.0,0.0,165.0,541.9368,60.0,60.0,50.0,0.0,0.0,0.0,50.0,50.0,
sp600_load100,17.2,baseline,500.0,60.0,500.0,0.0,165.0,541.9381,60.0,60.0,50.0,0.0,0.0,0.0,50.0,50.0,
sp600_load100,17.3,baseline,500.0,60.0,500.0,0.0,165.0,541.9393,60.0,60.0,50.0,0.0,0.0,0.0,50.0,50.0,
sp600_load100,17.4,baseline,500.0,60.0,500.0,0.0,165.0,541.9405,60.0,60.0,50.0,0.0,0.0,0.0,50.0,50.0,
sp600_load100,17.5,baseline,500.0,60.0,500.0,0.0,165.0,541.9417,60.0,60.0,50.0,0.0,0.0,0.0,50.0,50.0,
sp600_load100,17.6,baseline,500.0,60.0,500.0,0.0,165.0,541.9429,60.0,60.0,50.0,0.0,0.0,0.0,50.0,50.0,
sp600_load100,17.7,baseline,500.0,60.0,500.0,0.0,165.0,541.944,60.0,60.0,50.0,0.0,0.0,0.0,50.0,50.0,
sp600_load100,17.8,baseline,500.0,60.0,500.0,0.0,165.0,541.9451,60.0,60.0,50.0,0.0,0.0,0.0,50.0,50.0,
sp600_load100,17.9,baseline,500.0,60.0,500.0,0.0,165.0,541.9462,60.0,60.0,50.0,0.0,0.0,0.0,50.0,50.0,
sp600_load100,18.0,baseline,500.0,60.0,500.0,0.0,165.0,541.9473,60.0,60.0,50.0,0.0,0.0,0.0,50.0,50.0,
sp600_load100,18.1,baseline,500.0,60.0,500.0,0.0,165.0,541.9484,60.0,60.0,50.0,0.0,0.0,0.0,50.0,50.0,
sp600_load100,18.2,baseline,500.0,60.0,500.0,0.0,165.0,541.9494,60.0,60.0,50.0,0.0,0.0,0.0,50.0,50.0,
sp600_load100,18.3,baseline,500.0,60.0,500.0,0.0,165.0,541.9504,60.0,60.0,50.0,0.0,0.0,0.0,50.0,50.0,
sp600_load100,18.4,baseline,500.0,60.0,500.0,0.0,165.0,541.9514,60.0,60.0,50.0,0.0,0.0,0.0,50.0,50.0,
sp600_load100,18.5,baseline,500.0,60.0,500.0,0.0,165.0,541.9524,60.0,60.0,50.0,0.0,0.0,0.0,50.0,50.0,
sp600_load100,18.6,baseline,500.0,60.0,500.0,0.0,165.0,541.9533,60.0,60.0,50.0,0.0,0.0,0.0,50.0,50.0,
sp600_load100,18.7,baseline,500.0,60.0,500.0,0.0,165.0,541.9543,60.0,60.0,50.0,0.0,0.0,0.0,50.0,50.0,
sp600_load100,18.8,baseline,500.0,60.0,500.0,0.0,165.0,541.9552,60.0,60.0,50.0,0.0,0.0,0.0,50.0,50.0,
sp600_load100,18.9,baseline,500.0,60.0,500.0,0.0,165.0,541.9561,60.0,60.0,50.0,0.0,0.0,0.0,50.0,50.0,
sp600_load100,19.0,baseline,500.0,60.0,500.0,0.0,165.0,541.9569,60.0,60.0,50.0,0.0,0.0,0.0,50.0,50.0,
sp600_load100,19.1,baseline,500.0,60.0,500.0,0.0,165.0,541.9578,60.0,60.0,50.0,0.0,0.0,0.0,50.0,50.0,
sp600_load100,19.2,baseline,500.0,60.0,500.0,0.0,165.0,541.9587,60.0,60.0,50.0,0.0,0.0,0.0,50.0,50.0,
sp600_load100,19.3,baseline,500.0,60.0,500.0,0.0,165.0,541.9595,60.0,60.0,50.0,0.0,0.0,0.0,50.0,50.0,
sp600_load100,19.4,baseline,500.0,60.0,500.0,0.0,165.0,541.9603,60.0,60.0,50.0,0.0,0.0,0.0,50.0,50.0,
sp600_load100,19.5,baseline,500.0,60.0,500.0,0.0,165.0,541.9611,60.0,60.0,50.0,0.0,0.0,0.0,50.0,50.0,
sp600_load100,19.6,baseline,500.0,60.0,500.0,0.0,165.0,541.9619,60.0,60.0,50.0,0.0,0.0,0.0,50.0,50.0,
sp600_load100,19.7,baseline,500.0,60.0,500.0,0.0,165.0,541.9626,60.0,60.0,50.0,0.0,0.0,0.0,50.0,50.0,
sp600_load100,19.8,baseline,500.0,60.0,500.0,0.0,165.0,541.9634,60.0,60.0,50.0,0.0,0.0,0.0,50.0,50.0,
sp600_load100,19.9,baseline,500.0,60.0,500.0,0.0,165.0,541.9641,60.0,60.0,50.0,0.0,0.0,0.0,50.0,50.0,
sp600_load100,20.0,baseline,500.0,60.0,500.0,0.0,165.0,541.9648,60.0,60.0,50.0,0.0,0.0,0.0,50.0,50.0,
sp600_load100,20.1,baseline,500.0,60.0,500.0,0.0,165.0,541.9655,60.0,60.0,50.0,0.0,0.0,0.0,50.0,50.0,
sp600_load100,20.2,baseline,500.0,60.0,500.0,0.0,165.0,541.9662,60.0,60.0,50.0,0.0,0.0,0.0,50.0,50.0,
sp600_load100,20.3,baseline,500.0,60.0,500.0,0.0,165.0,541.9669,60.0,60.0,50.0,0.0,0.0,0.0,50.0,50.0,
sp600_load100,20.4,baseline,500.0,60.0,500.0,0.0,165.0,541.9676,60.0,60.0,50.0,0.0,0.0,0.0,50.0,50.0,
sp600_load100,20.5,baseline,500.0,60.0,500.0,0.0,165.0,541.9682,60.0,60.0,50.0,0.0,0.0,0.0,50.0,50.0,
sp600_load100,20.6,baseline,500.0,60.0,500.0,0.0,165.0,541.9688,60.0,60.0,50.0,0.0,0.0,0.0,50.0,50.0,
sp600_load100,20.7,baseline,500.0,60.0,500.0,0.0,165.0,541.9695,60.0,60.0,50.0,0.0,0.0,0.0,50.0,50.0,
sp600_load100,20.8,baseline,500.0,60.0,500.0,0.0,165.0,541.9701,60.0,60.0,50.0,0.0,0.0,0.0,50.0,50.0,
sp600_load100,20.9,baseline,500.0,60.0,500.0,0.0,165.0,541.9707,60.0,60.0,50.0,0.0,0.0,0.0,50.0,50.0,
sp600_load100,21.0,baseline,500.0,60.0,500.0,0.0,165.0,541.9713,60.0,60.0,50.0,0.0,0.0,0.0,50.0,50.0,
sp600_load100,21.1,baseline,500.0,60.0,500.0,0.0,165.0,541.9718,60.0,60.0,50.0,0.0,0.0,0.0,50.0,50.0,
sp600_load100,21.2,baseline,500.0,60.0,500.0,0.0,165.0,541.9724,60.0,60.0,50.0,0.0,0.0,0.0,50.0,50.0,
sp600_load100,21.3,baseline,500.0,60.0,500.0,0.0,165.0,541.9729,60.0,60.0,50.0,0.0,0.0,0.0,50.0,50.0,
sp600_load100,21.4,baseline,500.0,60.0,500.0,0.0,165.0,541.9735,60.0,60.0,50.0,0.0,0.0,0.0,50.0,50.0,
sp600_load100,21.5,baseline,500.0,60.0,500.0,0.0,165.0,541.974,60.0,60.0,50.0,0.0,0.0,0.0,50.0,50.0,
sp600_load100,21.6,baseline,500.0,60.0,500.0,0.0,165.0,541.9745,60.0,60.0,50.0,0.0,0.0,0.0,50.0,50.0,
sp600_load100,21.7,baseline,500.0,60.0,500.0,0.0,165.0,541.975,60.0,60.0,50.0,0.0,0.0,0.0,50.0,50.0,
sp600_load100,21.8,baseline,500.0,60.0,500.0,0.0,165.0,541.9755,60.0,60.0,50.0,0.0,0.0,0.0,50.0,50.0,
sp600_load100,21.9,baseline,500.0,60.0,500.0,0.0,165.0,541.976,60.0,60.0,50.0,0.0,0.0,0.0,50.0,50.0,
sp600_load100,22.0,baseline,500.0,60.0,500.0,0.0,165.0,541.9765,60.0,60.0,50.0,0.0,0.0,0.0,50.0,50.0,
sp600_load100,22.1,baseline,500.0,60.0,500.0,0.0,165.0,541.977,60.0,60.0,50.0,0.0,0.0,0.0,50.0,50.0,
sp600_load100,22.2,baseline,500.0,60.0,500.0,0.0,165.0,541.9774,60.0,60.0,50.0,0.0,0.0,0.0,50.0,50.0,
sp600_load100,22.3,baseline,500.0,60.0,500.0,0.0,165.0,541.9779,60.0,60.0,50.0,0.0,0.0,0.0,50.0,50.0,
sp600_load100,22.4,baseline,500.0,60.0,500.0,0.0,165.0,541.9783,60.0,60.0,50.0,0.0,0.0,0.0,50.0,50.0,
sp600_load100,22.5,baseline,500.0,60.0,500.0,0.0,165.0,541.9788,60.0,60.0,50.0,0.0,0.0,0.0,50.0,50.0,
sp600_load100,22.6,baseline,500.0,60.0,500.0,0.0,165.0,541.9792,60.0,60.0,50.0,0.0,0.0,0.0,50.0,50.0,
sp600_load100,22.7,baseline,500.0,60.0,500.0,0.0,165.0,541.9796,60.0,60.0,50.0,0.0,0.0,0.0,50.0,50.0,
sp600_load100,22.8,baseline,500.0,60.0,500.0,0.0,165.0,541.98,60.0,60.0,50.0,0.0,0.0,0.0,50.0,50.0,
sp600_load100,22.9,baseline,500.0,60.0,500.0,0.0,165.0,541.9804,60.0,60.0,50.0,0.0,0.0,0.0,50.0,50.0,
sp600_load100,23.0,baseline,500.0,60.0,500.0,0.0,165.0,541.9808,60.0,60.0,50.0,0.0,0.0,0.0,50.0,50.0,
sp600_load100,23.1,baseline,500.0,60.0,500.0,0.0,165.0,541.9812,60.0,60.0,50.0,0.0,0.0,0.0,50.0,50.0,
sp600_load100,23.2,baseline,500.0,60.0,500.0,0.0,165.0,541.9816,60.0,60.0,50.0,0.0,0.0,0.0,50.0,50.0,
sp600_load100,23.3,baseline,500.0,60.0,500.0,0.0,165.0,541.9819,60.0,60.0,50.0,0.0,0.0,0.0,50.0,50.0,
sp600_load100,23.4,baseline,500.0,60.0,500.0,0.0,165.0,541.9823,60.0,60.0,50.0,0.0,0.0,0.0,50.0,50.0,
sp600_load100,23.5,baseline,500.0,60.0,500.0,0.0,165.0,541.9827,60.0,60.0,50.0,0.0,0.0,0.0,50.0,50.0,
sp600_load100,23.6,baseline,500.0,60.0,500.0,0.0,165.0,541.983,60.0,60.0,50.0,0.0,0.0,0.0,50.0,50.0,
sp600_load100,23.7,baseline,500.0,60.0,500.0,0.0,165.0,541.9833,60.0,60.0,50.0,0.0,0.0,0.0,50.0,50.0,
sp600_load100,23.8,baseline,500.0,60.0,500.0,0.0,165.0,541.9837,60.0,60.0,50.0,0.0,0.0,0.0,50.0,50.0,
sp600_load100,23.9,baseline,500.0,60.0,500.0,0.0,165.0,541.984,60.0,60.0,50.0,0.0,0.0,0.0,50.0,50.0,
sp600_load100,24.0,baseline,500.0,60.0,500.0,0.0,165.0,541.9843,60.0,60.0,50.0,0.0,0.0,0.0,50.0,50.0,
sp600_load100,24.1,baseline,500.0,60.0,500.0,0.0,165.0,541.9846,60.0,60.0,50.0,0.0,0.0,0.0,50.0,50.0,
sp600_load100,24.2,baseline,500.0,60.0,500.0,0.0,165.0,541.9849,60.0,60.0,50.0,0.0,0.0,0.0,50.0,50.0,
sp600_load100,24.3,baseline,500.0,60.0,500.0,0.0,165.0,541.9852,60.0,60.0,50.0,0.0,0.0,0.0,50.0,50.0,
sp600_load100,24.4,baseline,500.0,60.0,500.0,0.0,165.0,541.9855,60.0,60.0,50.0,0.0,0.0,0.0,50.0,50.0,
sp600_load100,24.5,baseline,500.0,60.0,500.0,0.0,165.0,541.9858,60.0,60.0,50.0,0.0,0.0,0.0,50.0,50.0,
sp600_load100,24.6,baseline,500.0,60.0,500.0,0.0,165.0,541.9861,60.0,60.0,50.0,0.0,0.0,0.0,50.0,50.0,
sp600_load100,24.7,baseline,500.0,60.0,500.0,0.0,165.0,541.9864,60.0,60.0,50.0,0.0,0.0,0.0,50.0,50.0,
sp600_load100,24.8,baseline,500.0,60.0,500.0,0.0,165.0,541.9867,60.0,60.0,50.0,0.0,0.0,0.0,50.0,50.0,
sp600_load100,24.9,baseline,500.0,60.0,500.0,0.0,165.0,541.9869,60.0,60.0,50.0,0.0,0.0,0.0,50.0,50.0,
sp600_load100,25.0,baseline,500.0,60.0,500.0,0.0,165.0,541.9872,60.0,60.0,50.0,0.0,0.0,0.0,50.0,50.0,
sp600_load100,25.1,baseline,500.0,60.0,500.0,0.0,165.0,541.9874,60.0,60.0,50.0,0.0,0.0,0.0,50.0,50.0,
sp600_load100,25.2,baseline,500.0,60.0,500.0,0.0,165.0,541.9877,60.0,60.0,50.0,0.0,0.0,0.0,50.0,50.0,
sp600_load100,25.3,baseline,500.0,60.0,500.0,0.0,165.0,541.9879,60.0,60.0,50.0,0.0,0.0,0.0,50.0,50.0,
sp600_load100,25.4,baseline,500.0,60.0,500.0,0.0,165.0,541.9882,60.0,60.0,50.0,0.0,0.0,0.0,50.0,50.0,
sp600_load100,25.5,baseline,500.0,60.0,500.0,0.0,165.0,541.9884,60.0,60.0,50.0,0.0,0.0,0.0,50.0,50.0,
sp600_load100,25.6,baseline,500.0,60.0,500.0,0.0,165.0,541.9887,60.0,60.0,50.0,0.0,0.0,0.0,50.0,50.0,
sp600_load100,25.7,baseline,500.0,60.0,500.0,0.0,165.0,541.9889,60.0,60.0,50.0,0.0,0.0,0.0,50.0,50.0,
sp600_load100,25.8,baseline,500.0,60.0,500.0,0.0,165.0,541.9891,60.0,60.0,50.0,0.0,0.0,0.0,50.0,50.0,
sp600_load100,25.9,baseline,500.0,60.0,500.0,0.0,165.0,541.9893,60.0,60.0,50.0,0.0,0.0,0.0,50.0,50.0,
sp600_load100,26.0,baseline,500.0,60.0,500.0,0.0,165.0,541.9895,60.0,60.0,50.0,0.0,0.0,0.0,50.0,50.0,
sp600_load100,26.1,baseline,500.0,60.0,500.0,0.0,165.0,541.9897,60.0,60.0,50.0,0.0,0.0,0.0,50.0,50.0,
sp600_load100,26.2,baseline,500.0,60.0,500.0,0.0,165.0,541.9899,60.0,60.0,50.0,0.0,0.0,0.0,50.0,50.0,
sp600_load100,26.3,baseline,500.0,60.0,500.0,0.0,165.0,541.9901,60.0,60.0,50.0,0.0,0.0,0.0,50.0,50.0,
sp600_load100,26.4,baseline,500.0,60.0,500.0,0.0,165.0,541.9903,60.0,60.0,50.0,0.0,0.0,0.0,50.0,50.0,
sp600_load100,26.5,baseline,500.0,60.0,500.0,0.0,165.0,541.9905,60.0,60.0,50.0,0.0,0.0,0.0,50.0,50.0,
sp600_load100,26.6,baseline,500.0,60.0,500.0,0.0,165.0,541.9907,60.0,60.0,50.0,0.0,0.0,0.0,50.0,50.0,
sp600_load100,26.7,baseline,500.0,60.0,500.0,0.0,165.0,541.9909,60.0,60.0,50.0,0.0,0.0,0.0,50.0,50.0,
sp600_load100,26.8,baseline,500.0,60.0,500.0,0.0,165.0,541.9911,60.0,60.0,50.0,0.0,0.0,0.0,50.0,50.0,
sp600_load100,26.9,baseline,500.0,60.0,500.0,0.0,165.0,541.9913,60.0,60.0,50.0,0.0,0.0,0.0,50.0,50.0,
sp600_load100,27.0,baseline,500.0,60.0,500.0,0.0,165.0,541.9914,60.0,60.0,50.0,0.0,0.0,0.0,50.0,50.0,
sp600_load100,27.1,baseline,500.0,60.0,500.0,0.0,165.0,541.9916,60.0,60.0,50.0,0.0,0.0,0.0,50.0,50.0,
sp600_load100,27.2,baseline,500.0,60.0,500.0,0.0,165.0,541.9918,60.0,60.0,50.0,0.0,0.0,0.0,50.0,50.0,
sp600_load100,27.3,baseline,500.0,60.0,500.0,0.0,165.0,541.992,60.0,60.0,50.0,0.0,0.0,0.0,50.0,50.0,
sp600_load100,27.4,baseline,500.0,60.0,500.0,0.0,165.0,541.9921,60.0,60.0,50.0,0.0,0.0,0.0,50.0,50.0,
sp600_load100,27.5,baseline,500.0,60.0,500.0,0.0,165.0,541.9923,60.0,60.0,50.0,0.0,0.0,0.0,50.0,50.0,
sp600_load100,27.6,baseline,500.0,60.0,500.0,0.0,165.0,541.9924,60.0,60.0,50.0,0.0,0.0,0.0,50.0,50.0,
sp600_load100,27.7,baseline,500.0,60.0,500.0,0.0,165.0,541.9926,60.0,60.0,50.0,0.0,0.0,0.0,50.0,50.0,
sp600_load100,27.8,baseline,500.0,60.0,500.0,0.0,165.0,541.9927,60.0,60.0,50.0,0.0,0.0,0.0,50.0,50.0,
sp600_load100,27.9,baseline,500.0,60.0,500.0,0.0,165.0,541.9929,60.0,60.0,50.0,0.0,0.0,0.0,50.0,50.0,
sp600_load100,28.0,baseline,500.0,60.0,500.0,0.0,165.0,541.993,60.0,60.0,50.0,0.0,0.0,0.0,50.0,50.0,
sp600_load100,28.1,baseline,500.0,60.0,500.0,0.0,165.0,541.9932,60.0,60.0,50.0,0.0,0.0,0.0,50.0,50.0,
sp600_load100,28.2,baseline,500.0,60.0,500.0,0.0,165.0,541.9933,60.0,60.0,50.0,0.0,0.0,0.0,50.0,50.0,
sp600_load100,28.3,baseline,500.0,60.0,500.0,0.0,165.0,541.9934,60.0,60.0,50.0,0.0,0.0,0.0,50.0,50.0,
sp600_load100,28.4,baseline,500.0,60.0,500.0,0.0,165.0,541.9936,60.0,60.0,50.0,0.0,0.0,0.0,50.0,50.0,
sp600_load100,28.5,baseline,500.0,60.0,500.0,0.0,165.0,541.9937,60.0,60.0,50.0,0.0,0.0,0.0,50.0,50.0,
sp600_load100,28.6,baseline,500.0,60.0,500.0,0.0,165.0,541.9938,60.0,60.0,50.0,0.0,0.0,0.0,50.0,50.0,
sp600_load100,28.7,baseline,500.0,60.0,500.0,0.0,165.0,541.9939,60.0,60.0,50.0,0.0,0.0,0.0,50.0,50.0,
sp600_load100,28.8,baseline,500.0,60.0,500.0,0.0,165.0,541.9941,60.0,60.0,50.0,0.0,0.0,0.0,50.0,50.0,
sp600_load100,28.9,baseline,500.0,60.0,500.0,0.0,165.0,541.9942,60.0,60.0,50.0,0.0,0.0,0.0,50.0,50.0,
sp600_load100,29.0,baseline,500.0,60.0,500.0,0.0,165.0,541.9943,60.0,60.0,50.0,0.0,0.0,0.0,50.0,50.0,
sp600_load100,29.1,baseline,500.0,60.0,500.0,0.0,165.0,541.9944,60.0,60.0,50.0,0.0,0.0,0.0,50.0,50.0,
sp600_load100,29.2,baseline,500.0,60.0,500.0,0.0,165.0,541.9945,60.0,60.0,50.0,0.0,0.0,0.0,50.0,50.0,
sp600_load100,29.3,baseline,500.0,60.0,500.0,0.0,165.0,541.9946,60.0,60.0,50.0,0.0,0.0,0.0,50.0,50.0,
sp600_load100,29.4,baseline,500.0,60.0,500.0,0.0,165.0,541.9947,60.0,60.0,50.0,0.0,0.0,0.0,50.0,50.0,
sp600_load100,29.5,baseline,500.0,60.0,500.0,0.0,165.0,541.9948,60.0,60.0,50.0,0.0,0.0,0.0,50.0,50.0,
sp600_load100,29.6,baseline,500.0,60.0,500.0,0.0,165.0,541.9949,60.0,60.0,50.0,0.0,0.0,0.0,50.0,50.0,
sp600_load100,29.7,baseline,500.0,60.0,500.0,0.0,165.0,541.995,60.0,60.0,50.0,0.0,0.0,0.0,50.0,50.0,
sp600_load100,29.8,baseline,500.0,60.0,500.0,0.0,165.0,541.9951,60.0,60.0,50.0,0.0,0.0,0.0,50.0,50.0,
sp600_load100,29.9,baseline,500.0,60.0,500.0,0.0,165.0,541.9952,60.0,60.0,50.0,0.0,0.0,0.0,50.0,50.0,
sp600_load100,30.0,baseline,500.0,60.0,500.0,0.0,165.0,541.9953,60.0,60.0,50.0,0.0,0.0,0.0,50.0,50.0,
sp600_load100,30.1,response,600.0,100.0,503.408,100.0,165.072,542.0402,63.2,120.0,100.0,15.0,0.2,50.0,83.3333,100.0,
sp600_load100,30.2,response,600.0,100.0,506.3882,96.592,165.2081,542.1254,66.144,115.8136,96.5113,14.4888,0.3932,-1.704,83.3333,96.5113,
sp600_load100,30.3,response,600.0,100.0,509.2025,93.6118,165.401,542.2469,68.8525,115.7585,96.4654,14.0418,0.5804,-1.4901,83.3333,96.4654,
sp600_load100,30.4,response,600.0,100.0,511.856,90.7975,165.6442,542.4007,71.3443,115.5693,96.3078,13.6196,0.762,-1.4072,83.3333,96.3078,
sp600_load100,30.5,response,600.0,100.0,514.3618,88.144,165.9317,542.5836,73.6367,115.3998,96.1665,13.2216,0.9383,-1.3268,83.3333,96.1665,
sp600_load100,30.6,response,600.0,100.0,516.7316,85.6382,166.2581,542.7924,75.7458,115.2429,96.0357,12.8457,1.1096,-1.2529,83.3333,96.0357,
sp600_load100,30.7,response,600.0,100.0,518.9763,83.2684,166.6183,543.0242,77.6861,115.0977,95.9148,12.4903,1.2761,-1.1849,83.3333,95.9148,
sp600_load100,30.8,response,600.0,100.0,521.1059,81.0237,167.0078,543.2763,79.4712,114.9632,95.8027,12.1535,1.4382,-1.1223,83.3333,95.8027,
sp600_load100,30.9,response,600.0,100.0,523.1293,78.8941,167.4226,543.5464,81.1135,114.8384,95.6986,11.8341,1.5959,-1.0648,83.3333,95.6986,
sp600_load100,31.0,response,600.0,100.0,525.0552,76.8707,167.859,543.8322,82.6245,114.7222,95.6019,11.5306,1.7497,-1.0117,83.3333,95.6019,
sp600_load100,31.1,response,600.0,100.0,526.8912,74.9448,168.3136,544.1317,84.0145,114.614,95.5117,11.2417,1.8996,-0.9629,83.3333,95.5117,
sp600_load100,31.2,response,600.0,100.0,528.6444,73.1088,168.7833,544.4432,85.2933,114.5129,95.4275,10.9663,2.0458,-0.918,83.3333,95.4275,
sp600_load100,31.3,response,600.0,100.0,530.3213,71.3556,169.2653,544.7649,86.4699,114.4183,95.3486,10.7033,2.1885,-0.8766,83.3333,95.3486,
sp600_load100,31.4,response,600.0,100.0,531.9279,69.6787,169.7573,545.0953,87.5523,114.3295,95.2745,10.4518,2.3279,-0.8385,83.3333,95.2745,
sp600_load100,31.5,response,600.0,100.0,533.4698,68.0721,170.2569,545.4331,88.5481,114.2458,95.2048,10.2108,2.464,-0.8033,83.3333,95.2048,
sp600_load100,31.6,response,600.0,100.0,534.9519,66.5302,170.7621,545.777,89.4643,114.1668,95.139,9.9795,2.5971,-0.7709,83.3333,95.139,
sp600_load100,31.7,response,600.0,100.0,536.379,65.0481,171.2712,546.1257,90.3071,114.092,95.0766,9.7572,2.7272,-0.7411,83.3333,95.0766,
sp600_load100,31.8,response,600.0,100.0,537.7553,63.621,171.7824,546.4784,91.0825,114.0208,95.0173,9.5431,2.8544,-0.7135,83.3333,95.0173,
sp600_load100,31.9,response,600.0,100.0,539.0847,62.2447,172.2944,546.8339,91.7959,113.9529,94.9608,9.3367,2.9789,-0.6881,83.3333,94.9608,
sp600_load100,32.0,response,600.0,100.0,540.3709,60.9153,172.8057,547.1916,92.4523,113.888,94.9066,9.1373,3.1007,-0.6647,83.3333,94.9066,
sp600_load100,32.1,response,600.0,100.0,541.617,59.6291,173.3153,547.5505,93.0561,113.8255,94.8546,8.9444,3.22,-0.6431,83.3333,94.8546,
sp600_load100,32.2,response,600.0,100.0,542.8263,58.383,173.8221,547.9101,93.6116,113.7653,94.8044,8.7574,3.3367,-0.6231,83.3333,94.8044,
sp600_load100,32.3,response,600.0,100.0,544.0013,57.1737,174.3252,548.2696,94.1227,113.707,94.7559,8.5761,3.4511,-0.6046,83.3333,94.7559,
sp600_load100,32.4,response,600.0,100.0,545.1448,55.9987,174.8238,548.6285,94.5929,113.6504,94.7087,8.3998,3.5631,-0.5875,83.3333,94.7087,
sp600_load100,32.5,response,600.0,100.0,546.259,54.8552,175.3171,548.9863,95.0254,113.5952,94.6627,8.2283,3.6728,-0.5717,83.3333,94.6627,
sp600_load100,32.6,response,600.0,100.0,547.346,53.741,175.8046,549.3425,95.4234,113.5412,94.6177,8.0612,3.7803,-0.5571,83.3333,94.6177,
sp600_load100,32.7,response,600.0,100.0,548.4079,52.654,176.2858,549.6967,95.7895,113.4882,94.5735,7.8981,3.8856,-0.5435,83.3333,94.5735,
sp600_load100,32.8,response,600.0,100.0,549.4465,51.5921,176.76,550.0485,96.1264,113.4359,94.53,7.7388,3.9888,-0.531,83.3333,94.53,
sp600_load100,32.9,response,600.0,100.0,550.4634,50.5535,177.2271,550.3977,96.4363,113.3843,94.4869,7.583,4.0899,-0.5193,83.3333,94.4869,
sp600_load100,33.0,response,600.0,100.0,551.4601,49.5366,177.6865,550.7438,96.7214,113.3332,94.4443,7.4305,4.189,-0.5084,83.3333,94.4443,
sp600_load100,33.1,response,600.0,100.0,552.438,48.5399,178.138,551.0867,96.9836,113.2824,94.402,7.281,4.286,-0.4984,83.3333,94.402,
sp600_load100,33.2,response,600.0,100.0,553.3985,47.562,178.5814,551.4261,97.225,113.2318,94.3598,7.1343,4.3812,-0.489,83.3333,94.3598,
sp600_load100,33.3,response,600.0,100.0,554.3425,46.6015,179.0165,551.7619,97.447,113.1813,94.3177,6.9902,4.4744,-0.4802,83.3333,94.3177,
sp600_load100,33.4,response,600.0,100.0,555.2713,45.6575,179.4432,552.0937,97.6512,113.1307,94.2756,6.8486,4.5657,-0.472,83.3333,94.2756,
sp600_load100,33.5,response,600.0,100.0,556.1857,44.7287,179.8613,552.4216,97.8391,113.0801,94.2334,6.7093,4.6551,-0.4644,83.3333,94.2334,
sp600_load100,33.6,response,600.0,100.0,557.0868,43.8143,180.2707,552.7454,98.012,113.0292,94.191,6.5721,4.7428,-0.4572,83.3333,94.191,
sp600_load100,33.7,response,600.0,100.0,557.9752,42.9132,180.6714,553.0648,98.171,112.9781,94.1484,6.437,4.8286,-0.4505,83.3333,94.1484,
sp600_load100,33.8,response,600.0,100.0,558.8517,42.0248,181.0634,553.38,98.3173,112.9266,94.1055,6.3037,4.9126,-0.4442,83.3333,94.1055,
sp600_load100,33.9,response,600.0,100.0,559.7171,41.1483,181.4467,553.6907,98.4519,112.8747,94.0622,6.1722,4.9949,-0.4383,83.3333,94.0622,
sp600_load100,34.0,response,600.0,100.0,560.5719,40.2829,181.8213,553.997,98.5758,112.8223,94.0186,6.0424,5.0755,-0.4327,83.3333,94.0186,
sp600_load100,34.1,response,600.0,100.0,561.4167,39.4281,182.1871,554.2987,98.6897,112.7694,93.9745,5.9142,5.1544,-0.4274,83.3333,93.9745,
sp600_load100,34.2,response,600.0,100.0,562.252,38.5833,182.5444,554.5958,98.7946,112.716,93.93,5.7875,5.2315,-0.4224,83.3333,93.93,
sp600_load100,34.3,response,600.0,100.0,563.0782,37.748,182.8931,554.8884,98.891,112.6619,93.8849,5.6622,5.307,-0.4176,83.3333,93.8849,
sp600_load100,34.4,response,600.0,100.0,563.8959,36.9218,183.2334,555.1763,98.9797,112.6072,93.8393,5.5383,5.3809,-0.4131,83.3333,93.8393,
sp600_load100,34.5,response,600.0,100.0,564.7053,36.1041,183.5652,555.4597,99.0613,112.5518,93.7932,5.4156,5.4531,-0.4088,83.3333,93.7932,
sp600_load100,34.6,response,600.0,100.0,565.5069,35.2947,183.8889,555.7384,99.1364,112.4958,93.7465,5.2942,5.5237,-0.4047,83.3333,93.7465,
sp600_load100,34.7,response,600.0,100.0,566.3009,34.4931,184.2043,556.0125,99.2055,112.439,93.6992,5.174,5.5926,-0.4008,83.3333,93.6992,
sp600_load100,34.8,response,600.0,100.0,567.0876,33.6991,184.5117,556.282,99.2691,112.3815,93.6512,5.0549,5.66,-0.397,83.3333,93.6512,
sp600_load100,34.9,response,600.0,100.0,567.8674,32.9124,184.8113,556.547,99.3275,112.3232,93.6027,4.9369,5.7259,-0.3934,83.3333,93.6027,
sp600_load100,35.0,response,600.0,100.0,568.6403,32.1326,185.103,556.8074,99.3813,112.2642,93.5535,4.8199,5.7901,-0.3899,83.3333,93.5535,
sp600_load100,35.1,response,600.0,100.0,569.4067,31.3597,185.3871,557.0632,99.4308,112.2044,93.5037,4.704,5.8529,-0.3865,83.3333,93.5037,
sp600_load100,35.2,response,600.0,100.0,570.1668,30.5933,185.6637,557.3146,99.4764,112.1438,93.4532,4.589,5.914,-0.3832,83.3333,93.4532,
sp600_load100,35.3,response,600.0,100.0,570.9206,29.8332,185.933,557.5616,99.5183,112.0824,93.402,4.475,5.9737,-0.38,83.3333,93.402,
sp600_load100,35.4,response,600.0,100.0,571.6684,29.0794,186.195,557.8042,99.5568,112.0202,93.3502,4.3619,6.0319,-0.3769,83.3333,93.3502,
sp600_load100,35.5,response,600.0,100.0,572.4103,28.3316,186.45,558.0424,99.5923,111.9572,93.2977,4.2497,6.0885,-0.3739,83.3333,93.2977,
sp600_load100,35.6,response,600.0,100.0,573.1465,27.5897,186.698,558.2763,99.6249,111.8934,93.2445,4.1384,6.1437,-0.3709,83.3333,93.2445,
sp600_load100,35.7,response,600.0,100.0,573.8769,26.8535,186.9393,558.5059,99.6549,111.8289,93.1907,4.028,6.1974,-0.3681,83.3333,93.1907,
sp600_load100,35.8,response,600.0,100.0,574.6018,26.1231,187.174,558.7314,99.6825,111.7635,93.1362,3.9185,6.2497,-0.3652,83.3333,93.1362,
sp600_load100,35.9,response,600.0,100.0,575.3211,25.3982,187.4022,558.9526,99.7079,111.6973,93.0811,3.8097,6.3005,-0.3624,83.3333,93.0811,
sp600_load100,36.0,response,600.0,100.0,576.0351,24.6789,187.6241,559.1698,99.7313,111.6304,93.0253,3.7018,6.3498,-0.3597,83.3333,93.0253,
sp600_load100,36.1,response,600.0,100.0,576.7437,23.9649,187.8398,559.383,99.7528,111.5626,92.9688,3.5947,6.3977,-0.357,83.3333,92.9688,
sp600_load100,36.2,response,600.0,100.0,577.4469,23.2563,188.0495,559.5921,99.7725,111.4941,92.9117,3.4885,6.4443,-0.3543,83.3333,92.9117,
sp600_load100,36.3,response,600.0,100.0,578.145,22.5531,188.2533,559.7973,99.7907,111.4248,92.854,3.383,6.4894,-0.3516,83.3333,92.854,
sp600_load100,36.4,response,600.0,100.0,578.8378,21.855,188.4514,559.9987,99.8075,111.3548,92.7956,3.2783,6.5331,-0.349,83.3333,92.7956,
sp600_load100,36.5,response,600.0,100.0,579.5255,21.1622,188.6439,560.1963,99.8229,111.284,92.7366,3.1743,6.5754,-0.3464,83.3333,92.7366,
sp600_load100,36.6,response,600.0,100.0,580.208,20.4745,188.8309,560.39,99.837,111.2124,92.677,3.0712,6.6163,-0.3438,83.3333,92.677,
sp600_load100,36.7,response,600.0,100.0,580.8854,19.792,189.0126,560.5801,99.8501,111.1402,92.6168,2.9688,6.6559,-0.3413,83.3333,92.6168,
sp600_load100,36.8,response,600.0,100.0,581.5577,19.1146,189.1891,560.7666,99.8621,111.0672,92.556,2.8672,6.6942,-0.3387,83.3333,92.556,
sp600_load100,36.9,response,600.0,100.0,582.225,18.4423,189.3606,560.9495,99.8731,110.9935,92.4946,2.7663,6.731,-0.3362,83.3333,92.4946,
sp600_load100,37.0,response,600.0,100.0,582.8871,17.775,189.5271,561.1289,99.8833,110.9191,92.4326,2.6663,6.7666,-0.3336,83.3333,92.4326,
sp600_load100,37.1,response,600.0,100.0,583.5442,17.1129,189.6889,561.3048,99.8926,110.844,92.37,2.5669,6.8008,-0.3311,83.3333,92.37,
sp600_load100,37.2,response,600.0,100.0,584.1962,16.4558,189.846,561.4773,99.9012,110.7683,92.3069,2.4684,6.8337,-0.3285,83.3333,92.3069,
sp600_load100,37.3,response,600.0,100.0,584.8432,15.8038,189.9986,561.6465,99.9091,110.6919,92.2432,2.3706,6.8653,-0.326,83.3333,92.2432,
sp600_load100,37.4,response,600.0,100.0,585.4851,15.1568,190.1467,561.8124,99.9164,110.6148,92.179,2.2735,6.8957,-0.3235,83.3333,92.179,
sp600_load100,37.5,response,600.0,100.0,586.1219,14.5149,190.2906,561.9751,99.9231,110.5372,92.1143,2.1772,6.9247,-0.321,83.3333,92.1143,
sp600_load100,37.6,response,600.0,100.0,586.7537,13.8781,190.4303,562.1346,99.9292,110.4589,92.0491,2.0817,6.9524,-0.3184,83.3333,92.0491,
sp600_load100,37.7,response,600.0,100.0,587.3804,13.2463,190.5659,562.291,99.9349,110.38,91.9833,1.9869,6.9789,-0.3159,83.3333,91.9833,
sp600_load100,37.8,response,600.0,100.0,588.002,12.6196,190.6976,562.4443,99.9401,110.3005,91.9171,1.8929,7.0042,-0.3134,83.3333,91.9171,
sp600_load100,37.9,response,600.0,100.0,588.6186,11.998,190.8254,562.5947,99.9449,110.2205,91.8504,1.7997,7.0282,-0.3108,83.3333,91.8504,
sp600_load100,38.0,response,600.0,100.0,589.23,11.3814,190.9495,562.7421,99.9493,110.1399,91.7832,1.7072,7.0509,-0.3083,83.3333,91.7832,
sp600_load100,38.1,response,600.0,100.0,589.8363,10.77,191.07,562.8866,99.9533,110.0587,91.7156,1.6155,7.0725,-0.3057,83.3333,91.7156,
sp600_load100,38.2,response,600.0,100.0,590.4375,10.1637,191.1869,563.0282,99.9571,109.977,91.6475,1.5246,7.0928,-0.3032,83.3333,91.6475,
sp600_load100,38.3,response,600.0,100.0,591.0336,9.5625,191.3004,563.1671,99.9605,109.8948,91.579,1.4344,7.1119,-0.3006,83.3333,91.579,
sp600_load100,38.4,response,600.0,100.0,591.6245,8.9664,191.4106,563.3033,99.9637,109.8121,91.5101,1.345,7.1299,-0.298,83.3333,91.5101,
sp600_load100,38.5,response,600.0,100.0,592.2102,8.3755,191.5175,563.4367,99.9666,109.729,91.4408,1.2563,7.1466,-0.2955,83.3333,91.4408,
sp600_load100,38.6,response,600.0,100.0,592.7908,7.7898,191.6213,563.5676,99.9693,109.6453,91.3711,1.1685,7.1622,-0.2929,83.3333,91.3711,
sp600_load100,38.7,response,600.0,100.0,593.3662,7.2092,191.722,563.6958,99.9717,109.5612,91.301,1.0814,7.1766,-0.2903,83.3333,91.301,
sp600_load100,38.8,response,600.0,100.0,593.9363,6.6338,191.8198,563.8215,99.974,109.4767,91.2306,0.9951,7.1899,-0.2877,83.3333,91.2306,
sp600_load100,38.9,response,600.0,100.0,594.5013,6.0637,191.9147,563.9448,99.9761,109.3918,91.1598,0.9095,7.202,-0.2851,83.3333,91.1598,
sp600_load100,39.0,response,600.0,100.0,595.061,5.4987,192.0067,564.0656,99.978,109.3064,91.0887,0.8248,7.213,-0.2825,83.3333,91.0887,
sp600_load100,39.1,response,600.0,100.0,595.6154,4.939,192.0961,564.184,99.9797,109.2206,91.0172,0.7409,7.2229,-0.2799,83.3333,91.0172,
sp600_load100,39.2,response,600.0,100.0,596.1646,4.3846,192.1828,564.3,99.9814,109.1345,90.9454,0.6577,7.2316,-0.2772,83.3333,90.9454,
sp600_load100,39.3,response,600.0,100.0,596.7085,3.8354,192.2669,564.4138,99.9828,109.048,90.8734,0.5753,7.2393,-0.2746,83.3333,90.8734,
sp600_load100,39.4,response,600.0,100.0,597.2472,3.2915,192.3485,564.5253,99.9842,108.9612,90.801,0.4937,7.2459,-0.272,83.3333,90.801,
sp600_load100,39.5,response,600.0,100.0,597.7805,2.7528,192.4277,564.6346,99.9855,108.874,90.7284,0.4129,7.2514,-0.2693,83.3333,90.7284,
sp600_load100,39.6,response,600.0,100.0,598.3085,2.2195,192.5046,564.7417,99.9866,108.7865,90.6554,0.3329,7.2558,-0.2667,83.3333,90.6554,
sp600_load100,39.7,response,600.0,100.0,598.8311,1.6915,192.5792,564.8467,99.9877,108.6987,90.5823,0.2537,7.2592,-0.264,83.3333,90.5823,
sp600_load100,39.8,response,600.0,100.0,599.3484,1.1689,192.6516,564.9496,99.9887,108.6107,90.5089,0.1753,7.2616,-0.2613,83.3333,90.5089,
sp600_load100,39.9,response,600.0,100.0,599.8604,0.6516,192.7218,565.0505,99.9896,108.5223,90.4353,0.0977,7.2629,-0.2587,83.3333,90.4353,
sp600_load100,40.0,response,600.0,100.0,600.367,0.1396,192.7899,565.1493,99.9904,108.4337,90.3614,0.0209,7.2631,-0.256,83.3333,90.3614,01LAH001
sp600_load100,40.1,response,600.0,100.0,600.8682,-0.367,192.856,565.2462,99.9912,108.3449,90.2874,-0.0551,7.2624,-0.2533,83.3333,90.2874,01LAH001
sp600_load100,40.2,response,600.0,100.0,601.3641,-0.8682,192.9202,565.3412,99.9919,108.2558,90.2132,-0.1302,7.2607,-0.2506,83.3333,90.2132,01LAH001
sp600_load100,40.3,response,600.0,100.0,601.8545,-1.3641,192.9824,565.4343,99.9925,108.1665,90.1388,-0.2046,7.2579,-0.2479,83.3333,90.1388,01LAH001
sp600_load100,40.4,response,600.0,100.0,602.3395,-1.8545,193.0428,565.5255,99.9931,108.077,90.0642,-0.2782,7.2542,-0.2452,83.3333,90.0642,01LAH001
sp600_load100,40.5,response,600.0,100.0,602.8192,-2.3395,193.1013,565.6149,99.9937,107.9873,89.9894,-0.3509,7.2496,-0.2425,83.3333,89.9894,01LAH001
sp600_load100,40.6,response,600.0,100.0,603.2933,-2.8192,193.1582,565.7025,99.9942,107.8975,89.9146,-0.4229,7.2439,-0.2398,83.3333,89.9146,01LAH001
sp600_load100,40.7,response,600.0,100.0,603.7621,-3.2933,193.2133,565.7884,99.9947,107.8075,89.8396,-0.494,7.2373,-0.2371,83.3333,89.8396,01LAH001
sp600_load100,40.8,response,600.0,100.0,604.2255,-3.7621,193.2668,565.8725,99.9951,107.7173,89.7644,-0.5643,7.2298,-0.2344,83.3333,89.7644,01LAH001
sp600_load100,40.9,response,600.0,100.0,604.6833,-4.2255,193.3187,565.955,99.9955,107.627,89.6892,-0.6338,7.2214,-0.2317,83.3333,89.6892,01LAH001
sp600_load100,41.0,response,600.0,100.0,605.1358,-4.6833,193.369,566.0359,99.9958,107.5367,89.6139,-0.7025,7.212,-0.2289,83.3333,89.6139,01LAH001
sp600_load100,41.1,response,600.0,100.0,605.5828,-5.1358,193.4179,566.1151,99.9962,107.4462,89.5385,-0.7704,7.2017,-0.2262,83.3333,89.5385,01LAH001
sp600_load100,41.2,response,600.0,100.0,606.0243,-5.5828,193.4653,566.1927,99.9965,107.3556,89.463,-0.8374,7.1906,-0.2235,83.3333,89.463,01LAH001
sp600_load100,41.3,response,600.0,100.0,606.4604,-6.0243,193.5112,566.2688,99.9968,107.2649,89.3874,-0.9037,7.1785,-0.2208,83.3333,89.3874,01LAH001
sp600_load100,41.4,response,600.0,100.0,606.8911,-6.4604,193.5558,566.3434,99.997,107.1742,89.3118,-0.9691,7.1656,-0.218,83.3333,89.3118,01LAH001
sp600_load100,41.5,response,600.0,100.0,607.3162,-6.8911,193.5991,566.4165,99.9973,107.0834,89.2362,-1.0337,7.1518,-0.2153,83.3333,89.2362,01LAH001
sp600_load100,41.6,response,600.0,100.0,607.7359,-7.3162,193.6411,566.4881,99.9975,106.9926,89.1605,-1.0974,7.1372,-0.2126,83.3333,89.1605,01LAH001
sp600_load100,41.7,response,600.0,100.0,608.1502,-7.7359,193.6818,566.5584,99.9977,106.9017,89.0848,-1.1604,7.1217,-0.2099,83.3333,89.0848,01LAH001
sp600_load100,41.8,response,600.0,100.0,608.559,-8.1502,193.7213,566.6272,99.9979,106.8109,89.0091,-1.2225,7.1054,-0.2071,83.3333,89.0091,01LAH001
sp600_load100,41.9,response,600.0,100.0,608.9623,-8.559,193.7596,566.6946,99.998,106.7201,88.9334,-1.2838,7.0883,-0.2044,83.3333,88.9334,01LAH001
sp600_load100,42.0,response,600.0,100.0,609.3601,-8.9623,193.7968,566.7607,99.9982,106.6292,88.8577,-1.3443,7.0704,-0.2017,83.3333,88.8577,01LAH001
sp600_load100,42.1,response,600.0,100.0,609.7525,-9.3601,193.8328,566.8254,99.9983,106.5384,88.782,-1.404,7.0516,-0.1989,83.3333,88.782,01LAH001
sp600_load100,42.2,response,600.0,100.0,610.1395,-9.7525,193.8678,566.8889,99.9985,106.4477,88.7064,-1.4629,7.0321,-0.1962,83.3333,88.7064,01LAH001
sp600_load100,42.3,response,600.0,100.0,610.521,-10.1395,193.9017,566.9511,99.9986,106.3569,88.6308,-1.5209,7.0119,-0.1935,83.3333,88.6308,01LAH001
sp600_load100,42.4,response,600.0,100.0,610.897,-10.521,193.9347,567.0121,99.9987,106.2663,88.5552,-1.5781,6.9908,-0.1908,83.3333,88.5552,01LAH001
sp600_load100,42.5,response,600.0,100.0,611.2677,-10.897,193.9666,567.0718,99.9988,106.1757,88.4798,-1.6346,6.969,-0.188,83.3333,88.4798,01LAH001
sp600_load100,42.6,response,600.0,100.0,611.6328,-11.2677,193.9976,567.1304,99.9989,106.0852,88.4044,-1.6901,6.9465,-0.1853,83.3333,88.4044,01LAH001
sp600_load100,42.7,response,600.0,100.0,611.9926,-11.6328,194.0276,567.1877,99.999,105.9948,88.329,-1.7449,6.9232,-0.1826,83.3333,88.329,01LAH001
sp600_load100,42.8,response,600.0,100.0,612.3469,-11.9926,194.0568,567.244,99.9991,105.9046,88.2538,-1.7989,6.8992,-0.1799,83.3333,88.2538,01LAH001
sp600_load100,42.9,response,600.0,100.0,612.6958,-12.3469,194.085,567.2991,99.9991,105.8144,88.1787,-1.852,6.8745,-0.1772,83.3333,88.1787,01LAH001
sp600_load100,43.0,response,600.0,100.0,613.0393,-12.6958,194.1125,567.3531,99.9992,105.7244,88.1036,-1.9044,6.8491,-0.1745,83.3333,88.1036,01LAH001
sp600_load100,43.1,response,600.0,100.0,613.3775,-13.0393,194.1391,567.406,99.9993,105.6345,88.0287,-1.9559,6.8231,-0.1718,83.3333,88.0287,01LAH001
sp600_load100,43.2,response,600.0,100.0,613.7102,-13.3775,194.1649,567.4579,99.9993,105.5448,87.954,-2.0066,6.7963,-0.1691,83.3333,87.954,01LAH001
sp600_load100,43.3,response,600.0,100.0,614.0375,-13.7102,194.1899,567.5087,99.9994,105.4552,87.8793,-2.0565,6.7689,-0.1664,83.3333,87.8793,01LAH001
sp600_load100,43.4,response,600.0,100.0,614.3595,-14.0375,194.2142,567.5585,99.9994,105.3658,87.8048,-2.1056,6.7408,-0.1637,83.3333,87.8048,01LAH001
sp600_load100,43.5,response,600.0,100.0,614.6761,-14.3595,194.2378,567.6074,99.9995,105.2766,87.7305,-2.1539,6.7121,-0.161,83.3333,87.7305,01LAH001
sp600_load100,43.6,response,600.0,100.0,614.9874,-14.6761,194.2606,567.6552,99.9995,105.1876,87.6563,-2.2014,6.6827,-0.1583,83.3333,87.6563,01LAH001
sp600_load100,43.7,response,600.0,100.0,615.2934,-14.9874,194.2828,567.7021,99.9996,105.0988,87.5823,-2.2481,6.6528,-0.1556,83.3333,87.5823,01LAH001
sp600_load100,43.8,response,600.0,100.0,615.594,-15.2934,194.3043,567.748,99.9996,105.0102,87.5085,-2.294,6.6222,-0.153,83.3333,87.5085,01LAH001
sp600_load100,43.9,response,600.0,100.0,615.8894,-15.594,194.3252,567.7931,99.9996,104.9219,87.4349,-2.3391,6.591,-0.1503,83.3333,87.4349,01LAH001
sp600_load100,44.0,response,600.0,100.0,616.1794,-15.8894,194.3454,567.8372,99.9997,104.8338,87.3615,-2.3834,6.5592,-0.1477,83.3333,87.3615,01LAH001
sp600_load100,44.1,response,600.0,100.0,616.4642,-16.1794,194.3651,567.8805,99.9997,104.7459,87.2883,-2.4269,6.5269,-0.145,83.3333,87.2883,01LAH001
sp600_load100,44.2,response,600.0,100.0,616.7437,-16.4642,194.3841,567.9228,99.9997,104.6583,87.2152,-2.4696,6.4939,-0.1424,83.3333,87.2152,01LAH001
sp600_load100,44.3,response,600.0,100.0,617.018,-16.7437,194.4026,567.9644,99.9997,104.571,87.1425,-2.5116,6.4604,-0.1398,83.3333,87.1425,01LAH001
sp600_load100,44.4,response,600.0,100.0,617.287,-17.018,194.4205,568.0051,99.9998,104.4839,87.0699,-2.5527,6.4264,-0.1371,83.3333,87.0699,01LAH001
sp600_load100,44.5,response,600.0,100.0,617.5509,-17.287,194.4379,568.045,99.9998,104.3971,86.9976,-2.5931,6.3918,-0.1345,83.3333,86.9976,01LAH001
sp600_load100,44.6,response,600.0,100.0,617.8095,-17.5509,194.4547,568.0841,99.9998,104.3106,86.9255,-2.6326,6.3567,-0.1319,83.3333,86.9255,01LAH001
sp600_load100,44.7,response,600.0,100.0,618.063,-17.8095,194.4711,568.1224,99.9998,104.2244,86.8537,-2.6714,6.3211,-0.1293,83.3333,86.8537,01LAH001
sp600_load100,44.8,response,600.0,100.0,618.3113,-18.063,194.4869,568.16,99.9998,104.1386,86.7821,-2.7094,6.285,-0.1267,83.3333,86.7821,01LAH001
sp600_load100,44.9,response,600.0,100.0,618.5545,-18.3113,194.5023,568.1968,99.9998,104.053,86.7108,-2.7467,6.2484,-0.1242,83.3333,86.7108,01LAH001
sp600_load100,45.0,response,600.0,100.0,618.7926,-18.5545,194.5173,568.2328,99.9999,103.9678,86.6398,-2.7832,6.2113,-0.1216,83.3333,86.6398,01LAH001
sp600_load100,45.1,response,600.0,100.0,619.0256,-18.7926,194.5317,568.2682,99.9999,103.8829,86.5691,-2.8189,6.1737,-0.119,83.3333,86.5691,01LAH001
sp600_load100,45.2,response,600.0,100.0,619.2535,-19.0256,194.5458,568.3028,99.9999,103.7984,86.4986,-2.8538,6.1356,-0.1165,83.3333,86.4986,01LAH001
sp600_load100,45.3,response,600.0,100.0,619.4763,-19.2535,194.5594,568.3367,99.9999,103.7142,86.4285,-2.888,6.0971,-0.114,83.3333,86.4285,01LAH001
sp600_load100,45.4,response,600.0,100.0,619.6941,-19.4763,194.5726,568.37,99.9999,103.6303,86.3586,-2.9214,6.0582,-0.1114,83.3333,86.3586,01LAH001
sp600_load100,45.5,response,600.0,100.0,619.907,-19.6941,194.5854,568.4026,99.9999,103.5469,86.2891,-2.9541,6.0188,-0.1089,83.3333,86.2891,01LAH001
sp600_load100,45.6,response,600.0,100.0,620.1148,-19.907,194.5979,568.4345,99.9999,103.4638,86.2198,-2.986,5.979,-0.1064,83.3333,86.2198,01LAH001
sp600_load100,45.7,response,600.0,100.0,620.3177,-20.1148,194.6099,568.4659,99.9999,103.3811,86.1509,-3.0172,5.9387,-0.1039,83.3333,86.1509,01LAH001
sp600_load100,45.8,response,600.0,100.0,620.5156,-20.3177,194.6216,568.4965,99.9999,103.2988,86.0823,-3.0476,5.8981,-0.1014,83.3333,86.0823,01LAH001
sp600_load100,45.9,response,600.0,100.0,620.7086,-20.5156,194.633,568.5266,99.9999,103.2169,86.0141,-3.0773,5.8571,-0.099,83.3333,86.0141,01LAH001
sp600_load100,46.0,response,600.0,100.0,620.8967,-20.7086,194.644,568.5561,99.9999,103.1354,85.9462,-3.1063,5.8156,-0.0965,83.3333,85.9462,01LAH001
sp600_load100,46.1,response,600.0,100.0,621.08,-20.8967,194.6547,568.5849,99.9999,103.0543,85.8786,-3.1345,5.7738,-0.0941,83.3333,85.8786,01LAH001
sp600_load100,46.2,response,600.0,100.0,621.2584,-21.08,194.665,568.6132,99.9999,102.9737,85.8114,-3.162,5.7317,-0.0916,83.3333,85.8114,01LAH001
sp600_load100,46.3,response,600.0,100.0,621.432,-21.2584,194.6751,568.641,99.9999,102.8934,85.7445,-3.1888,5.6892,-0.0892,83.3333,85.7445,01LAH001
sp600_load100,46.4,response,600.0,100.0,621.6009,-21.432,194.6848,568.6682,100.0,102.8136,85.678,-3.2148,5.6463,-0.0868,83.3333,85.678,01LAH001
sp600_load100,46.5,response,600.0,100.0,621.7649,-21.6009,194.6943,568.6948,100.0,102.7343,85.6119,-3.2401,5.6031,-0.0844,83.3333,85.6119,01LAH001
sp600_load100,46.6,response,600.0,100.0,621.9242,-21.7649,194.7035,568.7209,100.0,102.6554,85.5461,-3.2647,5.5596,-0.082,83.3333,85.5461,01LAH001
sp600_load100,46.7,response,600.0,100.0,622.0789,-21.9242,194.7123,568.7465,100.0,102.5769,85.4808,-3.2886,5.5157,-0.0797,83.3333,85.4808,01LAH001
sp600_load100,46.8,response,600.0,100.0,622.2288,-22.0789,194.721,568.7716,100.0,102.4989,85.4158,-3.3118,5.4716,-0.0773,83.3333,85.4158,01LAH001
sp600_load100,46.9,response,600.0,100.0,622.3741,-22.2288,194.7293,568.7961,100.0,102.4214,85.3512,-3.3343,5.4271,-0.075,83.3333,85.3512,01LAH001
sp600_load100,47.0,response,600.0,100.0,622.5147,-22.3741,194.7375,568.8202,100.0,102.3443,85.2869,-3.3561,5.3824,-0.0726,83.3333,85.2869,01LAH001
sp600_load100,47.1,response,600.0,100.0,622.6508,-22.5147,194.7453,568.8438,100.0,102.2677,85.2231,-3.3772,5.3373,-0.0703,83.3333,85.2231,01LAH001
sp600_load100,47.2,response,600.0,100.0,622.7823,-22.6508,194.753,568.8669,100.0,102.1917,85.1597,-3.3976,5.292,-0.068,83.3333,85.1597,01LAH001
sp600_load100,47.3,response,600.0,100.0,622.9093,-22.7823,194.7604,568.8896,100.0,102.116,85.0967,-3.4173,5.2465,-0.0658,83.3333,85.0967,01LAH001
sp600_load100,47.4,response,600.0,100.0,623.0317,-22.9093,194.7676,568.9118,100.0,102.0409,85.0341,-3.4364,5.2006,-0.0635,83.3333,85.0341,01LAH001
sp600_load100,47.5,response,600.0,100.0,623.1497,-23.0317,194.7745,568.9336,100.0,101.9663,84.9719,-3.4548,5.1546,-0.0612,83.3333,84.9719,01LAH001
sp600_load100,47.6,response,600.0,100.0,623.2632,-23.1497,194.7813,568.9549,100.0,101.8922,84.9102,-3.4725,5.1083,-0.059,83.3333,84.9102,01LAH001
sp600_load100,47.7,response,600.0,100.0,623.3724,-23.2632,194.7879,568.9758,100.0,101.8186,84.8488,-3.4895,5.0618,-0.0568,83.3333,84.8488,01LAH001
sp600_load100,47.8,response,600.0,100.0,623.4771,-23.3724,194.7942,568.9963,100.0,101.7455,84.7879,-3.5059,5.015,-0.0546,83.3333,84.7879,01LAH001
sp600_load100,47.9,response,600.0,100.0,623.5775,-23.4771,194.8004,569.0163,100.0,101.673,84.7275,-3.5216,4.9681,-0.0524,83.3333,84.7275,01LAH001
sp600_load100,48.0,response,600.0,100.0,623.6735,-23.5775,194.8064,569.036,100.0,101.6009,84.6674,-3.5366,4.9209,-0.0502,83.3333,84.6674,01LAH001
sp600_load100,48.1,response,600.0,100.0,623.7653,-23.6735,194.8122,569.0553,100.0,101.5294,84.6078,-3.551,4.8736,-0.048,83.3333,84.6078,01LAH001
sp600_load100,48.2,response,600.0,100.0,623.8528,-23.7653,194.8178,569.0742,100.0,101.4584,84.5487,-3.5648,4.826,-0.0459,83.3333,84.5487,01LAH001
sp600_load100,48.3,response,600.0,100.0,623.9361,-23.8528,194.8233,569.0927,100.0,101.388,84.49,-3.5779,4.7783,-0.0438,83.3333,84.49,01LAH001
sp600_load100,48.4,response,600.0,100.0,624.0152,-23.9361,194.8286,569.1108,100.0,101.3181,84.4317,-3.5904,4.7304,-0.0416,83.3333,84.4317,01LAH001
sp600_load100,48.5,response,600.0,100.0,624.0901,-24.0152,194.8337,569.1286,100.0,101.2487,84.3739,-3.6023,4.6824,-0.0395,83.3333,84.3739,01LAH001
sp600_load100,48.6,response,600.0,100.0,624.1609,-24.0901,194.8387,569.1461,100.0,101.1799,84.3166,-3.6135,4.6342,-0.0375,83.3333,84.3166,01LAH001
sp600_load100,48.7,response,600.0,100.0,624.2276,-24.1609,194.8436,569.1631,100.0,101.1117,84.2597,-3.6241,4.5859,-0.0354,83.3333,84.2597,01LAH001
sp600_load100,48.8,response,600.0,100.0,624.2902,-24.2276,194.8483,569.1799,100.0,101.044,84.2033,-3.6341,4.5375,-0.0334,83.3333,84.2033,01LAH001
sp600_load100,48.9,response,600.0,100.0,624.3488,-24.2902,194.8528,569.1963,100.0,100.9768,84.1474,-3.6435,4.4889,-0.0313,83.3333,84.1474,01LAH001
sp600_load100,49.0,response,600.0,100.0,624.4034,-24.3488,194.8572,569.2124,100.0,100.9103,84.0919,-3.6523,4.4402,-0.0293,83.3333,84.0919,01LAH001
sp600_load100,49.1,response,600.0,100.0,624.4541,-24.4034,194.8615,569.2281,100.0,100.8443,84.0369,-3.6605,4.3914,-0.0273,83.3333,84.0369,01LAH001
sp600_load100,49.2,response,600.0,100.0,624.5008,-24.4541,194.8657,569.2435,100.0,100.7788,83.9824,-3.6681,4.3425,-0.0253,83.3333,83.9824,01LAH001
sp600_load100,49.3,response,600.0,100.0,624.5437,-24.5008,194.8697,569.2587,100.0,100.714,83.9283,-3.6751,4.2935,-0.0234,83.3333,83.9283,01LAH001
sp600_load100,49.4,response,600.0,100.0,624.5827,-24.5437,194.8736,569.2735,100.0,100.6497,83.8747,-3.6816,4.2444,-0.0214,83.3333,83.8747,01LAH001
sp600_load100,49.5,response,600.0,100.0,624.6178,-24.5827,194.8774,569.288,100.0,100.586,83.8217,-3.6874,4.1952,-0.0195,83.3333,83.8217,01LAH001
sp600_load100,49.6,response,600.0,100.0,624.6492,-24.6178,194.8811,569.3023,100.0,100.5229,83.7691,-3.6927,4.146,-0.0176,83.3333,83.7691,01LAH001
sp600_load100,49.7,response,600.0,100.0,624.6768,-24.6492,194.8846,569.3162,100.0,100.4603,83.7169,-3.6974,4.0967,-0.0157,83.3333,83.7169,01LAH001
sp600_load100,49.8,response,600.0,100.0,624.7007,-24.6768,194.8881,569.3299,100.0,100.3984,83.6653,-3.7015,4.0473,-0.0138,83.3333,83.6653,01LAH001
sp600_load100,49.9,response,600.0,100.0,624.7209,-24.7007,194.8915,569.3433,100.0,100.337,83.6142,-3.7051,3.9979,-0.012,83.3333,83.6142,01LAH001
sp600_load100,50.0,response,600.0,100.0,624.7375,-24.7209,194.8947,569.3564,100.0,100.2763,83.5636,-3.7081,3.9485,-0.0101,83.3333,83.5636,01LAH001
sp600_load100,50.1,response,600.0,100.0,624.7505,-24.7375,194.8979,569.3693,100.0,100.2161,83.5134,-3.7106,3.899,-0.0083,83.3333,83.5134,01LAH001
sp600_load100,50.2,response,600.0,100.0,624.7599,-24.7505,194.9009,569.3819,100.0,100.1565,83.4638,-3.7126,3.8495,-0.0065,83.3333,83.4638,01LAH001
sp600_load100,50.3,response,600.0,100.0,624.7657,-24.7599,194.9039,569.3943,100.0,100.0976,83.4146,-3.714,3.8,-0.0047,83.3333,83.4146,01LAH001
sp600_load100,50.4,response,600.0,100.0,624.7681,-24.7657,194.9068,569.4064,100.0,100.0392,83.366,-3.7149,3.7505,-0.0029,83.3333,83.366,01LAH001
sp600_load100,50.5,response,600.0,100.0,624.767,-24.7681,194.9096,569.4183,100.0,99.9814,83.3179,-3.7152,3.7009,-0.0012,83.3333,83.3179,01LAH001
sp600_load100,50.6,response,600.0,100.0,624.7624,-24.767,194.9123,569.4299,100.0,99.9243,83.2702,-3.715,3.6514,0.0006,83.3333,83.2702,01LAH001
sp600_load100,50.7,response,600.0,100.0,624.7545,-24.7624,194.9149,569.4413,100.0,99.8677,83.2231,-3.7144,3.6019,0.0023,83.3333,83.2231,01LAH001
sp600_load100,50.8,response,600.0,100.0,624.7432,-24.7545,194.9175,569.4525,100.0,99.8118,83.1765,-3.7132,3.5524,0.004,83.3333,83.1765,01LAH001
sp600_load100,50.9,response,600.0,100.0,624.7286,-24.7432,194.92,569.4634,100.0,99.7564,83.1304,-3.7115,3.5029,0.0056,83.3333,83.1304,01LAH001
sp600_load100,51.0,response,600.0,100.0,624.7107,-24.7286,194.9224,569.4742,100.0,99.7017,83.0848,-3.7093,3.4534,0.0073,83.3333,83.0848,01LAH001
sp600_load100,51.1,response,600.0,100.0,624.6895,-24.7107,194.9247,569.4847,100.0,99.6476,83.0397,-3.7066,3.404,0.0089,83.3333,83.0397,01LAH001
sp600_load100,51.2,response,600.0,100.0,624.6652,-24.6895,194.927,569.495,100.0,99.5941,82.9951,-3.7034,3.3546,0.0106,83.3333,82.9951,01LAH001
sp600_load100,51.3,response,600.0,100.0,624.6377,-24.6652,194.9291,569.5051,100.0,99.5412,82.951,-3.6998,3.3053,0.0122,83.3333,82.951,01LAH001
sp600_load100,51.4,response,600.0,100.0,624.607,-24.6377,194.9313,569.515,100.0,99.4889,82.9075,-3.6956,3.256,0.0138,83.3333,82.9075,01LAH001
sp600_load100,51.5,response,600.0,100.0,624.5732,-24.607,194.9333,569.5247,100.0,99.4373,82.8644,-3.691,3.2068,0.0153,83.3333,82.8644,01LAH001
sp600_load100,51.6,response,600.0,100.0,624.5364,-24.5732,194.9353,569.5342,100.0,99.3862,82.8219,-3.686,3.1576,0.0169,83.3333,82.8219,01LAH001
sp600_load100,51.7,response,600.0,100.0,624.4966,-24.5364,194.9373,569.5435,100.0,99.3358,82.7799,-3.6805,3.1086,0.0184,83.3333,82.7799,01LAH001
sp600_load100,51.8,response,600.0,100.0,624.4537,-24.4966,194.9392,569.5526,100.0,99.286,82.7384,-3.6745,3.0596,0.0199,83.3333,82.7384,01LAH001
sp600_load100,51.9,response,600.0,100.0,624.4079,-24.4537,194.941,569.5616,100.0,99.2368,82.6974,-3.6681,3.0107,0.0214,83.3333,82.6974,01LAH001
sp600_load100,52.0,response,600.0,100.0,624.3592,-24.4079,194.9427,569.5704,100.0,99.1883,82.6569,-3.6612,2.9619,0.0229,83.3333,82.6569,01LAH001
sp600_load100,52.1,response,600.0,100.0,624.3076,-24.3592,194.9445,569.5789,100.0,99.1403,82.6169,-3.6539,2.9131,0.0244,83.3333,82.6169,01LAH001
sp600_load100,52.2,response,600.0,100.0,624.2532,-24.3076,194.9461,569.5874,100.0,99.093,82.5775,-3.6461,2.8645,0.0258,83.3333,82.5775,01LAH001
sp600_load100,52.3,response,600.0,100.0,624.196,-24.2532,194.9477,569.5956,100.0,99.0463,82.5386,-3.638,2.816,0.0272,83.3333,82.5386,01LAH001
sp600_load100,52.4,response,600.0,100.0,624.136,-24.196,194.9493,569.6037,100.0,99.0002,82.5002,-3.6294,2.7676,0.0286,83.3333,82.5002,01LAH001
sp600_load100,52.5,response,600.0,100.0,624.0733,-24.136,194.9508,569.6116,100.0,98.9547,82.4623,-3.6204,2.7193,0.03,83.3333,82.4623,01LAH001
sp600_load100,52.6,response,600.0,100.0,624.0079,-24.0733,194.9523,569.6194,100.0,98.9099,82.4249,-3.611,2.6712,0.0314,83.3333,82.4249,01LAH001
sp600_load100,52.7,response,600.0,100.0,623.9398,-24.0079,194.9537,569.627,100.0,98.8656,82.388,-3.6012,2.6232,0.0327,83.3333,82.388,01LAH001
sp600_load100,52.8,response,600.0,100.0,623.8691,-23.9398,194.9551,569.6345,100.0,98.822,82.3517,-3.591,2.5753,0.034,83.3333,82.3517,01LAH001
sp600_load100,52.9,response,600.0,100.0,623.7959,-23.8691,194.9565,569.6418,100.0,98.779,82.3159,-3.5804,2.5276,0.0353,83.3333,82.3159,01LAH001
sp600_load100,53.0,response,600.0,100.0,623.7201,-23.7959,194.9578,569.6489,100.0,98.7367,82.2806,-3.5694,2.48,0.0366,83.3333,82.2806,01LAH001
sp600_load100,53.1,response,600.0,100.0,623.6418,-23.7201,194.959,569.656,100.0,98.6949,82.2458,-3.558,2.4325,0.0379,83.3333,82.2458,01LAH001
sp600_load100,53.2,response,600.0,100.0,623.561,-23.6418,194.9603,569.6628,100.0,98.6538,82.2115,-3.5463,2.3853,0.0392,83.3333,82.2115,01LAH001
sp600_load100,53.3,response,600.0,100.0,623.4778,-23.561,194.9615,569.6696,100.0,98.6132,82.1777,-3.5342,2.3381,0.0404,83.3333,82.1777,01LAH001
sp600_load100,53.4,response,600.0,100.0,623.3922,-23.4778,194.9626,569.6762,100.0,98.5733,82.1444,-3.5217,2.2912,0.0416,83.3333,82.1444,01LAH001
sp600_load100,53.5,response,600.0,100.0,623.3042,-23.3922,194.9637,569.6827,100.0,98.534,82.1117,-3.5088,2.2444,0.0428,83.3333,82.1117,01LAH001
sp600_load100,53.6,response,600.0,100.0,623.214,-23.3042,194.9648,569.689,100.0,98.4953,82.0795,-3.4956,2.1978,0.044,83.3333,82.0795,01LAH001
sp600_load100,53.7,response,600.0,100.0,623.1214,-23.214,194.9659,569.6952,100.0,98.4573,82.0477,-3.4821,2.1514,0.0451,83.3333,82.0477,01LAH001
sp600_load100,53.8,response,600.0,100.0,623.0266,-23.1214,194.9669,569.7013,100.0,98.4198,82.0165,-3.4682,2.1051,0.0463,83.3333,82.0165,01LAH001
sp600_load100,53.9,response,600.0,100.0,622.9296,-23.0266,194.9679,569.7073,100.0,98.383,81.9858,-3.454,2.0591,0.0474,83.3333,81.9858,01LAH001
sp600_load100,54.0,response,600.0,100.0,622.8304,-22.9296,194.9689,569.7132,100.0,98.3467,81.9556,-3.4394,2.0132,0.0485,83.3333,81.9556,01LAH001
sp600_load100,54.1,response,600.0,100.0,622.729,-22.8304,194.9698,569.7189,100.0,98.3111,81.9259,-3.4246,1.9675,0.0496,83.3333,81.9259,01LAH001
sp600_load100,54.2,response,600.0,100.0,622.6256,-22.729,194.9707,569.7245,100.0,98.2761,81.8967,-3.4094,1.9221,0.0507,83.3333,81.8967,01LAH001
sp600_load100,54.3,response,600.0,100.0,622.5201,-22.6256,194.9716,569.73,100.0,98.2416,81.868,-3.3938,1.8768,0.0517,83.3333,81.868,01LAH001
sp600_load100,54.4,response,600.0,100.0,622.4126,-22.5201,194.9724,569.7354,100.0,98.2078,81.8399,-3.378,1.8318,0.0528,83.3333,81.8399,01LAH001
sp600_load100,54.5,response,600.0,100.0,622.3031,-22.4126,194.9733,569.7407,100.0,98.1746,81.8122,-3.3619,1.787,0.0538,83.3333,81.8122,01LAH001
sp600_load100,54.6,response,600.0,100.0,622.1916,-22.3031,194.9741,569.7459,100.0,98.142,81.785,-3.3455,1.7424,0.0548,83.3333,81.785,01LAH001
sp600_load100,54.7,response,600.0,100.0,622.0782,-22.1916,194.9748,569.751,100.0,98.11,81.7583,-3.3287,1.698,0.0557,83.3333,81.7583,01LAH001
sp600_load100,54.8,response,600.0,100.0,621.9629,-22.0782,194.9756,569.756,100.0,98.0786,81.7321,-3.3117,1.6538,0.0567,83.3333,81.7321,01LAH001
sp600_load100,54.9,response,600.0,100.0,621.8457,-21.9629,194.9763,569.7608,100.0,98.0477,81.7064,-3.2944,1.6099,0.0576,83.3333,81.7064,01LAH001
sp600_load100,55.0,response,600.0,100.0,621.7268,-21.8457,194.977,569.7656,100.0,98.0175,81.6812,-3.2769,1.5662,0.0586,83.3333,81.6812,01LAH001
sp600_load100,55.1,response,600.0,100.0,621.6061,-21.7268,194.9777,569.7703,100.0,97.9878,81.6565,-3.259,1.5227,0.0595,83.3333,81.6565,01LAH001
sp600_load100,55.2,response,600.0,100.0,621.4836,-21.6061,194.9784,569.7749,100.0,97.9588,81.6323,-3.2409,1.4795,0.0604,83.3333,81.6323,01LAH001
sp600_load100,55.3,response,600.0,100.0,621.3594,-21.4836,194.979,569.7794,100.0,97.9303,81.6086,-3.2225,1.4366,0.0612,83.3333,81.6086,01LAH001
sp600_load100,55.4,response,600.0,100.0,621.2336,-21.3594,194.9797,569.7838,100.0,97.9024,81.5854,-3.2039,1.3938,0.0621,83.3333,81.5854,01LAH001
sp600_load100,55.5,response,600.0,100.0,621.1061,-21.2336,194.9803,569.7882,100.0,97.8751,81.5626,-3.185,1.3514,0.0629,83.3333,81.5626,01LAH001
sp600_load100,55.6,response,600.0,100.0,620.977,-21.1061,194.9809,569.7924,100.0,97.8484,81.5403,-3.1659,1.3092,0.0637,83.3333,81.5403,01LAH001
sp600_load100,55.7,response,600.0,100.0,620.8463,-20.977,194.9814,569.7965,100.0,97.8223,81.5186,-3.1465,1.2672,0.0645,83.3333,81.5186,01LAH001
sp600_load100,55.8,response,600.0,100.0,620.7141,-20.8463,194.982,569.8006,100.0,97.7967,81.4972,-3.1269,1.2255,0.0653,83.3333,81.4972,01LAH001
sp600_load100,55.9,response,600.0,100.0,620.5804,-20.7141,194.9825,569.8046,100.0,97.7717,81.4764,-3.1071,1.1841,0.0661,83.3333,81.4764,01LAH001
sp600_load100,56.0,response,600.0,100.0,620.4452,-20.5804,194.9831,569.8085,100.0,97.7473,81.4561,-3.0871,1.1429,0.0668,83.3333,81.4561,01LAH001
sp600_load100,56.1,response,600.0,100.0,620.3086,-20.4452,194.9836,569.8123,100.0,97.7234,81.4362,-3.0668,1.102,0.0676,83.3333,81.4362,01LAH001
sp600_load100,56.2,response,600.0,100.0,620.1707,-20.3086,194.9841,569.8161,100.0,97.7001,81.4168,-3.0463,1.0614,0.0683,83.3333,81.4168,01LAH001
sp600_load100,56.3,response,600.0,100.0,620.0313,-20.1707,194.9845,569.8198,100.0,97.6774,81.3978,-3.0256,1.0211,0.069,83.3333,81.3978,01LAH001
sp600_load100,56.4,response,600.0,100.0,619.8906,-20.0313,194.985,569.8234,100.0,97.6552,81.3793,-3.0047,0.981,0.0697,83.3333,81.3793,01LAH001
sp600_load100,56.5,response,600.0,100.0,619.7486,-19.8906,194.9855,569.8269,100.0,97.6336,81.3613,-2.9836,0.9412,0.0703,83.3333,81.3613,01LAH001
sp600_load100,56.6,response,600.0,100.0,619.6054,-19.7486,194.9859,569.8304,100.0,97.6125,81.3438,-2.9623,0.9017,0.071,83.3333,81.3438,01LAH001
sp600_load100,56.7,response,600.0,100.0,619.4609,-19.6054,194.9863,569.8338,100.0,97.592,81.3267,-2.9408,0.8625,0.0716,83.3333,81.3267,01LAH001
sp600_load100,56.8,response,600.0,100.0,619.3152,-19.4609,194.9867,569.8371,100.0,97.5721,81.31,-2.9191,0.8236,0.0722,83.3333,81.31,01LAH001
sp600_load100,56.9,response,600.0,100.0,619.1684,-19.3152,194.9871,569.8403,100.0,97.5526,81.2939,-2.8973,0.785,0.0728,83.3333,81.2939,01LAH001
sp600_load100,57.0,response,600.0,100.0,619.0204,-19.1684,194.9875,569.8435,100.0,97.5338,81.2781,-2.8753,0.7466,0.0734,83.3333,81.2781,01LAH001
sp600_load100,57.1,response,600.0,100.0,618.8713,-19.0204,194.9879,569.8467,100.0,97.5154,81.2629,-2.8531,0.7086,0.074,83.3333,81.2629,01LAH001
sp600_load100,57.2,response,600.0,100.0,618.7212,-18.8713,194.9883,569.8497,100.0,97.4976,81.248,-2.8307,0.6709,0.0745,83.3333,81.248,01LAH001
sp600_load100,57.3,response,600.0,100.0,618.57,-18.7212,194.9886,569.8527,100.0,97.4804,81.2336,-2.8082,0.6334,0.0751,83.3333,81.2336,01LAH001
sp600_load100,57.4,response,600.0,100.0,618.4178,-18.57,194.9889,569.8557,100.0,97.4636,81.2197,-2.7855,0.5963,0.0756,83.3333,81.2197,01LAH001
sp600_load100,57.5,response,600.0,100.0,618.2647,-18.4178,194.9893,569.8586,100.0,97.4474,81.2062,-2.7627,0.5594,0.0761,83.3333,81.2062,01LAH001
sp600_load100,57.6,response,600.0,100.0,618.1106,-18.2647,194.9896,569.8614,100.0,97.4317,81.1931,-2.7397,0.5229,0.0766,83.3333,81.1931,01LAH001
sp600_load100,57.7,response,600.0,100.0,617.9556,-18.1106,194.9899,569.8642,100.0,97.4166,81.1805,-2.7166,0.4867,0.077,83.3333,81.1805,01LAH001
sp600_load100,57.8,response,600.0,100.0,617.7997,-17.9556,194.9902,569.8669,100.0,97.4019,81.1683,-2.6933,0.4508,0.0775,83.3333,81.1683,01LAH001
sp600_load100,57.9,response,600.0,100.0,617.643,-17.7997,194.9905,569.8695,100.0,97.3878,81.1565,-2.67,0.4152,0.0779,83.3333,81.1565,01LAH001
sp600_load100,58.0,response,600.0,100.0,617.4854,-17.643,194.9908,569.8722,100.0,97.3742,81.1452,-2.6464,0.3799,0.0784,83.3333,81.1452,01LAH001
sp600_load100,58.1,response,600.0,100.0,617.3271,-17.4854,194.9911,569.8747,100.0,97.3611,81.1342,-2.6228,0.3449,0.0788,83.3333,81.1342,01LAH001
sp600_load100,58.2,response,600.0,100.0,617.168,-17.3271,194.9913,569.8772,100.0,97.3485,81.1237,-2.5991,0.3103,0.0792,83.3333,81.1237,01LAH001
sp600_load100,58.3,response,600.0,100.0,617.0082,-17.168,194.9916,569.8797,100.0,97.3363,81.1136,-2.5752,0.2759,0.0795,83.3333,81.1136,01LAH001
sp600_load100,58.4,response,600.0,100.0,616.8476,-17.0082,194.9918,569.8821,100.0,97.3247,81.1039,-2.5512,0.2419,0.0799,83.3333,81.1039,01LAH001
sp600_load100,58.5,response,600.0,100.0,616.6865,-16.8476,194.9921,569.8844,100.0,97.3136,81.0947,-2.5271,0.2082,0.0803,83.3333,81.0947,01LAH001
sp600_load100,58.6,response,600.0,100.0,616.5246,-16.6865,194.9923,569.8868,100.0,97.303,81.0858,-2.503,0.1749,0.0806,83.3333,81.0858,01LAH001
sp600_load100,58.7,response,600.0,100.0,616.3622,-16.5246,194.9926,569.889,100.0,97.2928,81.0773,-2.4787,0.1418,0.0809,83.3333,81.0773,01LAH001
sp600_load100,58.8,response,600.0,100.0,616.1992,-16.3622,194.9928,569.8912,100.0,97.2832,81.0693,-2.4543,0.1091,0.0812,83.3333,81.0693,01LAH001
sp600_load100,58.9,response,600.0,100.0,616.0356,-16.1992,194.993,569.8934,100.0,97.274,81.0616,-2.4299,0.0767,0.0815,83.3333,81.0616,01LAH001
sp600_load100,59.0,response,600.0,100.0,615.8716,-16.0356,194.9932,569.8955,100.0,97.2653,81.0544,-2.4053,0.0446,0.0818,83.3333,81.0544,01LAH001
sp600_load100,59.1,response,600.0,100.0,615.707,-15.8716,194.9934,569.8976,100.0,97.257,81.0475,-2.3807,0.0129,0.082,83.3333,81.0475,01LAH001
sp600_load100,59.2,response,600.0,100.0,615.5419,-15.707,194.9936,569.8997,100.0,97.2492,81.041,-2.356,-0.0185,0.0823,83.3333,81.041,01LAH001
sp600_load100,59.3,response,600.0,100.0,615.3764,-15.5419,194.9938,569.9017,100.0,97.2419,81.0349,-2.3313,-0.0496,0.0825,83.3333,81.0349,01LAH001
sp600_load100,59.4,response,600.0,100.0,615.2105,-15.3764,194.994,569.9037,100.0,97.2351,81.0292,-2.3065,-0.0804,0.0827,83.3333,81.0292,01LAH001
sp600_load100,59.5,response,600.0,100.0,615.0443,-15.2105,194.9942,569.9056,100.0,97.2287,81.0239,-2.2816,-0.1108,0.0829,83.3333,81.0239,01LAH001
sp600_load100,59.6,response,600.0,100.0,614.8776,-15.0443,194.9943,569.9075,100.0,97.2227,81.0189,-2.2566,-0.1409,0.0831,83.3333,81.0189,01LAH001
sp600_load100,59.7,response,600.0,100.0,614.7107,-14.8776,194.9945,569.9093,100.0,97.2172,81.0144,-2.2316,-0.1707,0.0833,83.3333,81.0144,01LAH001
sp600_load100,59.8,response,600.0,100.0,614.5434,-14.7107,194.9947,569.9111,100.0,97.2122,81.0101,-2.2066,-0.2001,0.0835,83.3333,81.0101,01LAH001
sp600_load100,59.9,response,600.0,100.0,614.3758,-14.5434,194.9948,569.9129,100.0,97.2076,81.0063,-2.1815,-0.2292,0.0836,83.3333,81.0063,01LAH001
sp600_load100,60.0,response,600.0,100.0,614.2081,-14.3758,194.995,569.9147,100.0,97.2034,81.0028,-2.1564,-0.2579,0.0838,83.3333,81.0028,01LAH001
